District,gnn_embed_0,gnn_embed_1,gnn_embed_2,gnn_embed_3,gnn_embed_4,gnn_embed_5,gnn_embed_6,gnn_embed_7,gnn_embed_8,gnn_embed_9,gnn_embed_10,gnn_embed_11,gnn_embed_12,gnn_embed_13,gnn_embed_14,gnn_embed_15,gnn_embed_16,gnn_embed_17,gnn_embed_18,gnn_embed_19,gnn_embed_20,gnn_embed_21,gnn_embed_22,gnn_embed_23,gnn_embed_24,gnn_embed_25,gnn_embed_26,gnn_embed_27,gnn_embed_28,gnn_embed_29,gnn_embed_30,gnn_embed_31,gnn_embed_32,gnn_embed_33,gnn_embed_34,gnn_embed_35,gnn_embed_36,gnn_embed_37,gnn_embed_38,gnn_embed_39,gnn_embed_40,gnn_embed_41,gnn_embed_42,gnn_embed_43,gnn_embed_44,gnn_embed_45,gnn_embed_46,gnn_embed_47,gnn_embed_48,gnn_embed_49,gnn_embed_50,gnn_embed_51,gnn_embed_52,gnn_embed_53,gnn_embed_54,gnn_embed_55,gnn_embed_56,gnn_embed_57,gnn_embed_58,gnn_embed_59,gnn_embed_60,gnn_embed_61,gnn_embed_62,gnn_embed_63
Nicobarislands,0.0,46.23492,0.0,0.0,0.0,272.33755,9.477152,285.15045,380.05255,0.0,0.0,81.95026,0.0,0.0,65.49575,0.0,228.32042,0.0,0.0,293.25757,238.7433,0.0,314.84082,0.0,0.0,440.67432,0.0,66.701065,0.0,0.0,1.2596836,0.0,126.20727,0.0,0.0,0.0,0.0,0.0,0.0,239.60178,0.0,0.0,0.0,0.0,216.68147,0.0,192.24156,0.0,0.0,0.0,0.0,0.0,0.0,224.25891,0.0,0.0,0.0,90.87566,294.7082,0.0,0.0,0.0,340.91016,338.4124
Northandmiddleandaman,0.0,40.813663,0.0,0.0,0.0,235.80579,7.9782434,246.45134,326.5408,0.0,0.0,67.431946,0.0,0.0,56.68107,0.0,196.6377,0.0,0.0,251.44073,203.50594,0.0,269.6507,0.0,0.0,373.5753,0.0,55.051727,0.0,0.0,3.5806882,0.0,106.228905,0.0,0.0,0.0,0.0,0.0,0.0,204.96785,0.0,0.0,0.0,0.0,184.10324,0.0,162.58778,0.0,0.0,0.0,0.0,0.0,0.0,188.16238,0.0,0.0,0.0,78.48909,252.61633,0.0,0.0,0.0,289.56268,288.42456
Southandaman,0.0,46.25954,0.0,0.0,0.0,272.43604,9.479662,285.28754,380.04944,0.0,0.0,81.70492,0.0,0.0,65.57596,0.0,228.24579,0.0,0.0,293.29596,238.57532,0.0,314.86063,0.0,0.0,440.17703,0.0,66.431114,0.0,0.0,1.5385528,0.0,126.1227,0.0,0.0,0.0,0.0,0.0,0.0,239.53865,0.0,0.0,0.0,0.0,216.4454,0.0,192.06087,0.0,0.0,0.0,0.0,0.0,0.0,223.92403,0.0,0.0,0.0,90.93175,294.8158,0.0,0.0,0.0,340.65283,338.09384
Anantapur,0.0,13.402458,0.0,0.0,0.0,367.05164,0.0,79.70476,78.12236,0.0,0.0,0.0,0.0,0.0,329.8337,0.0,0.0,30.76817,0.0,307.44064,0.0,0.0,64.15457,0.0,0.0,198.16148,0.0,62.935074,0.0,206.55588,245.30008,0.0,0.0,0.0,0.0,0.0,0.0,0.0,0.0,64.11449,0.0,0.0,0.0,0.0,60.364197,0.0,260.5105,0.0,0.0,0.0,0.0,0.0,0.0,282.25494,0.0,0.0,0.0,424.37714,65.16698,0.0,0.0,111.877975,432.2696,143.43759
Chittoor,0.0,44.336647,0.0,0.0,0.0,556.7782,0.0,294.76434,375.85028,0.0,0.0,67.97153,0.0,0.0,363.6754,0.0,127.857056,36.61077,0.0,526.4099,88.69638,0.0,315.15625,0.0,0.0,563.645,0.0,123.16457,0.0,201.76161,220.4108,0.0,0.0,0.0,0.0,0.0,0.0,0.0,0.0,256.52405,0.0,0.0,0.0,0.0,239.84618,0.0,412.98334,0.0,0.0,0.0,0.0,0.0,0.0,468.2232,0.0,0.0,0.0,475.53644,300.6058,0.0,0.0,0.0,697.7495,417.5224
Eastgodavari,0.0,20.307396,0.0,0.0,0.0,435.1107,0.0,122.15091,135.736,0.0,0.0,8.570198,0.0,0.0,370.02582,0.0,0.0,40.421387,0.0,377.30145,0.0,0.0,113.3286,0.0,0.0,284.73627,0.0,82.578674,0.0,230.8748,264.6243,0.0,0.0,0.0,0.0,0.0,0.0,0.0,0.0,101.27161,0.0,0.0,0.0,0.0,99.48018,0.0,316.86505,0.0,0.0,0.0,0.0,0.0,0.0,349.99207,0.0,0.0,0.0,478.74805,108.51465,0.0,0.0,97.158066,525.2136,205.63867
Guntur,0.0,15.044569,0.0,0.0,0.0,358.7979,0.0,104.76874,114.07649,0.0,0.0,0.0,0.0,0.0,300.58878,0.0,0.0,25.829975,0.0,305.79742,0.0,0.0,96.08038,0.0,0.0,226.49007,0.0,62.20704,0.0,181.9026,217.0898,0.0,0.0,0.0,0.0,0.0,0.0,0.0,0.0,87.65507,0.0,0.0,0.0,0.0,76.81745,0.0,251.82379,0.0,0.0,0.0,0.0,0.0,0.0,272.9775,0.0,0.0,0.0,387.71616,99.8689,0.0,0.0,78.13135,423.64688,167.22617
Krishna,0.0,15.664448,0.0,0.0,0.0,355.69623,0.0,98.54152,108.74458,0.0,0.0,0.0,0.0,0.0,299.02344,0.0,0.0,25.209923,0.0,300.87146,0.0,0.0,89.2943,0.0,0.0,223.64627,0.0,63.18605,0.0,183.58092,215.21127,0.0,0.0,0.0,0.0,0.0,0.0,0.0,0.0,84.18689,0.0,0.0,0.0,0.0,76.77842,0.0,250.92088,0.0,0.0,0.0,0.0,0.0,0.0,272.35043,0.0,0.0,0.0,388.066,91.55786,0.0,0.0,81.67958,420.75366,165.93863
Kurnool,0.0,16.284098,0.0,0.0,0.0,353.59708,0.0,102.26375,114.13873,0.0,0.0,0.0,0.0,0.0,293.8291,0.0,0.0,22.908998,0.0,300.24155,0.0,0.0,93.01448,0.0,0.0,229.73593,0.0,64.08991,0.0,179.00313,210.22491,0.0,0.0,0.0,0.0,0.0,0.0,0.0,0.0,88.332886,0.0,0.0,0.0,0.0,80.79661,0.0,249.80759,0.0,0.0,0.0,0.0,0.0,0.0,270.8887,0.0,0.0,0.0,380.05045,94.906784,0.0,0.0,75.954666,419.414,171.17073
Nellore,0.0,11.70612,0.0,0.0,0.0,377.75436,0.0,52.28949,42.435547,0.0,0.0,0.0,0.0,0.0,361.9673,0.0,0.0,40.718002,0.0,310.54144,0.0,0.0,34.450287,0.0,0.0,177.82275,0.0,67.102806,0.0,236.4455,270.9377,0.0,0.0,0.0,0.0,0.0,0.0,0.0,0.0,42.97664,0.0,0.0,0.0,0.0,46.062714,0.0,273.48505,0.0,0.0,0.0,0.0,0.0,0.0,297.60553,0.0,0.0,0.0,466.86707,33.50766,0.0,0.0,150.08536,449.4259,125.07973
Prakasam,0.0,16.015324,0.0,0.0,0.0,357.2813,0.0,104.46573,112.964386,0.0,0.0,0.0,0.0,0.0,299.42725,0.0,0.0,24.161688,0.0,304.42276,0.0,0.0,93.61824,0.0,0.0,225.15552,0.0,62.2903,0.0,181.06546,217.02509,0.0,0.0,0.0,0.0,0.0,0.0,0.0,0.0,85.62955,0.0,0.0,0.0,0.0,77.36636,0.0,251.35092,0.0,0.0,0.0,0.0,0.0,0.0,272.5454,0.0,0.0,0.0,385.98358,95.57132,0.0,0.0,76.248215,420.92157,166.1441
Srikakulam,0.0,16.276558,0.0,0.0,0.0,371.16028,0.0,92.57732,99.78111,0.0,0.0,0.0,0.0,0.0,320.17917,0.0,0.0,27.34534,0.0,312.68066,0.0,0.0,79.03647,0.0,0.0,224.88692,0.0,68.4688,0.0,200.10895,232.94359,0.0,0.0,0.0,0.0,0.0,0.0,0.0,0.0,77.75731,0.0,0.0,0.0,0.0,76.88549,0.0,264.81183,0.0,0.0,0.0,0.0,0.0,0.0,288.55463,0.0,0.0,0.0,414.5026,77.27229,0.0,0.0,95.97453,440.7354,166.05362
Visakhapatnam,0.0,42.00464,0.0,0.0,0.0,563.08606,0.0,277.12265,350.82016,0.0,0.0,64.13493,0.0,0.0,384.62195,0.0,103.07486,42.077633,0.0,527.8019,61.14914,0.0,294.19183,0.0,0.0,544.3463,0.0,124.18172,0.0,220.25098,240.0729,0.0,0.0,0.0,0.0,0.0,0.0,0.0,0.0,240.36668,0.0,0.0,0.0,0.0,228.03146,0.0,419.1343,0.0,0.0,0.0,0.0,0.0,0.0,474.96295,0.0,0.0,0.0,501.79617,278.82074,0.0,0.0,0.0,705.4502,401.2754
Vizianagaram,0.0,11.1648445,0.0,0.0,0.0,389.80527,0.0,58.64525,45.453796,0.0,0.0,0.0,0.0,0.0,373.6884,0.0,0.0,41.36452,0.0,322.8755,0.0,0.0,37.36812,0.0,0.0,179.54842,0.0,67.076294,0.0,241.28693,282.98468,0.0,0.0,0.0,0.0,0.0,0.0,0.0,0.0,42.833176,0.0,0.0,0.0,0.0,46.65988,0.0,281.53336,0.0,0.0,0.0,0.0,0.0,0.0,306.45456,0.0,0.0,0.0,480.20447,35.87245,0.0,0.0,149.94356,460.13513,125.040634
Westgodavari,0.0,19.496094,0.0,0.0,0.0,386.31616,0.0,129.66084,149.66376,0.0,0.0,7.767418,0.0,0.0,309.38327,0.0,0.0,26.816643,0.0,336.40845,0.0,0.0,123.51843,0.0,0.0,274.80115,0.0,72.824234,0.0,185.88725,217.52075,0.0,0.0,0.0,0.0,0.0,0.0,0.0,0.0,109.075325,0.0,0.0,0.0,0.0,102.21067,0.0,275.5631,0.0,0.0,0.0,0.0,0.0,0.0,303.2126,0.0,0.0,0.0,400.94583,122.07802,0.0,0.0,60.889465,462.51526,203.49792
Y.S.R.,0.0,20.917606,0.0,0.0,0.0,407.62897,0.0,128.99582,147.42809,0.0,0.0,9.819931,0.0,0.0,334.13272,0.0,0.0,32.162777,0.0,355.39233,0.0,0.0,122.31717,0.0,0.0,284.4253,0.0,77.72948,0.0,203.92836,235.64325,0.0,0.0,0.0,0.0,0.0,0.0,0.0,0.0,108.97667,0.0,0.0,0.0,0.0,103.32819,0.0,294.5055,0.0,0.0,0.0,0.0,0.0,0.0,324.37506,0.0,0.0,0.0,431.96362,119.00856,0.0,0.0,73.331696,491.21246,208.1178
Anjaw,0.0,36.59172,0.0,0.0,0.0,595.65826,0.0,217.3996,263.808,0.0,0.0,48.811226,0.0,0.0,471.71738,0.0,12.286957,65.32985,0.0,543.8646,0.0,0.0,225.66678,0.0,0.0,479.8031,0.0,126.04048,0.0,291.62045,317.56168,0.0,0.0,0.0,0.0,0.0,0.0,0.0,0.0,185.76723,0.0,0.0,0.0,0.0,183.7618,0.0,450.1032,0.0,0.0,0.0,0.0,0.0,0.0,508.57983,0.0,0.0,0.0,611.8811,209.14192,0.0,0.0,70.251434,745.7947,343.247
Anjaw,0.0,34.983143,0.0,0.0,0.0,610.8653,0.0,197.79707,235.21472,0.0,0.0,43.038536,0.0,0.0,504.3967,0.0,0.0,73.35286,0.0,552.23914,0.0,0.0,202.89267,0.0,0.0,459.87286,0.0,127.0173,0.0,318.29785,346.3891,0.0,0.0,0.0,0.0,0.0,0.0,0.0,0.0,168.2206,0.0,0.0,0.0,0.0,169.10638,0.0,463.3133,0.0,0.0,0.0,0.0,0.0,0.0,522.3717,0.0,0.0,0.0,653.69086,186.08987,0.0,0.0,102.79077,763.92456,325.1881
Changlang,0.0,10.48954,0.0,0.0,0.0,400.7987,0.0,34.597855,13.060791,0.0,0.0,0.0,0.0,0.0,403.52518,0.0,0.0,48.74878,0.0,326.19965,0.0,0.0,10.157028,0.0,0.0,156.89345,0.0,68.53151,0.0,267.6679,308.93524,0.0,0.0,0.0,0.0,0.0,0.0,0.0,0.0,22.360031,0.0,0.0,0.0,0.0,31.544952,0.0,292.24738,0.0,0.0,0.0,0.0,0.0,0.0,318.12573,0.0,0.0,0.0,519.3838,7.4893036,0.0,0.0,184.00842,474.536,105.59769
Dibangvalley,0.0,32.36597,0.0,0.0,0.0,543.57605,0.0,203.79262,246.44403,0.0,0.0,39.894768,0.0,0.0,424.29486,0.0,18.254364,54.004383,0.0,493.37772,0.0,0.0,208.64761,0.0,0.0,437.56653,0.0,112.978775,0.0,259.42676,286.818,0.0,0.0,0.0,0.0,0.0,0.0,0.0,0.0,173.61282,0.0,0.0,0.0,0.0,168.84798,0.0,405.6927,0.0,0.0,0.0,0.0,0.0,0.0,456.25787,0.0,0.0,0.0,550.74567,196.4617,0.0,0.0,58.19574,674.5272,316.13806
Eastkameng,0.0,32.630928,0.0,0.0,0.0,566.7321,0.0,196.07898,232.93573,0.0,0.0,39.076035,0.0,0.0,456.51117,0.0,0.0,58.483196,0.0,510.97,0.0,0.0,197.1352,0.0,0.0,435.48898,0.0,117.17488,0.0,282.42285,312.8743,0.0,0.0,0.0,0.0,0.0,0.0,0.0,0.0,165.02275,0.0,0.0,0.0,0.0,164.68942,0.0,424.30237,0.0,0.0,0.0,0.0,0.0,0.0,477.21027,0.0,0.0,0.0,591.9142,182.44379,0.0,0.0,80.15918,702.02875,312.53244
Eastsiang,0.0,19.88189,0.0,0.0,0.0,458.69446,0.0,112.81998,121.54483,0.0,0.0,6.1402054,0.0,0.0,402.83682,0.0,0.0,48.100147,0.0,394.6593,0.0,0.0,101.96242,0.0,0.0,281.3808,0.0,86.44995,0.0,256.7174,291.79248,0.0,0.0,0.0,0.0,0.0,0.0,0.0,0.0,92.59392,0.0,0.0,0.0,0.0,93.555176,0.0,336.14795,0.0,0.0,0.0,0.0,0.0,0.0,371.0825,0.0,0.0,0.0,521.38544,96.33693,0.0,0.0,121.62822,554.7343,200.84721
Eastsiang,0.0,20.989895,0.0,0.0,0.0,472.9981,0.0,120.12056,130.82617,0.0,0.0,9.265282,0.0,0.0,412.9837,0.0,0.0,50.060177,0.0,408.983,0.0,0.0,109.77196,0.0,0.0,296.3714,0.0,90.16794,0.0,262.8647,298.06537,0.0,0.0,0.0,0.0,0.0,0.0,0.0,0.0,98.57587,0.0,0.0,0.0,0.0,100.10361,0.0,347.80252,0.0,0.0,0.0,0.0,0.0,0.0,384.91785,0.0,0.0,0.0,534.50916,102.98001,0.0,0.0,120.65584,573.57806,211.4008
Kurungkumey,0.0,27.386375,0.0,0.0,0.0,510.08615,0.0,165.4687,192.66052,0.0,0.0,26.31578,0.0,0.0,418.15082,0.0,0.0,50.02491,0.0,453.41937,0.0,0.0,161.88081,0.0,0.0,371.6254,0.0,102.36104,0.0,259.2783,291.45688,0.0,0.0,0.0,0.0,0.0,0.0,0.0,0.0,138.31761,0.0,0.0,0.0,0.0,137.68253,0.0,377.85626,0.0,0.0,0.0,0.0,0.0,0.0,422.12958,0.0,0.0,0.0,541.7907,151.30841,0.0,0.0,85.80919,625.51,267.64136
Lohit,0.0,36.09419,0.0,0.0,0.0,568.69727,0.0,233.37602,285.40973,0.0,0.0,49.74244,0.0,0.0,429.66095,0.0,41.328186,55.732586,0.0,523.0346,0.0,0.0,242.7153,0.0,0.0,484.4281,0.0,120.22916,0.0,259.01666,284.74252,0.0,0.0,0.0,0.0,0.0,0.0,0.0,0.0,198.5289,0.0,0.0,0.0,0.0,190.44936,0.0,425.44696,0.0,0.0,0.0,0.0,0.0,0.0,480.4196,0.0,0.0,0.0,558.08014,228.28964,0.0,0.0,36.897858,708.7063,350.2057
Lohit,0.0,32.6342,0.0,0.0,0.0,603.30237,0.0,188.81677,219.6094,0.0,0.0,37.762794,0.0,0.0,505.0891,0.0,0.0,73.88537,0.0,542.69244,0.0,0.0,190.45764,0.0,0.0,439.14066,0.0,123.04219,0.0,319.9308,350.964,0.0,0.0,0.0,0.0,0.0,0.0,0.0,0.0,157.64996,0.0,0.0,0.0,0.0,156.99881,0.0,455.68677,0.0,0.0,0.0,0.0,0.0,0.0,512.7617,0.0,0.0,0.0,654.07825,174.23007,0.0,0.0,110.95636,750.12744,308.70444
Longding,0.0,34.775597,0.0,0.0,0.0,583.17224,0.0,212.75027,256.301,0.0,0.0,49.251358,0.0,0.0,460.4775,0.0,10.170013,58.869495,0.0,529.81195,0.0,0.0,214.13046,0.0,0.0,466.071,0.0,124.37979,0.0,284.49768,313.32465,0.0,0.0,0.0,0.0,0.0,0.0,0.0,0.0,178.64615,0.0,0.0,0.0,0.0,181.92767,0.0,439.34464,0.0,0.0,0.0,0.0,0.0,0.0,495.8773,0.0,0.0,0.0,597.7372,195.51895,0.0,0.0,67.246216,725.2606,335.71155
Lowerdibangvalley,0.0,25.058641,0.0,0.0,0.0,500.86096,0.0,150.7735,173.22409,0.0,0.0,20.184158,0.0,0.0,419.6001,0.0,0.0,52.990856,0.0,442.08218,0.0,0.0,146.8085,0.0,0.0,349.20856,0.0,98.74434,0.0,263.4683,295.47824,0.0,0.0,0.0,0.0,0.0,0.0,0.0,0.0,126.544586,0.0,0.0,0.0,0.0,124.88931,0.0,370.8792,0.0,0.0,0.0,0.0,0.0,0.0,413.2459,0.0,0.0,0.0,543.50885,138.51007,0.0,0.0,99.32689,613.81396,250.01134
Lowerdibangvalley,0.0,26.62429,0.0,0.0,0.0,527.2321,0.0,154.91977,177.24515,0.0,0.0,23.448914,0.0,0.0,446.38324,0.0,0.0,59.551865,0.0,466.81833,0.0,0.0,151.5209,0.0,0.0,365.30698,0.0,104.69533,0.0,282.27206,314.5216,0.0,0.0,0.0,0.0,0.0,0.0,0.0,0.0,129.47488,0.0,0.0,0.0,0.0,129.04805,0.0,393.15674,0.0,0.0,0.0,0.0,0.0,0.0,439.20642,0.0,0.0,0.0,577.8619,140.9644,0.0,0.0,109.05228,648.8223,259.26358
Lowersubansiri,0.0,21.142279,0.0,0.0,0.0,459.8226,0.0,125.82222,139.66827,0.0,0.0,10.51815,0.0,0.0,393.72693,0.0,0.0,45.245487,0.0,399.07147,0.0,0.0,116.59346,0.0,0.0,299.05707,0.0,88.06072,0.0,247.68541,281.95602,0.0,0.0,0.0,0.0,0.0,0.0,0.0,0.0,104.02986,0.0,0.0,0.0,0.0,104.13373,0.0,336.6869,0.0,0.0,0.0,0.0,0.0,0.0,372.8047,0.0,0.0,0.0,509.83038,110.354614,0.0,0.0,106.40204,556.8051,215.08627
Namsai,0.0,13.43606,0.0,0.0,0.0,375.51187,0.0,66.77028,62.884308,0.0,0.0,0.0,0.0,0.0,346.43658,0.0,0.0,35.115894,0.0,310.24738,0.0,0.0,49.903183,0.0,0.0,190.45964,0.0,66.05,0.0,223.1555,259.13364,0.0,0.0,0.0,0.0,0.0,0.0,0.0,0.0,53.978867,0.0,0.0,0.0,0.0,55.160797,0.0,268.5683,0.0,0.0,0.0,0.0,0.0,0.0,291.49722,0.0,0.0,0.0,448.1367,48.899963,0.0,0.0,130.38501,444.49542,137.42557
Papumpare,0.0,19.631779,0.0,0.0,0.0,464.5166,0.0,109.11128,114.915436,0.0,0.0,6.0046616,0.0,0.0,413.5321,0.0,0.0,49.62342,0.0,399.55365,0.0,0.0,96.714935,0.0,0.0,278.18668,0.0,87.42648,0.0,263.69238,300.53476,0.0,0.0,0.0,0.0,0.0,0.0,0.0,0.0,88.27663,0.0,0.0,0.0,0.0,90.94177,0.0,341.1533,0.0,0.0,0.0,0.0,0.0,0.0,377.3426,0.0,0.0,0.0,534.56464,89.936325,0.0,0.0,129.58598,561.4878,197.27547
Tawang,0.0,36.86457,0.0,0.0,0.0,599.7971,0.0,220.23042,265.83197,0.0,0.0,49.259315,0.0,0.0,473.3714,0.0,13.2534485,61.811882,0.0,546.11926,0.0,0.0,225.04855,0.0,0.0,481.52924,0.0,126.49813,0.0,291.6079,320.3389,0.0,0.0,0.0,0.0,0.0,0.0,0.0,0.0,186.5703,0.0,0.0,0.0,0.0,185.51433,0.0,451.5492,0.0,0.0,0.0,0.0,0.0,0.0,509.11484,0.0,0.0,0.0,613.8735,207.30908,0.0,0.0,68.75604,747.51953,345.83826
Tirap,0.0,43.533546,0.0,0.0,0.0,566.19727,0.0,291.77722,372.1824,0.0,0.0,72.950584,0.0,0.0,375.35397,0.0,119.12546,39.160347,0.0,534.47974,81.97629,0.0,309.06134,0.0,0.0,567.118,0.0,128.50041,0.0,212.35413,230.53697,0.0,0.0,0.0,0.0,0.0,0.0,0.0,0.0,252.31528,0.0,0.0,0.0,0.0,242.89099,0.0,422.49954,0.0,0.0,0.0,0.0,0.0,0.0,480.97458,0.0,0.0,0.0,490.73367,290.80798,0.0,0.0,0.0,711.4344,420.00348
Uppersiang,0.0,21.686136,0.0,0.0,0.0,476.9856,0.0,123.02591,134.73474,0.0,0.0,10.74646,0.0,0.0,415.36084,0.0,0.0,50.94789,0.0,413.52036,0.0,0.0,113.484055,0.0,0.0,302.08203,0.0,91.32196,0.0,264.30142,299.03107,0.0,0.0,0.0,0.0,0.0,0.0,0.0,0.0,101.09166,0.0,0.0,0.0,0.0,102.29318,0.0,351.3,0.0,0.0,0.0,0.0,0.0,0.0,389.1618,0.0,0.0,0.0,537.6067,106.097916,0.0,0.0,119.32634,579.4006,215.1793
Uppersubansiri,0.0,22.582596,0.0,0.0,0.0,469.22443,0.0,136.09752,153.49521,0.0,0.0,14.755035,0.0,0.0,396.00772,0.0,0.0,45.46923,0.0,409.87772,0.0,0.0,127.979065,0.0,0.0,316.29916,0.0,91.241486,0.0,247.92378,281.62033,0.0,0.0,0.0,0.0,0.0,0.0,0.0,0.0,112.659836,0.0,0.0,0.0,0.0,112.79747,0.0,344.38937,0.0,0.0,0.0,0.0,0.0,0.0,382.23688,0.0,0.0,0.0,512.91943,120.56923,0.0,0.0,98.905304,569.822,227.97768
Westkameng,0.0,26.85492,0.0,0.0,0.0,565.9809,0.0,145.27367,159.40106,0.0,0.0,23.74147,0.0,0.0,498.2994,0.0,0.0,68.5991,0.0,498.2706,0.0,0.0,136.79965,0.0,0.0,367.12772,0.0,112.406715,0.0,319.5124,355.86966,0.0,0.0,0.0,0.0,0.0,0.0,0.0,0.0,118.41649,0.0,0.0,0.0,0.0,124.712875,0.0,425.60144,0.0,0.0,0.0,0.0,0.0,0.0,476.16522,0.0,0.0,0.0,643.5169,122.56613,0.0,0.0,142.21634,696.7855,256.55292
Westsiang,0.0,22.569925,0.0,0.0,0.0,478.86823,0.0,136.846,153.78186,0.0,0.0,14.75782,0.0,0.0,406.1972,0.0,0.0,48.01124,0.0,418.3446,0.0,0.0,128.67532,0.0,0.0,320.24768,0.0,93.008286,0.0,255.17201,289.47702,0.0,0.0,0.0,0.0,0.0,0.0,0.0,0.0,113.00986,0.0,0.0,0.0,0.0,113.57083,0.0,352.1676,0.0,0.0,0.0,0.0,0.0,0.0,390.98093,0.0,0.0,0.0,525.9363,121.26843,0.0,0.0,103.61052,582.1301,230.18112
Baksa,0.0,7.2523727,0.0,0.0,0.0,404.90894,0.0,24.923645,0.0,0.0,0.0,0.0,0.0,0.36160278,419.9337,0.0,0.0,53.536118,0.0,328.04425,0.0,0.0,0.0,0.0,0.0,135.40128,0.0,64.6758,0.0,278.82416,326.9169,0.0,0.0,0.0,0.0,0.0,0.0,0.0,0.0,10.753494,0.0,0.0,0.0,0.0,16.582458,0.0,293.60107,0.0,0.0,0.0,0.0,0.0,0.0,318.03754,0.0,0.0,0.0,538.16034,0.0,0.0,0.0,201.19118,475.38318,86.64775
Barpeta,0.0,36.47474,0.0,0.0,0.0,581.8695,0.0,223.90833,275.43216,0.0,0.0,51.48098,0.0,0.0,448.7311,0.0,29.11673,59.38619,0.0,532.3761,0.0,0.0,232.2262,0.0,0.0,486.89337,0.0,125.715546,0.0,275.8295,298.50806,0.0,0.0,0.0,0.0,0.0,0.0,0.0,0.0,193.67862,0.0,0.0,0.0,0.0,190.95184,0.0,438.8882,0.0,0.0,0.0,0.0,0.0,0.0,496.12915,0.0,0.0,0.0,583.30884,215.31479,0.0,0.0,53.985046,728.5208,351.48737
Bongaigaon,0.0,39.894714,0.0,0.0,0.0,581.8036,0.0,252.09569,314.22668,0.0,0.0,58.178604,0.0,0.0,425.4232,0.0,63.84909,50.911205,0.0,537.4318,16.258911,0.0,263.582,0.0,0.0,519.6394,0.0,126.42117,0.0,253.57442,276.2076,0.0,0.0,0.0,0.0,0.0,0.0,0.0,0.0,217.43335,0.0,0.0,0.0,0.0,211.53941,0.0,436.20508,0.0,0.0,0.0,0.0,0.0,0.0,492.97342,0.0,0.0,0.0,554.3269,246.80571,0.0,0.0,18.890533,727.4325,379.451
Cachar,0.0,16.143406,0.0,0.0,0.0,353.94757,0.0,102.05739,111.67795,0.0,0.0,0.0,0.0,0.0,296.1704,0.0,0.0,23.074863,0.0,300.9016,0.0,0.0,90.77989,0.0,0.0,224.53476,0.0,63.36753,0.0,180.16838,214.68532,0.0,0.0,0.0,0.0,0.0,0.0,0.0,0.0,84.51179,0.0,0.0,0.0,0.0,78.732635,0.0,249.63828,0.0,0.0,0.0,0.0,0.0,0.0,270.86713,0.0,0.0,0.0,381.9513,91.73137,0.0,0.0,76.18254,418.26215,166.71516
Chirang,0.0,10.646734,0.0,0.0,0.0,393.85516,0.0,53.96324,37.524414,0.0,0.0,0.0,0.0,0.0,381.3136,0.0,0.0,42.026867,0.0,323.04486,0.0,0.0,30.986923,0.0,0.0,170.7446,0.0,65.82372,0.0,247.7331,291.21744,0.0,0.0,0.0,0.0,0.0,0.0,0.0,0.0,37.255936,0.0,0.0,0.0,0.0,41.085754,0.0,283.0091,0.0,0.0,0.0,0.0,0.0,0.0,306.2827,0.0,0.0,0.0,490.9187,29.719833,0.0,0.0,157.93294,461.86563,118.46681
Darrang,0.0,10.233892,0.0,0.0,0.0,393.99542,0.0,48.14093,29.659698,0.0,0.0,0.0,0.0,0.0,387.99402,0.0,0.0,46.477615,0.0,323.89453,0.0,0.0,27.107132,0.0,0.0,165.52145,0.0,65.287506,0.0,252.74413,295.56668,0.0,0.0,0.0,0.0,0.0,0.0,0.0,0.0,33.829132,0.0,0.0,0.0,0.0,35.48108,0.0,284.38556,0.0,0.0,0.0,0.0,0.0,0.0,308.69382,0.0,0.0,0.0,497.8394,27.828888,0.0,0.0,166.51904,464.9903,112.36464
Dhemaji,0.0,40.43647,0.0,0.0,0.0,558.4781,0.0,275.8922,347.4723,0.0,0.0,60.978645,0.0,0.0,380.63562,0.0,101.246994,40.462723,0.0,521.6579,58.690033,0.0,290.84692,0.0,0.0,534.5418,0.0,121.500565,0.0,217.49261,240.02684,0.0,0.0,0.0,0.0,0.0,0.0,0.0,0.0,236.78957,0.0,0.0,0.0,0.0,224.31381,0.0,413.27063,0.0,0.0,0.0,0.0,0.0,0.0,467.29984,0.0,0.0,0.0,497.62003,276.29874,0.0,0.0,0.0,695.63745,395.1134
Dhubri,0.0,36.45433,0.0,0.0,0.0,597.8342,0.0,220.99187,266.89325,0.0,0.0,51.058662,0.0,0.0,470.72742,0.0,14.719879,61.950974,0.0,544.99036,0.0,0.0,224.95892,0.0,0.0,484.2553,0.0,127.66883,0.0,290.19846,317.298,0.0,0.0,0.0,0.0,0.0,0.0,0.0,0.0,187.22513,0.0,0.0,0.0,0.0,188.0956,0.0,451.557,0.0,0.0,0.0,0.0,0.0,0.0,510.26245,0.0,0.0,0.0,610.8347,206.60754,0.0,0.0,66.27103,745.6457,347.72485
Dibrugarh,0.0,9.820108,0.0,0.0,0.0,394.04208,0.0,32.13112,9.574646,0.0,0.0,0.0,0.0,0.0,396.65347,0.0,0.0,45.0155,0.0,317.4743,0.0,0.0,5.3715057,0.0,0.0,149.63722,0.0,67.115234,0.0,263.32092,305.28867,0.0,0.0,0.0,0.0,0.0,0.0,0.0,0.0,19.361237,0.0,0.0,0.0,0.0,30.000092,0.0,285.21967,0.0,0.0,0.0,0.0,0.0,0.0,309.22626,0.0,0.0,0.0,510.99207,2.6524048,0.0,0.0,182.754,463.32623,102.14644
Dimahasao,0.0,21.794443,0.0,0.0,0.0,439.9887,0.0,131.35175,148.49023,0.0,0.0,13.972412,0.0,0.0,368.8073,0.0,0.0,41.048565,0.0,384.9635,0.0,0.0,123.838715,0.0,0.0,300.46472,0.0,85.562546,0.0,229.47165,261.78275,0.0,0.0,0.0,0.0,0.0,0.0,0.0,0.0,109.21271,0.0,0.0,0.0,0.0,107.42276,0.0,322.2451,0.0,0.0,0.0,0.0,0.0,0.0,357.01324,0.0,0.0,0.0,476.51834,117.412125,0.0,0.0,88.3085,533.91925,216.80722
Goalpara,0.0,34.141026,0.0,0.0,0.0,614.4928,0.0,197.1262,229.06604,0.0,0.0,42.98236,0.0,0.0,511.30225,0.0,0.0,70.66031,0.0,554.29266,0.0,0.0,195.19968,0.0,0.0,450.97952,0.0,126.06543,0.0,321.30878,356.877,0.0,0.0,0.0,0.0,0.0,0.0,0.0,0.0,162.19662,0.0,0.0,0.0,0.0,165.07878,0.0,464.03754,0.0,0.0,0.0,0.0,0.0,0.0,522.6172,0.0,0.0,0.0,660.6282,176.16895,0.0,0.0,105.79144,762.37726,318.3272
Golaghat,0.0,10.795126,0.0,0.0,0.0,392.21112,0.0,51.223663,36.095642,0.0,0.0,0.0,0.0,0.0,380.78543,0.0,0.0,42.20813,0.0,322.1775,0.0,0.0,28.717972,0.0,0.0,170.5392,0.0,66.84816,0.0,248.29929,290.86176,0.0,0.0,0.0,0.0,0.0,0.0,0.0,0.0,36.517197,0.0,0.0,0.0,0.0,41.313965,0.0,282.60825,0.0,0.0,0.0,0.0,0.0,0.0,306.81052,0.0,0.0,0.0,490.08954,26.399673,0.0,0.0,159.80138,462.0364,118.53221
Hailakandi,0.0,12.377096,0.0,0.0,0.0,364.71173,0.0,71.03285,66.62883,0.0,0.0,0.0,0.0,0.0,333.08725,0.0,0.0,31.998394,0.0,301.6953,0.0,0.0,53.449585,0.0,0.0,187.9457,0.0,63.194477,0.0,211.85236,249.11375,0.0,0.0,0.0,0.0,0.0,0.0,0.0,0.0,56.435028,0.0,0.0,0.0,0.0,55.54223,0.0,259.27908,0.0,0.0,0.0,0.0,0.0,0.0,280.54327,0.0,0.0,0.0,429.929,54.095505,0.0,0.0,120.21973,428.86618,136.15605
Jorhat,0.0,14.139372,0.0,0.0,0.0,373.1364,0.0,77.58945,77.3642,0.0,0.0,0.0,0.0,0.0,335.5843,0.0,0.0,31.713333,0.0,311.54852,0.0,0.0,60.711456,0.0,0.0,203.85425,0.0,66.87592,0.0,212.90399,248.64627,0.0,0.0,0.0,0.0,0.0,0.0,0.0,0.0,63.009613,0.0,0.0,0.0,0.0,64.52534,0.0,267.18506,0.0,0.0,0.0,0.0,0.0,0.0,291.11908,0.0,0.0,0.0,433.647,59.396484,0.0,0.0,115.64229,441.5841,148.21902
Kamrup,0.0,28.879549,0.0,0.0,0.0,531.6848,0.0,168.94511,197.25125,0.0,0.0,29.546806,0.0,0.0,439.97183,0.0,0.0,57.32878,0.0,474.572,0.0,0.0,167.38092,0.0,0.0,387.62045,0.0,107.79187,0.0,275.704,306.225,0.0,0.0,0.0,0.0,0.0,0.0,0.0,0.0,142.54427,0.0,0.0,0.0,0.0,141.37782,0.0,397.3258,0.0,0.0,0.0,0.0,0.0,0.0,444.88647,0.0,0.0,0.0,569.5791,155.24414,0.0,0.0,93.79709,656.26764,276.52795
Kamrupmetropolitan,0.0,22.81114,0.0,0.0,0.0,437.76385,0.0,139.44095,160.7492,0.0,0.0,15.09314,0.0,0.0,359.41547,0.0,0.0,39.156116,0.0,384.86517,0.0,0.0,134.50143,0.0,0.0,310.00824,0.0,85.051285,0.0,221.40549,252.70593,0.0,0.0,0.0,0.0,0.0,0.0,0.0,0.0,117.39551,0.0,0.0,0.0,0.0,112.751595,0.0,319.59946,0.0,0.0,0.0,0.0,0.0,0.0,354.12854,0.0,0.0,0.0,465.0386,128.99858,0.0,0.0,77.375,531.7329,224.90431
Karbianglong,0.0,27.854172,0.0,0.0,0.0,484.20258,0.0,173.6658,206.23828,0.0,0.0,29.61158,0.0,0.0,383.0193,0.0,7.289734,42.88973,0.0,433.85205,0.0,0.0,171.91797,0.0,0.0,373.67255,0.0,98.50447,0.0,233.56567,263.47388,0.0,0.0,0.0,0.0,0.0,0.0,0.0,0.0,146.26733,0.0,0.0,0.0,0.0,143.21321,0.0,357.60345,0.0,0.0,0.0,0.0,0.0,0.0,399.59796,0.0,0.0,0.0,496.25354,161.7798,0.0,0.0,60.756775,593.83203,271.4159
Karimganj,0.0,11.732649,0.0,0.0,0.0,371.67096,0.0,66.26602,60.08844,0.0,0.0,0.0,0.0,0.0,344.95663,0.0,0.0,36.103973,0.0,308.03174,0.0,0.0,48.723907,0.0,0.0,185.90433,0.0,64.444595,0.0,220.9866,258.4115,0.0,0.0,0.0,0.0,0.0,0.0,0.0,0.0,52.826187,0.0,0.0,0.0,0.0,52.640427,0.0,265.94727,0.0,0.0,0.0,0.0,0.0,0.0,288.94522,0.0,0.0,0.0,444.74734,49.56549,0.0,0.0,130.43945,439.05185,133.00961
Kokrajhar,0.0,9.8905945,0.0,0.0,0.0,407.7058,0.0,35.02652,11.987762,0.0,0.0,0.0,0.0,0.0,410.72632,0.0,0.0,48.056892,0.0,331.19897,0.0,0.0,8.703003,0.0,0.0,157.29955,0.0,69.784454,0.0,272.02533,315.81366,0.0,0.0,0.0,0.0,0.0,0.0,0.0,0.0,21.211243,0.0,0.0,0.0,0.0,31.938171,0.0,296.24384,0.0,0.0,0.0,0.0,0.0,0.0,321.9496,0.0,0.0,0.0,527.729,5.356186,0.0,0.0,187.93484,481.40186,106.47319
Lakhimpur,0.0,11.810244,0.0,0.0,0.0,387.9135,0.0,70.50749,63.27536,0.0,0.0,0.0,0.0,0.0,361.0316,0.0,0.0,38.928734,0.0,323.4778,0.0,0.0,52.098587,0.0,0.0,195.49402,0.0,68.03875,0.0,230.71584,270.06815,0.0,0.0,0.0,0.0,0.0,0.0,0.0,0.0,54.210815,0.0,0.0,0.0,0.0,56.75534,0.0,279.33377,0.0,0.0,0.0,0.0,0.0,0.0,304.8308,0.0,0.0,0.0,465.17914,51.50386,0.0,0.0,134.49951,458.97278,138.81033
Morigaon,0.0,11.140217,0.0,0.0,0.0,400.3201,0.0,41.62378,25.122284,0.0,0.0,0.0,0.0,0.0,396.27133,0.0,0.0,47.990913,0.0,327.92435,0.0,0.0,20.1167,0.0,0.0,169.78973,0.0,70.26214,0.0,262.47656,300.96826,0.0,0.0,0.0,0.0,0.0,0.0,0.0,0.0,31.107086,0.0,0.0,0.0,0.0,38.246155,0.0,292.1477,0.0,0.0,0.0,0.0,0.0,0.0,318.5382,0.0,0.0,0.0,510.4943,17.106155,0.0,0.0,175.40198,476.60532,116.07672
Nagaon,0.0,39.15908,0.0,0.0,0.0,561.0436,0.0,253.74529,317.09433,0.0,0.0,58.7779,0.0,0.0,402.01624,0.0,73.36008,46.364136,0.0,520.77783,28.64746,0.0,265.1886,0.0,0.0,512.9082,0.0,122.482796,0.0,236.47095,258.86243,0.0,0.0,0.0,0.0,0.0,0.0,0.0,0.0,218.43556,0.0,0.0,0.0,0.0,210.75018,0.0,419.31775,0.0,0.0,0.0,0.0,0.0,0.0,474.65485,0.0,0.0,0.0,523.72076,248.90707,0.0,0.0,5.5562134,700.74335,375.5921
Nalbari,0.0,40.231834,0.0,0.0,0.0,588.91077,0.0,247.56985,308.67017,0.0,0.0,59.09478,0.0,0.0,437.2693,0.0,55.3909,56.68225,0.0,544.00903,6.4726562,0.0,260.03317,0.0,0.0,520.6589,0.0,128.85956,0.0,264.55475,284.60077,0.0,0.0,0.0,0.0,0.0,0.0,0.0,0.0,214.51825,0.0,0.0,0.0,0.0,209.01659,0.0,444.1655,0.0,0.0,0.0,0.0,0.0,0.0,503.03998,0.0,0.0,0.0,569.5987,242.15382,0.0,0.0,28.298615,739.24786,377.67847
Sivasagar,0.0,38.59044,0.0,0.0,0.0,572.91516,0.0,258.73236,320.64648,0.0,0.0,61.18496,0.0,0.0,413.4238,0.0,69.87439,49.09241,0.0,532.84357,25.63266,0.0,268.73578,0.0,0.0,520.5138,0.0,125.729904,0.0,243.37813,268.0448,0.0,0.0,0.0,0.0,0.0,0.0,0.0,0.0,219.41151,0.0,0.0,0.0,0.0,214.10823,0.0,428.91125,0.0,0.0,0.0,0.0,0.0,0.0,486.44736,0.0,0.0,0.0,536.72406,251.38231,0.0,0.0,7.059601,715.6968,380.1264
Sonitpur,0.0,41.006874,0.0,0.0,0.0,579.8721,0.0,260.3355,323.9941,0.0,0.0,58.938667,0.0,0.0,418.192,0.0,73.13318,48.637024,0.0,537.6228,25.887787,0.0,272.73804,0.0,0.0,525.92847,0.0,125.315155,0.0,245.7252,269.49832,0.0,0.0,0.0,0.0,0.0,0.0,0.0,0.0,222.9599,0.0,0.0,0.0,0.0,215.15367,0.0,433.16876,0.0,0.0,0.0,0.0,0.0,0.0,489.88574,0.0,0.0,0.0,544.2661,256.71924,0.0,0.0,8.341614,724.0502,384.45392
Tinsukia,0.0,11.896328,0.0,0.0,0.0,400.21725,0.0,63.08522,52.04663,0.0,0.0,0.0,0.0,0.0,380.92627,0.0,0.0,43.90553,0.0,332.60272,0.0,0.0,43.315002,0.0,0.0,190.8831,0.0,70.40048,0.0,246.73572,286.9007,0.0,0.0,0.0,0.0,0.0,0.0,0.0,0.0,46.814194,0.0,0.0,0.0,0.0,51.771027,0.0,290.00507,0.0,0.0,0.0,0.0,0.0,0.0,316.69778,0.0,0.0,0.0,489.90363,41.653885,0.0,0.0,150.28627,475.24872,133.45474
Udalguri,0.0,41.927628,0.0,0.0,0.0,586.0343,0.0,267.4289,336.42416,0.0,0.0,59.42581,0.0,0.0,417.4297,0.0,82.27893,49.69967,0.0,544.537,34.145782,0.0,284.06104,0.0,0.0,539.7107,0.0,126.55423,0.0,245.17383,266.65674,0.0,0.0,0.0,0.0,0.0,0.0,0.0,0.0,232.88124,0.0,0.0,0.0,0.0,220.06741,0.0,437.19202,0.0,0.0,0.0,0.0,0.0,0.0,494.0079,0.0,0.0,0.0,544.6676,269.11108,0.0,0.0,3.888916,734.0122,395.3651
Araria,0.0,12.197792,0.0,0.0,0.0,402.31207,0.0,57.713882,44.602936,0.0,0.0,0.0,0.0,0.0,386.74597,0.0,0.0,43.083546,0.0,332.61774,0.0,0.0,35.83554,0.0,0.0,183.9074,0.0,69.95933,0.0,251.11249,293.3768,0.0,0.0,0.0,0.0,0.0,0.0,0.0,0.0,41.76967,0.0,0.0,0.0,0.0,47.7106,0.0,290.66034,0.0,0.0,0.0,0.0,0.0,0.0,316.95105,0.0,0.0,0.0,496.82803,33.453125,0.0,0.0,157.63472,476.58792,128.43526
Arwal,0.0,32.66411,0.0,0.0,0.0,606.26404,0.0,200.69817,235.65372,0.0,0.0,47.238235,0.0,0.0,500.24182,0.0,0.0,70.088165,0.0,550.3903,0.0,0.0,199.67212,0.0,0.0,457.19025,0.0,128.22845,0.0,312.61124,346.29675,0.0,0.0,0.0,0.0,0.0,0.0,0.0,0.0,165.47548,0.0,0.0,0.0,0.0,171.89622,0.0,459.25388,0.0,0.0,0.0,0.0,0.0,0.0,521.0746,0.0,0.0,0.0,645.906,180.26996,0.0,0.0,97.06494,755.8002,324.01117
Aurangabad,0.0,87.89022,0.0,0.0,0.0,892.06885,0.0,543.95276,721.85004,0.0,0.0,167.27911,0.0,0.0,520.607,0.0,303.31943,65.336716,0.0,872.94275,273.1121,0.0,602.075,0.0,0.0,1048.2726,0.0,222.31326,0.0,287.05673,274.8213,0.0,0.0,0.0,0.0,0.0,0.0,0.0,0.0,482.27924,0.0,0.0,0.0,0.0,467.0536,0.0,685.92285,0.0,0.0,0.0,0.0,0.0,0.0,793.8829,0.0,0.0,0.0,696.28314,557.74646,0.0,0.0,0.0,1154.2686,776.157
Banka,0.0,11.621044,0.0,0.0,0.0,392.9408,0.0,51.718536,39.21585,0.0,0.0,0.0,0.0,0.0,379.53024,0.0,0.0,42.062782,0.0,323.13864,0.0,0.0,30.377563,0.0,0.0,177.51846,0.0,68.954094,0.0,248.00632,287.6006,0.0,0.0,0.0,0.0,0.0,0.0,0.0,0.0,39.29236,0.0,0.0,0.0,0.0,45.59532,0.0,284.6098,0.0,0.0,0.0,0.0,0.0,0.0,309.83777,0.0,0.0,0.0,488.93106,27.807648,0.0,0.0,158.7289,465.84503,124.34619
Begusarai,0.0,11.273464,0.0,0.0,0.0,387.75604,0.0,69.70079,59.767395,0.0,0.0,0.0,0.0,0.0,363.26675,0.0,0.0,39.474003,0.0,322.69354,0.0,0.0,51.29193,0.0,0.0,190.3669,0.0,65.76555,0.0,231.10571,272.18094,0.0,0.0,0.0,0.0,0.0,0.0,0.0,0.0,53.14386,0.0,0.0,0.0,0.0,52.317734,0.0,278.04724,0.0,0.0,0.0,0.0,0.0,0.0,302.08948,0.0,0.0,0.0,466.90924,52.914795,0.0,0.0,136.9394,456.80853,134.0863
Bhagalpur,0.0,10.968452,0.0,0.0,0.0,396.11456,0.0,55.240646,38.558258,0.0,0.0,0.0,0.0,0.0,383.99454,0.0,0.0,41.609627,0.0,326.48944,0.0,0.0,31.400192,0.0,0.0,172.5493,0.0,66.39064,0.0,247.6402,293.2677,0.0,0.0,0.0,0.0,0.0,0.0,0.0,0.0,37.59845,0.0,0.0,0.0,0.0,42.31215,0.0,284.69064,0.0,0.0,0.0,0.0,0.0,0.0,309.54788,0.0,0.0,0.0,493.03012,30.037842,0.0,0.0,157.79709,465.07718,119.61932
Bhojpur,0.0,14.151081,0.0,0.0,0.0,379.35138,0.0,71.778244,67.46817,0.0,0.0,0.0,0.0,0.0,347.69986,0.0,0.0,33.333626,0.0,314.1773,0.0,0.0,53.527863,0.0,0.0,195.83713,0.0,66.523315,0.0,222.21907,259.68713,0.0,0.0,0.0,0.0,0.0,0.0,0.0,0.0,57.072906,0.0,0.0,0.0,0.0,57.96988,0.0,270.98013,0.0,0.0,0.0,0.0,0.0,0.0,293.7724,0.0,0.0,0.0,448.9385,51.878967,0.0,0.0,126.57222,447.15164,141.26788
Buxar,0.0,13.007095,0.0,0.0,0.0,368.24622,0.0,77.78282,75.62048,0.0,0.0,0.0,0.0,0.0,333.60614,0.0,0.0,33.196674,0.0,309.61023,0.0,0.0,61.94043,0.0,0.0,198.21997,0.0,64.529015,0.0,210.19444,248.21013,0.0,0.0,0.0,0.0,0.0,0.0,0.0,0.0,61.767075,0.0,0.0,0.0,0.0,60.790527,0.0,263.78165,0.0,0.0,0.0,0.0,0.0,0.0,287.22964,0.0,0.0,0.0,429.39795,61.427155,0.0,0.0,114.19617,435.4531,142.31236
Darbhanga,0.0,14.397947,0.0,0.0,0.0,365.36258,0.0,82.447525,86.883316,0.0,0.0,0.0,0.0,0.0,321.45862,0.0,0.0,29.591444,0.0,305.02518,0.0,0.0,70.561386,0.0,0.0,208.64886,0.0,64.512794,0.0,202.2827,235.3284,0.0,0.0,0.0,0.0,0.0,0.0,0.0,0.0,71.256775,0.0,0.0,0.0,0.0,66.33502,0.0,258.93304,0.0,0.0,0.0,0.0,0.0,0.0,280.65247,0.0,0.0,0.0,416.381,72.48576,0.0,0.0,106.8009,433.11746,153.61794
Gaya,0.0,20.72356,0.0,0.0,0.0,540.40405,0.0,113.77896,111.43854,0.0,0.0,11.720123,0.0,0.0,500.82217,0.0,0.0,70.864685,0.0,470.2988,0.0,0.0,98.20331,0.0,0.0,307.47217,0.0,102.78083,0.0,323.0768,367.44064,0.0,0.0,0.0,0.0,0.0,0.0,0.0,0.0,85.62962,0.0,0.0,0.0,0.0,95.2863,0.0,405.27628,0.0,0.0,0.0,0.0,0.0,0.0,452.9572,0.0,0.0,0.0,643.0093,87.1304,0.0,0.0,168.03499,659.65094,209.6993
Gopalganj,0.0,15.61908,0.0,0.0,0.0,370.64835,0.0,98.235214,104.76163,0.0,0.0,0.0,0.0,0.0,318.77197,0.0,0.0,29.725784,0.0,315.32236,0.0,0.0,86.40961,0.0,0.0,228.07855,0.0,67.49751,0.0,197.03082,230.87569,0.0,0.0,0.0,0.0,0.0,0.0,0.0,0.0,80.63844,0.0,0.0,0.0,0.0,77.49936,0.0,264.62753,0.0,0.0,0.0,0.0,0.0,0.0,289.28452,0.0,0.0,0.0,411.0029,86.400604,0.0,0.0,90.763245,440.5808,166.64247
Jamui,0.0,38.178974,0.0,0.0,0.0,599.103,0.0,224.94795,272.27835,0.0,0.0,51.440353,0.0,0.0,467.23557,0.0,19.901001,58.13022,0.0,544.45215,0.0,0.0,227.76599,0.0,0.0,486.26038,0.0,127.099724,0.0,287.43896,315.92578,0.0,0.0,0.0,0.0,0.0,0.0,0.0,0.0,189.15001,0.0,0.0,0.0,0.0,190.0429,0.0,449.94183,0.0,0.0,0.0,0.0,0.0,0.0,507.0676,0.0,0.0,0.0,607.3731,208.26944,0.0,0.0,60.89496,744.3749,351.06396
Jehanabad,0.0,36.074627,0.0,0.0,0.0,617.4398,0.0,200.20468,237.66077,0.0,0.0,45.917084,0.0,0.0,507.7957,0.0,0.0,70.10767,0.0,555.9414,0.0,0.0,200.71054,0.0,0.0,464.77765,0.0,129.56874,0.0,321.2798,350.37363,0.0,0.0,0.0,0.0,0.0,0.0,0.0,0.0,168.59303,0.0,0.0,0.0,0.0,172.88835,0.0,467.55792,0.0,0.0,0.0,0.0,0.0,0.0,526.8425,0.0,0.0,0.0,659.2628,180.41412,0.0,0.0,101.62012,768.96655,330.24326
Kaimur,0.0,42.917603,0.0,0.0,0.0,560.55975,0.0,285.72766,364.54108,0.0,0.0,71.35167,0.0,0.0,375.36798,0.0,114.89099,42.964787,0.0,530.0386,77.122894,0.0,305.46185,0.0,0.0,561.5767,0.0,127.79936,0.0,214.2529,229.04651,0.0,0.0,0.0,0.0,0.0,0.0,0.0,0.0,249.08401,0.0,0.0,0.0,0.0,237.9216,0.0,420.46426,0.0,0.0,0.0,0.0,0.0,0.0,478.95764,0.0,0.0,0.0,489.93924,288.09613,0.0,0.0,0.0,707.3515,413.63354
Katihar,0.0,39.61264,0.0,0.0,0.0,570.5212,0.0,259.9084,324.85046,0.0,0.0,60.91989,0.0,0.0,407.8507,0.0,76.517975,47.315,0.0,530.2484,31.654755,0.0,271.72302,0.0,0.0,524.6638,0.0,125.631035,0.0,239.30925,261.72546,0.0,0.0,0.0,0.0,0.0,0.0,0.0,0.0,223.10732,0.0,0.0,0.0,0.0,216.84369,0.0,426.7054,0.0,0.0,0.0,0.0,0.0,0.0,483.9995,0.0,0.0,0.0,531.049,255.15788,0.0,0.0,3.5470886,713.7079,384.6008
Khagaria,0.0,15.399174,0.0,0.0,0.0,365.337,0.0,90.82376,97.552124,0.0,0.0,0.0,0.0,0.0,314.80142,0.0,0.0,25.91455,0.0,305.98013,0.0,0.0,78.96588,0.0,0.0,215.46333,0.0,63.69499,0.0,194.97302,229.89981,0.0,0.0,0.0,0.0,0.0,0.0,0.0,0.0,77.30008,0.0,0.0,0.0,0.0,71.12342,0.0,256.84683,0.0,0.0,0.0,0.0,0.0,0.0,278.0394,0.0,0.0,0.0,408.1762,81.00215,0.0,0.0,96.404236,430.8626,160.05879
Kishanganj,0.0,12.131563,0.0,0.0,0.0,394.71777,0.0,58.58853,49.4205,0.0,0.0,0.0,0.0,0.0,374.96243,0.0,0.0,41.29135,0.0,325.49872,0.0,0.0,37.69841,0.0,0.0,187.47098,0.0,70.4382,0.0,244.8529,282.96823,0.0,0.0,0.0,0.0,0.0,0.0,0.0,0.0,45.278824,0.0,0.0,0.0,0.0,51.696793,0.0,285.86984,0.0,0.0,0.0,0.0,0.0,0.0,311.91702,0.0,0.0,0.0,485.007,34.420807,0.0,0.0,150.62115,468.15234,132.86684
Lakhisarai,0.0,36.25927,0.0,0.0,0.0,590.52905,0.0,220.42053,266.65903,0.0,0.0,48.810165,0.0,0.0,462.4933,0.0,16.94986,59.04657,0.0,537.76056,0.0,0.0,224.5528,0.0,0.0,476.49988,0.0,124.25324,0.0,283.71487,313.21924,0.0,0.0,0.0,0.0,0.0,0.0,0.0,0.0,186.04,0.0,0.0,0.0,0.0,185.34595,0.0,443.42053,0.0,0.0,0.0,0.0,0.0,0.0,499.99002,0.0,0.0,0.0,600.2239,207.47758,0.0,0.0,62.918213,734.5505,343.40973
Madhepura,0.0,42.2509,0.0,0.0,0.0,545.8824,0.0,278.03162,354.6682,0.0,0.0,62.16269,0.0,0.0,362.14606,0.0,115.48457,34.597725,0.0,510.3965,74.49365,0.0,295.0642,0.0,0.0,538.7016,0.0,120.38467,0.0,204.08403,223.17274,0.0,0.0,0.0,0.0,0.0,0.0,0.0,0.0,242.48433,0.0,0.0,0.0,0.0,229.1925,0.0,403.20264,0.0,0.0,0.0,0.0,0.0,0.0,455.68286,0.0,0.0,0.0,474.87518,281.05267,0.0,0.0,0.0,681.6521,401.05292
Madhubani,0.0,16.799847,0.0,0.0,0.0,353.746,0.0,114.942444,129.6622,0.0,0.0,0.0,0.0,0.0,285.30493,0.0,0.0,20.922546,0.0,303.0663,0.0,0.0,107.29016,0.0,0.0,238.09042,0.0,61.906754,0.0,169.65807,203.74763,0.0,0.0,0.0,0.0,0.0,0.0,0.0,0.0,96.97104,0.0,0.0,0.0,0.0,85.25343,0.0,247.01596,0.0,0.0,0.0,0.0,0.0,0.0,267.63623,0.0,0.0,0.0,369.2932,110.62848,0.0,0.0,61.71556,417.13306,178.05124
Munger,0.0,11.403925,0.0,0.0,0.0,374.2857,0.0,66.37677,57.186157,0.0,0.0,0.0,0.0,0.0,349.62656,0.0,0.0,35.17778,0.0,309.6566,0.0,0.0,47.457306,0.0,0.0,182.0251,0.0,63.243355,0.0,221.98967,262.83163,0.0,0.0,0.0,0.0,0.0,0.0,0.0,0.0,50.805832,0.0,0.0,0.0,0.0,50.31124,0.0,266.48312,0.0,0.0,0.0,0.0,0.0,0.0,288.7274,0.0,0.0,0.0,449.4479,49.06157,0.0,0.0,132.67596,439.59735,129.78215
Muzaffarpur,0.0,43.34851,0.0,0.0,0.0,532.0155,0.0,299.27078,384.55173,0.0,0.0,67.75582,0.0,0.0,331.11755,0.0,145.9145,29.610064,0.0,504.95804,110.16083,0.0,320.9235,0.0,0.0,560.79565,0.0,119.11111,0.0,178.67102,194.87585,0.0,0.0,0.0,0.0,0.0,0.0,0.0,0.0,261.55518,0.0,0.0,0.0,0.0,243.28052,0.0,392.2016,0.0,0.0,0.0,0.0,0.0,0.0,444.50262,0.0,0.0,0.0,434.5103,308.23413,0.0,0.0,0.0,666.1576,418.90738
Nalanda,0.0,34.76263,0.0,0.0,0.0,624.65173,0.0,204.84692,242.52881,0.0,0.0,49.162704,0.0,0.0,514.3945,0.0,0.0,74.081635,0.0,565.7797,0.0,0.0,206.15695,0.0,0.0,474.43677,0.0,132.83054,0.0,325.13467,354.0105,0.0,0.0,0.0,0.0,0.0,0.0,0.0,0.0,171.75195,0.0,0.0,0.0,0.0,177.24026,0.0,475.3388,0.0,0.0,0.0,0.0,0.0,0.0,537.4989,0.0,0.0,0.0,666.32825,185.51767,0.0,0.0,101.42383,780.8156,335.7992
Nawada,0.0,35.17127,0.0,0.0,0.0,597.16846,0.0,204.09882,245.3642,0.0,0.0,47.516426,0.0,0.0,482.09125,0.0,0.0,65.171165,0.0,540.5345,0.0,0.0,206.51462,0.0,0.0,464.60184,0.0,127.00807,0.0,302.087,329.3912,0.0,0.0,0.0,0.0,0.0,0.0,0.0,0.0,173.52661,0.0,0.0,0.0,0.0,176.61443,0.0,451.73944,0.0,0.0,0.0,0.0,0.0,0.0,509.75592,0.0,0.0,0.0,625.5185,187.71747,0.0,0.0,85.97385,745.5146,332.35498
Pashchimchamparan,0.0,15.96137,0.0,0.0,0.0,354.34125,0.0,103.14238,113.80873,0.0,0.0,0.0,0.0,0.0,295.50208,0.0,0.0,24.01279,0.0,302.11905,0.0,0.0,92.46817,0.0,0.0,227.775,0.0,64.383255,0.0,180.16211,213.2133,0.0,0.0,0.0,0.0,0.0,0.0,0.0,0.0,85.48406,0.0,0.0,0.0,0.0,80.55083,0.0,250.61436,0.0,0.0,0.0,0.0,0.0,0.0,273.20456,0.0,0.0,0.0,382.13876,92.52989,0.0,0.0,74.929535,419.53094,168.88223
Patna,0.0,40.502403,0.0,0.0,0.0,576.1874,0.0,253.61395,319.26727,0.0,0.0,59.702187,0.0,0.0,415.25558,0.0,71.3772,47.839226,0.0,532.0483,24.999207,0.0,265.52466,0.0,0.0,522.59796,0.0,126.581345,0.0,247.63301,268.18695,0.0,0.0,0.0,0.0,0.0,0.0,0.0,0.0,220.80045,0.0,0.0,0.0,0.0,214.17348,0.0,430.9522,0.0,0.0,0.0,0.0,0.0,0.0,487.06305,0.0,0.0,0.0,542.5547,247.73068,0.0,0.0,13.057343,720.7963,383.6203
Purbachamparan,0.0,18.951889,0.0,0.0,0.0,399.03146,0.0,119.93408,135.57484,0.0,0.0,6.7759857,0.0,0.0,330.86932,0.0,0.0,31.961723,0.0,345.09244,0.0,0.0,111.591064,0.0,0.0,268.7915,0.0,75.48819,0.0,203.70258,235.60992,0.0,0.0,0.0,0.0,0.0,0.0,0.0,0.0,100.420334,0.0,0.0,0.0,0.0,96.74379,0.0,287.33017,0.0,0.0,0.0,0.0,0.0,0.0,316.054,0.0,0.0,0.0,428.5952,108.87375,0.0,0.0,79.39285,479.05078,197.18465
Purnia,0.0,39.971687,0.0,0.0,0.0,576.20465,0.0,263.58783,327.71085,0.0,0.0,60.171867,0.0,0.0,412.05975,0.0,77.55798,48.25241,0.0,534.79974,31.128387,0.0,275.0256,0.0,0.0,529.30273,0.0,126.339905,0.0,241.69057,264.09372,0.0,0.0,0.0,0.0,0.0,0.0,0.0,0.0,224.93681,0.0,0.0,0.0,0.0,218.1994,0.0,430.6809,0.0,0.0,0.0,0.0,0.0,0.0,488.1787,0.0,0.0,0.0,536.6772,258.8349,0.0,0.0,2.6141052,719.46844,387.4818
Rohtas,0.0,7.9122868,0.0,0.0,0.0,410.85974,0.0,21.988632,0.0,0.0,0.0,0.0,0.0,4.767517,428.21152,0.0,0.0,54.42336,0.0,333.69815,0.0,0.0,0.0,0.0,0.0,139.66943,0.0,69.050545,0.0,285.10526,332.29114,0.0,0.0,0.0,0.0,0.0,0.0,0.0,0.0,7.9203644,0.0,0.0,0.0,0.0,20.478287,0.0,300.45166,0.0,0.0,0.0,0.0,0.0,0.0,328.38824,0.0,0.0,0.0,548.4892,0.0,0.0,0.0,206.46738,485.78152,89.926834
Saharsa,0.0,13.921185,0.0,0.0,0.0,363.02423,0.0,89.59561,92.1248,0.0,0.0,0.0,0.0,0.0,316.83298,0.0,0.0,28.656351,0.0,304.50287,0.0,0.0,76.39514,0.0,0.0,211.86226,0.0,63.751072,0.0,196.34792,230.76802,0.0,0.0,0.0,0.0,0.0,0.0,0.0,0.0,73.821045,0.0,0.0,0.0,0.0,69.03944,0.0,257.14746,0.0,0.0,0.0,0.0,0.0,0.0,278.97397,0.0,0.0,0.0,409.30164,79.05264,0.0,0.0,97.66684,427.77814,155.18791
Samastipur,0.0,12.786064,0.0,0.0,0.0,374.39612,0.0,76.55017,70.45178,0.0,0.0,0.0,0.0,0.0,341.67825,0.0,0.0,31.588718,0.0,311.36783,0.0,0.0,58.143906,0.0,0.0,188.9842,0.0,61.661575,0.0,214.0658,257.64362,0.0,0.0,0.0,0.0,0.0,0.0,0.0,0.0,57.837402,0.0,0.0,0.0,0.0,54.828705,0.0,264.03156,0.0,0.0,0.0,0.0,0.0,0.0,285.13397,0.0,0.0,0.0,439.61572,59.44162,0.0,0.0,120.034515,437.05347,136.17853
Saran,0.0,13.083265,0.0,0.0,0.0,373.9596,0.0,75.98035,70.81613,0.0,0.0,0.0,0.0,0.0,341.46002,0.0,0.0,32.375973,0.0,312.09534,0.0,0.0,57.23375,0.0,0.0,193.44095,0.0,64.02492,0.0,214.89745,256.11945,0.0,0.0,0.0,0.0,0.0,0.0,0.0,0.0,58.05545,0.0,0.0,0.0,0.0,58.052856,0.0,266.34528,0.0,0.0,0.0,0.0,0.0,0.0,289.16226,0.0,0.0,0.0,439.2351,57.00029,0.0,0.0,119.47606,439.17352,139.0378
Sheikhpura,0.0,33.182644,0.0,0.0,0.0,628.6573,0.0,196.16785,225.90784,0.0,0.0,45.1397,0.0,0.0,528.7639,0.0,0.0,76.59802,0.0,566.6332,0.0,0.0,193.5839,0.0,0.0,459.55484,0.0,132.18918,0.0,335.13327,367.75302,0.0,0.0,0.0,0.0,0.0,0.0,0.0,0.0,160.20775,0.0,0.0,0.0,0.0,168.8185,0.0,478.40814,0.0,0.0,0.0,0.0,0.0,0.0,540.3686,0.0,0.0,0.0,682.73804,173.37589,0.0,0.0,115.05011,783.04443,322.94263
Sheohar,0.0,11.672485,0.0,0.0,0.0,379.23053,0.0,58.163757,50.35498,0.0,0.0,0.0,0.0,0.0,357.74683,0.0,0.0,38.89936,0.0,311.96027,0.0,0.0,40.131042,0.0,0.0,183.35558,0.0,67.35943,0.0,233.08704,268.02362,0.0,0.0,0.0,0.0,0.0,0.0,0.0,0.0,47.00029,0.0,0.0,0.0,0.0,50.313766,0.0,273.28577,0.0,0.0,0.0,0.0,0.0,0.0,296.96326,0.0,0.0,0.0,462.42047,38.96794,0.0,0.0,143.56163,449.67365,130.58656
Sitamarhi,0.0,13.282003,0.0,0.0,0.0,368.98938,0.0,83.21631,80.866104,0.0,0.0,0.0,0.0,0.0,330.4778,0.0,0.0,30.918558,0.0,309.52347,0.0,0.0,66.8737,0.0,0.0,199.64159,0.0,62.97192,0.0,206.1481,246.34447,0.0,0.0,0.0,0.0,0.0,0.0,0.0,0.0,64.40114,0.0,0.0,0.0,0.0,61.721436,0.0,261.55905,0.0,0.0,0.0,0.0,0.0,0.0,283.54575,0.0,0.0,0.0,424.92365,67.82228,0.0,0.0,108.80754,433.432,144.3515
Siwan,0.0,16.178875,0.0,0.0,0.0,346.83713,0.0,104.59999,119.02768,0.0,0.0,0.0,0.0,0.0,283.6986,0.0,0.0,21.034046,0.0,295.46594,0.0,0.0,95.569275,0.0,0.0,230.77531,0.0,63.68207,0.0,172.21516,202.76064,0.0,0.0,0.0,0.0,0.0,0.0,0.0,0.0,90.22652,0.0,0.0,0.0,0.0,83.28674,0.0,244.35623,0.0,0.0,0.0,0.0,0.0,0.0,265.97162,0.0,0.0,0.0,368.32684,96.19211,0.0,0.0,68.55527,410.95007,172.98593
Supaul,0.0,13.270973,0.0,0.0,0.0,375.0371,0.0,82.89778,82.17441,0.0,0.0,0.0,0.0,0.0,336.26434,0.0,0.0,32.88371,0.0,315.0737,0.0,0.0,68.32684,0.0,0.0,204.94098,0.0,64.76334,0.0,210.55733,249.36961,0.0,0.0,0.0,0.0,0.0,0.0,0.0,0.0,66.692856,0.0,0.0,0.0,0.0,63.102013,0.0,266.7124,0.0,0.0,0.0,0.0,0.0,0.0,289.70453,0.0,0.0,0.0,432.91132,69.85707,0.0,0.0,112.95311,443.29825,148.348
Vaishali,0.0,10.56353,0.0,0.0,0.0,393.8891,0.0,52.486877,37.321014,0.0,0.0,0.0,0.0,0.0,382.17197,0.0,0.0,43.231796,0.0,323.87665,0.0,0.0,31.171982,0.0,0.0,174.27457,0.0,67.15924,0.0,248.31696,289.75247,0.0,0.0,0.0,0.0,0.0,0.0,0.0,0.0,39.049667,0.0,0.0,0.0,0.0,42.22789,0.0,284.10175,0.0,0.0,0.0,0.0,0.0,0.0,308.56873,0.0,0.0,0.0,490.9919,31.130081,0.0,0.0,160.38774,465.1734,120.94124
Chandigarh,0.0,22.623291,0.0,0.0,0.0,431.08405,0.0,149.64575,175.03778,0.0,0.0,15.919693,0.0,0.0,342.17462,0.0,2.980072,33.165257,0.0,379.63907,0.0,0.0,144.56224,0.0,0.0,318.52905,0.0,83.81064,0.0,207.40007,238.78207,0.0,0.0,0.0,0.0,0.0,0.0,0.0,0.0,126.52948,0.0,0.0,0.0,0.0,120.52878,0.0,312.4562,0.0,0.0,0.0,0.0,0.0,0.0,345.0003,0.0,0.0,0.0,443.32327,140.28769,0.0,0.0,61.22322,520.9983,234.15308
Balod,0.0,11.02248,0.0,0.0,0.0,394.82074,0.0,60.914795,47.424683,0.0,0.0,0.0,0.0,0.0,378.82596,0.0,0.0,44.07251,0.0,328.71646,0.0,0.0,40.941666,0.0,0.0,185.56534,0.0,68.67766,0.0,244.39767,285.10904,0.0,0.0,0.0,0.0,0.0,0.0,0.0,0.0,45.022415,0.0,0.0,0.0,0.0,47.78177,0.0,286.16412,0.0,0.0,0.0,0.0,0.0,0.0,312.31583,0.0,0.0,0.0,485.38876,40.11171,0.0,0.0,151.48108,468.3574,128.1527
Balodabazar,0.0,11.064423,0.0,0.0,0.0,279.76575,0.0,81.88167,88.041016,0.0,0.0,0.0,0.0,0.0,227.84595,0.0,0.0,7.2484856,0.0,227.25748,0.0,0.0,71.872055,0.0,0.0,164.33063,0.0,41.817554,0.0,132.1955,166.48958,0.0,0.0,0.0,0.0,0.0,0.0,0.0,0.0,71.01419,0.0,0.0,0.0,0.0,54.42018,0.0,183.56493,0.0,0.0,0.0,0.0,0.0,0.0,191.73296,0.0,0.0,0.0,295.71112,83.79479,0.0,0.0,61.625214,317.37875,128.8211
Balrampur,0.0,12.132544,0.0,0.0,0.0,400.1461,0.0,54.67169,45.06775,0.0,0.0,0.0,0.0,0.0,384.66882,0.0,0.0,46.420017,0.0,332.32916,0.0,0.0,35.055603,0.0,0.0,192.8699,0.0,74.53856,0.0,253.62218,287.61075,0.0,0.0,0.0,0.0,0.0,0.0,0.0,0.0,43.485626,0.0,0.0,0.0,0.0,52.95842,0.0,294.49606,0.0,0.0,0.0,0.0,0.0,0.0,323.7295,0.0,0.0,0.0,496.53195,30.020401,0.0,0.0,158.40367,480.06238,134.26949
Bastar,0.0,41.928024,0.0,0.0,0.0,548.15814,0.0,284.51804,359.92206,0.0,0.0,62.397644,0.0,0.0,363.34497,0.0,117.05473,36.120502,0.0,515.6618,76.32883,0.0,302.25952,0.0,0.0,542.1873,0.0,119.21317,0.0,201.98985,223.82443,0.0,0.0,0.0,0.0,0.0,0.0,0.0,0.0,245.42813,0.0,0.0,0.0,0.0,229.58228,0.0,404.71793,0.0,0.0,0.0,0.0,0.0,0.0,457.89758,0.0,0.0,0.0,474.46313,289.30096,0.0,0.0,0.0,683.6922,401.67676
Bemetara,0.0,15.169039,0.0,0.0,0.0,343.57895,0.0,111.49936,123.20007,0.0,0.0,0.0,0.0,0.0,277.49048,0.0,0.0,17.723988,0.0,291.41943,0.0,0.0,102.64093,0.0,0.0,224.53883,0.0,57.914433,0.0,162.96498,199.44516,0.0,0.0,0.0,0.0,0.0,0.0,0.0,0.0,92.50809,0.0,0.0,0.0,0.0,79.694305,0.0,236.15186,0.0,0.0,0.0,0.0,0.0,0.0,254.0409,0.0,0.0,0.0,358.83044,108.53409,0.0,0.0,61.362625,400.85223,169.47658
Bijapur,0.0,16.057684,0.0,0.0,0.0,343.83527,0.0,99.01532,111.66196,0.0,0.0,0.0,0.0,0.0,283.6947,0.0,0.0,20.11535,0.0,290.32986,0.0,0.0,88.50125,0.0,0.0,223.3348,0.0,63.153973,0.0,173.35207,203.3104,0.0,0.0,0.0,0.0,0.0,0.0,0.0,0.0,84.77027,0.0,0.0,0.0,0.0,80.66507,0.0,241.96416,0.0,0.0,0.0,0.0,0.0,0.0,263.02686,0.0,0.0,0.0,369.11438,88.8387,0.0,0.0,72.69408,406.18268,168.02815
Bilaspur,0.0,0.0,0.0,0.0,0.0,220.85466,0.0,0.0,0.0,0.0,0.0,0.0,0.0,71.82542,270.70633,0.0,0.0,18.057379,0.0,149.26764,0.0,0.0,0.0,0.0,0.0,0.0,0.0,15.426136,0.0,175.90765,232.18658,0.0,0.0,0.0,0.0,0.0,0.0,0.0,0.0,0.0,0.0,0.0,9.489731,0.0,0.0,0.0,138.45683,0.0,0.0,0.0,0.0,0.0,0.0,134.90967,0.0,0.0,0.0,342.28403,0.0,20.35881,0.0,179.45058,225.82013,0.0
Dantewada,0.0,12.485771,0.0,0.0,0.0,366.4245,0.0,77.20534,73.795,0.0,0.0,0.0,0.0,0.0,331.50357,0.0,0.0,31.591873,0.0,305.49512,0.0,0.0,61.0114,0.0,0.0,193.9894,0.0,63.145638,0.0,208.26717,246.63806,0.0,0.0,0.0,0.0,0.0,0.0,0.0,0.0,60.348526,0.0,0.0,0.0,0.0,58.857895,0.0,259.81934,0.0,0.0,0.0,0.0,0.0,0.0,281.9593,0.0,0.0,0.0,427.2449,61.95723,0.0,0.0,114.65567,430.7857,140.41136
Dhamtari,0.0,45.358917,0.0,0.0,0.0,528.1775,0.0,307.63184,399.513,0.0,0.0,70.03938,0.0,0.0,317.7983,0.0,162.39201,25.577824,0.0,503.07507,128.16733,0.0,332.8593,0.0,0.0,573.68134,0.0,119.35431,0.0,168.20146,181.73077,0.0,0.0,0.0,0.0,0.0,0.0,0.0,0.0,272.02713,0.0,0.0,0.0,0.0,251.04582,0.0,388.17548,0.0,0.0,0.0,0.0,0.0,0.0,439.7326,0.0,0.0,0.0,418.5468,320.3835,0.0,0.0,0.0,663.20825,430.84787
Durg,0.0,2.9411316,0.0,0.0,0.0,297.01782,0.0,0.0,0.0,0.0,0.0,0.0,0.0,29.970901,318.02777,0.0,0.0,25.899368,0.0,222.11533,0.0,0.0,0.0,0.0,0.0,54.233627,0.0,37.394306,0.0,208.49312,256.48917,0.0,0.0,0.0,0.0,0.0,0.0,0.0,0.0,0.0,0.0,0.0,0.0,0.0,0.0,0.0,200.83102,0.0,0.0,0.0,0.0,0.0,0.0,207.22595,0.0,0.0,0.0,408.86984,0.0,0.0,0.0,173.3233,330.05356,37.28575
Gariaband,0.0,14.534615,0.0,0.0,0.0,369.83942,0.0,89.61711,91.26126,0.0,0.0,0.0,0.0,0.0,324.53613,0.0,0.0,28.66498,0.0,310.03732,0.0,0.0,75.86618,0.0,0.0,208.93634,0.0,62.680477,0.0,200.59694,239.29051,0.0,0.0,0.0,0.0,0.0,0.0,0.0,0.0,72.57597,0.0,0.0,0.0,0.0,65.77076,0.0,259.9584,0.0,0.0,0.0,0.0,0.0,0.0,281.28333,0.0,0.0,0.0,418.72797,78.58789,0.0,0.0,101.88086,434.47968,153.04938
Janjgir-Champa,0.0,15.6097355,0.0,0.0,0.0,300.92603,0.0,111.38359,130.33469,0.0,0.0,0.0,0.0,0.0,226.20538,0.0,21.802246,6.757128,0.0,253.39316,0.0,0.0,106.935394,0.0,0.0,214.8549,0.0,49.64713,0.0,127.87457,158.02264,0.0,0.0,0.0,0.0,0.0,0.0,0.0,0.0,98.69642,0.0,0.0,0.0,0.0,79.82513,0.0,201.24919,0.0,0.0,0.0,0.0,0.0,0.0,213.18375,0.0,0.0,0.0,294.7297,116.23794,0.0,0.0,36.762955,348.4519,167.07538
Jashpur,0.0,37.68758,0.0,0.0,0.0,562.22363,0.0,250.1768,309.9483,0.0,0.0,54.20941,0.0,0.0,408.31412,0.0,66.21411,50.148045,0.0,520.9272,18.88794,0.0,262.6772,0.0,0.0,504.39783,0.0,120.718056,0.0,241.64847,264.99158,0.0,0.0,0.0,0.0,0.0,0.0,0.0,0.0,214.35307,0.0,0.0,0.0,0.0,203.10718,0.0,419.1448,0.0,0.0,0.0,0.0,0.0,0.0,473.47482,0.0,0.0,0.0,531.2935,247.75241,0.0,0.0,12.767242,701.0803,367.4779
Kabeerdham,0.0,14.880226,0.0,0.0,0.0,438.57745,0.0,82.0699,74.92258,0.0,0.0,0.0,0.0,0.0,408.00034,0.0,0.0,46.964645,0.0,368.60406,0.0,0.0,63.56729,0.0,0.0,225.35553,0.0,77.11115,0.0,261.68115,304.39658,0.0,0.0,0.0,0.0,0.0,0.0,0.0,0.0,62.517914,0.0,0.0,0.0,0.0,65.10736,0.0,318.14557,0.0,0.0,0.0,0.0,0.0,0.0,347.9574,0.0,0.0,0.0,525.55164,61.085754,0.0,0.0,149.30444,522.14404,158.34714
Kondagaon,0.0,11.808071,0.0,0.0,0.0,399.6703,0.0,47.238052,31.174011,0.0,0.0,0.0,0.0,0.0,391.71594,0.0,0.0,45.051964,0.0,327.88553,0.0,0.0,25.680328,0.0,0.0,173.32904,0.0,68.8281,0.0,256.58295,296.62473,0.0,0.0,0.0,0.0,0.0,0.0,0.0,0.0,35.037323,0.0,0.0,0.0,0.0,40.559998,0.0,290.1343,0.0,0.0,0.0,0.0,0.0,0.0,315.5426,0.0,0.0,0.0,504.30722,23.713058,0.0,0.0,168.63113,473.73746,119.343765
Korba,0.0,15.329632,0.0,0.0,0.0,342.8874,0.0,99.04567,112.483765,0.0,0.0,0.0,0.0,0.0,282.31467,0.0,0.0,20.751184,0.0,289.35028,0.0,0.0,90.95804,0.0,0.0,223.4506,0.0,62.21425,0.0,172.29506,201.64963,0.0,0.0,0.0,0.0,0.0,0.0,0.0,0.0,87.337524,0.0,0.0,0.0,0.0,78.89938,0.0,240.11975,0.0,0.0,0.0,0.0,0.0,0.0,259.81805,0.0,0.0,0.0,366.6441,93.637634,0.0,0.0,73.97655,406.08725,168.39781
Koriya,0.0,14.157806,0.0,0.0,0.0,363.80127,0.0,86.182205,87.66751,0.0,0.0,0.0,0.0,0.0,319.30392,0.0,0.0,26.847548,0.0,304.0362,0.0,0.0,69.775375,0.0,0.0,206.19264,0.0,64.10529,0.0,199.12785,235.91147,0.0,0.0,0.0,0.0,0.0,0.0,0.0,0.0,68.995514,0.0,0.0,0.0,0.0,67.4837,0.0,257.34055,0.0,0.0,0.0,0.0,0.0,0.0,279.03168,0.0,0.0,0.0,412.92032,69.400955,0.0,0.0,100.67749,426.98492,151.69862
Mahasamund,0.0,19.518456,0.0,0.0,0.0,337.44748,0.0,126.591644,151.08755,0.0,0.0,0.0,0.0,0.0,252.80453,0.0,25.8936,10.814291,0.0,287.75323,0.0,0.0,122.848114,0.0,0.0,251.11269,0.0,59.837395,0.0,145.59285,174.76213,0.0,0.0,0.0,0.0,0.0,0.0,0.0,0.0,111.48462,0.0,0.0,0.0,0.0,95.95239,0.0,230.70139,0.0,0.0,0.0,0.0,0.0,0.0,248.10982,0.0,0.0,0.0,330.64957,127.970314,0.0,0.0,36.866547,396.72937,193.56567
Mungeli,0.0,15.238682,0.0,0.0,0.0,366.37433,0.0,83.22302,88.13258,0.0,0.0,0.0,0.0,0.0,320.23596,0.0,0.0,27.37718,0.0,303.3862,0.0,0.0,71.43483,0.0,0.0,207.86551,0.0,63.212875,0.0,201.14679,234.38702,0.0,0.0,0.0,0.0,0.0,0.0,0.0,0.0,72.28331,0.0,0.0,0.0,0.0,66.0167,0.0,257.58237,0.0,0.0,0.0,0.0,0.0,0.0,277.38553,0.0,0.0,0.0,416.38763,74.47812,0.0,0.0,105.91235,432.04874,154.56708
Narayanpur,0.0,13.943289,0.0,0.0,0.0,367.78296,0.0,85.76347,86.59831,0.0,0.0,0.0,0.0,0.0,326.3665,0.0,0.0,30.980837,0.0,310.32037,0.0,0.0,71.76196,0.0,0.0,208.23871,0.0,64.84638,0.0,203.29095,240.21149,0.0,0.0,0.0,0.0,0.0,0.0,0.0,0.0,68.91116,0.0,0.0,0.0,0.0,66.41343,0.0,261.9958,0.0,0.0,0.0,0.0,0.0,0.0,285.38092,0.0,0.0,0.0,419.84637,72.28262,0.0,0.0,104.92027,435.3274,150.98103
Raigarh,0.0,13.817705,0.0,0.0,0.0,373.702,0.0,84.923416,84.499054,0.0,0.0,0.0,0.0,0.0,333.3865,0.0,0.0,32.04442,0.0,313.8629,0.0,0.0,71.08826,0.0,0.0,204.9588,0.0,63.081017,0.0,207.57826,246.8594,0.0,0.0,0.0,0.0,0.0,0.0,0.0,0.0,68.45915,0.0,0.0,0.0,0.0,62.774704,0.0,264.73743,0.0,0.0,0.0,0.0,0.0,0.0,286.7926,0.0,0.0,0.0,429.25204,73.95233,0.0,0.0,109.94864,440.50525,148.39917
Raipur,0.0,0.0,0.0,0.0,0.0,229.93332,0.0,0.0,0.0,0.0,0.0,0.0,0.0,49.88208,265.2215,0.0,0.0,19.415184,0.0,160.13269,0.0,0.0,0.0,0.0,0.0,0.24047852,0.0,22.471844,0.0,172.76825,218.4464,0.0,0.0,0.0,0.0,0.0,0.0,0.0,0.0,0.0,0.0,0.0,1.4801445,0.0,0.0,0.0,147.73056,0.0,0.0,0.0,0.0,0.0,0.0,147.4943,0.0,0.0,0.0,337.859,0.0,9.120323,0.0,167.24991,244.98956,0.0
Rajnandgaon,0.0,40.16353,0.0,0.0,0.0,561.0617,0.0,257.65903,325.0991,0.0,0.0,58.660484,0.0,0.0,396.40607,0.0,82.965485,44.328835,0.0,520.5351,37.567596,0.0,271.5713,0.0,0.0,521.7639,0.0,123.25211,0.0,232.1248,251.88783,0.0,0.0,0.0,0.0,0.0,0.0,0.0,0.0,225.00293,0.0,0.0,0.0,0.0,215.64241,0.0,418.38828,0.0,0.0,0.0,0.0,0.0,0.0,473.32178,0.0,0.0,0.0,517.43976,256.50696,0.0,0.0,0.74020386,702.25073,384.0538
Sukma,0.0,13.663622,0.0,0.0,0.0,374.77838,0.0,80.75026,80.29065,0.0,0.0,0.0,0.0,0.0,336.0531,0.0,0.0,32.493546,0.0,313.29797,0.0,0.0,65.23181,0.0,0.0,205.57283,0.0,66.24049,0.0,212.02179,248.165,0.0,0.0,0.0,0.0,0.0,0.0,0.0,0.0,64.95296,0.0,0.0,0.0,0.0,64.49753,0.0,267.21362,0.0,0.0,0.0,0.0,0.0,0.0,291.14148,0.0,0.0,0.0,434.6501,65.00098,0.0,0.0,113.971695,442.63516,149.25847
Surajpur,0.0,14.890482,0.0,0.0,0.0,363.91742,0.0,87.994,91.19064,0.0,0.0,0.0,0.0,0.0,318.27744,0.0,0.0,26.96916,0.0,306.79034,0.0,0.0,71.086975,0.0,0.0,213.36905,0.0,67.01811,0.0,198.39607,233.83644,0.0,0.0,0.0,0.0,0.0,0.0,0.0,0.0,69.9315,0.0,0.0,0.0,0.0,73.54225,0.0,260.60748,0.0,0.0,0.0,0.0,0.0,0.0,284.90564,0.0,0.0,0.0,411.02142,68.3011,0.0,0.0,96.867874,430.20584,156.58194
Surguja,0.0,40.348248,0.0,0.0,0.0,538.9956,0.0,270.74512,341.38132,0.0,0.0,62.33303,0.0,0.0,364.6624,0.0,102.79051,37.80902,0.0,505.96777,63.569122,0.0,285.5078,0.0,0.0,523.8058,0.0,118.50835,0.0,206.52121,227.87851,0.0,0.0,0.0,0.0,0.0,0.0,0.0,0.0,232.5678,0.0,0.0,0.0,0.0,221.0287,0.0,400.09674,0.0,0.0,0.0,0.0,0.0,0.0,453.17865,0.0,0.0,0.0,475.1568,270.6278,0.0,0.0,0.0,672.8401,386.63855
Uttarbastarkanker,0.0,22.048044,0.0,0.0,0.0,437.37714,0.0,132.50993,149.93271,0.0,0.0,13.96022,0.0,0.0,365.1352,0.0,0.0,39.428123,0.0,383.0108,0.0,0.0,125.275955,0.0,0.0,300.87805,0.0,84.843765,0.0,225.86847,258.28244,0.0,0.0,0.0,0.0,0.0,0.0,0.0,0.0,110.35393,0.0,0.0,0.0,0.0,108.09756,0.0,319.91556,0.0,0.0,0.0,0.0,0.0,0.0,354.17462,0.0,0.0,0.0,471.5223,119.18802,0.0,0.0,85.581604,530.4408,217.47096
Dadraandnagarhaveli,0.0,45.80239,0.0,0.0,0.0,530.8179,0.0,301.5357,392.12192,0.0,0.0,79.745316,0.0,0.0,324.99905,0.0,153.80878,27.971132,0.0,505.84845,124.56888,0.0,322.36884,0.0,0.0,578.2843,0.0,126.42454,0.0,177.57193,185.86665,0.0,0.0,0.0,0.0,0.0,0.0,0.0,0.0,265.1964,0.0,0.0,0.0,0.0,255.88602,0.0,396.72348,0.0,0.0,0.0,0.0,0.0,0.0,453.0864,0.0,0.0,0.0,428.84134,302.4342,0.0,0.0,0.0,670.0624,432.5331
Daman,0.0,58.465786,0.0,0.0,0.0,614.10156,0.0,393.37164,519.7661,0.0,0.0,115.10336,0.0,0.0,341.125,0.0,230.66724,31.401018,0.0,602.1429,211.33127,0.0,429.13974,0.0,0.0,736.8248,0.0,153.67197,0.0,177.90807,176.927,0.0,0.0,0.0,0.0,0.0,0.0,0.0,0.0,347.34464,0.0,0.0,0.0,0.0,334.24136,0.0,464.6599,0.0,0.0,0.0,0.0,0.0,0.0,535.96924,0.0,0.0,0.0,452.4162,401.3896,0.0,0.0,0.0,787.10876,551.12805
Diu,0.0,27.979027,0.0,0.0,0.0,576.0082,0.0,129.68512,140.67575,0.0,0.0,21.677963,0.0,0.0,520.1918,0.0,0.0,76.34518,0.0,503.41125,0.0,0.0,121.97278,0.0,0.0,356.87344,0.0,114.19173,0.0,340.68655,373.72144,0.0,0.0,0.0,0.0,0.0,0.0,0.0,0.0,107.293274,0.0,0.0,0.0,0.0,114.97882,0.0,436.27045,0.0,0.0,0.0,0.0,0.0,0.0,487.70923,0.0,0.0,0.0,673.90826,105.72574,0.0,0.0,164.90222,711.83777,246.02287
Northgoa,0.0,27.531605,0.0,0.0,0.0,566.5352,0.0,151.38765,168.46024,0.0,0.0,32.038498,0.0,0.0,493.72348,0.0,0.0,66.81991,0.0,500.94028,0.0,0.0,140.0408,0.0,0.0,378.0946,0.0,116.702866,0.0,316.58447,352.3045,0.0,0.0,0.0,0.0,0.0,0.0,0.0,0.0,121.13162,0.0,0.0,0.0,0.0,134.60783,0.0,428.06622,0.0,0.0,0.0,0.0,0.0,0.0,482.05975,0.0,0.0,0.0,638.2362,121.52594,0.0,0.0,132.51651,698.71106,265.77652
Southgoa,0.0,32.13932,0.0,0.0,0.0,596.9196,0.0,180.1202,209.38086,0.0,0.0,42.69744,0.0,0.0,503.3849,0.0,0.0,69.10421,0.0,534.8731,0.0,0.0,174.6745,0.0,0.0,429.92642,0.0,125.9813,0.0,319.51736,352.40826,0.0,0.0,0.0,0.0,0.0,0.0,0.0,0.0,147.42781,0.0,0.0,0.0,0.0,159.27115,0.0,451.9148,0.0,0.0,0.0,0.0,0.0,0.0,512.0776,0.0,0.0,0.0,652.4152,153.6672,0.0,0.0,114.14682,741.5157,304.59235
Ahmadabad,0.0,22.382412,0.0,0.0,0.0,452.36212,0.0,135.65727,153.89368,0.0,0.0,12.216682,0.0,0.0,378.5249,0.0,0.0,43.059372,0.0,395.8641,0.0,0.0,130.13289,0.0,0.0,309.25613,0.0,86.62555,0.0,235.18205,267.7792,0.0,0.0,0.0,0.0,0.0,0.0,0.0,0.0,114.13008,0.0,0.0,0.0,0.0,109.3631,0.0,330.76938,0.0,0.0,0.0,0.0,0.0,0.0,365.66797,0.0,0.0,0.0,489.4071,125.369934,0.0,0.0,91.02504,549.33044,223.03201
Amreli,0.0,4.3016586,0.0,0.0,0.0,458.23083,0.0,0.0,0.0,0.0,0.0,0.0,0.0,77.94849,521.86084,0.0,0.0,74.24126,0.0,363.23724,0.0,0.0,0.0,0.0,0.0,92.58563,0.0,77.00394,0.0,360.54523,415.63458,0.0,0.0,0.0,0.0,0.0,0.0,0.0,0.0,0.0,0.0,0.0,6.341156,0.0,0.0,0.0,342.21796,0.0,0.0,0.0,0.0,0.0,0.0,376.17944,0.0,0.0,0.0,669.0283,0.0,44.493256,0.0,291.97522,542.2819,46.916214
Anand,0.0,8.014162,0.0,0.0,0.0,403.63065,0.0,34.15242,7.1617126,0.0,0.0,0.0,0.0,0.0,412.94763,0.0,0.0,49.807205,0.0,331.05725,0.0,0.0,6.074524,0.0,0.0,146.85738,0.0,67.497284,0.0,270.19736,320.86588,0.0,0.0,0.0,0.0,0.0,0.0,0.0,0.0,16.202774,0.0,0.0,0.0,0.0,26.751907,0.0,292.57654,0.0,0.0,0.0,0.0,0.0,0.0,320.57785,0.0,0.0,0.0,527.4308,3.1867218,0.0,0.0,188.4761,475.3887,96.800766
Aravalli,0.0,14.369469,0.0,0.0,0.0,370.8251,0.0,89.99591,91.3719,0.0,0.0,0.0,0.0,0.0,326.81302,0.0,0.0,31.22566,0.0,312.66104,0.0,0.0,76.926544,0.0,0.0,212.23799,0.0,64.10682,0.0,202.61038,239.8716,0.0,0.0,0.0,0.0,0.0,0.0,0.0,0.0,73.00719,0.0,0.0,0.0,0.0,67.034195,0.0,263.07025,0.0,0.0,0.0,0.0,0.0,0.0,285.6599,0.0,0.0,0.0,420.6177,79.333725,0.0,0.0,102.18071,437.94995,153.94882
Banaskantha,0.0,36.319,0.0,0.0,0.0,581.1832,0.0,227.99434,277.27084,0.0,0.0,50.25605,0.0,0.0,447.93088,0.0,29.504456,59.507183,0.0,532.7988,0.0,0.0,235.64703,0.0,0.0,484.5092,0.0,123.582085,0.0,273.4317,299.33005,0.0,0.0,0.0,0.0,0.0,0.0,0.0,0.0,193.86963,0.0,0.0,0.0,0.0,188.40883,0.0,436.8015,0.0,0.0,0.0,0.0,0.0,0.0,493.28833,0.0,0.0,0.0,580.87854,219.35648,0.0,0.0,50.034943,725.2196,348.59674
Bharuch,0.0,0.0,0.0,0.0,0.0,792.4003,0.0,0.0,0.0,0.0,0.0,0.0,140.30933,689.7515,1284.5844,0.0,0.0,250.15544,0.0,577.6928,0.0,0.0,0.0,0.0,0.0,0.0,0.0,123.91391,14.619202,961.45874,1108.8558,0.0,0.0,0.0,0.0,0.0,0.0,0.0,36.50798,0.0,0.0,0.0,245.84927,0.0,0.0,0.0,654.0266,0.0,0.0,0.0,0.0,0.0,0.0,736.74805,0.0,0.0,0.0,1615.5487,0.0,472.5697,0.0,997.5587,934.51886,0.0
Bhavnagar,0.0,13.663702,0.0,0.0,0.0,385.3061,0.0,78.677505,74.50366,0.0,0.0,0.0,0.0,0.0,350.89465,0.0,0.0,34.62143,0.0,321.77982,0.0,0.0,61.20999,0.0,0.0,201.34236,0.0,66.19637,0.0,221.84973,262.19006,0.0,0.0,0.0,0.0,0.0,0.0,0.0,0.0,60.91484,0.0,0.0,0.0,0.0,60.136673,0.0,274.71127,0.0,0.0,0.0,0.0,0.0,0.0,298.33633,0.0,0.0,0.0,452.48346,60.749115,0.0,0.0,122.84851,453.63232,144.62813
Botad,0.0,36.064144,0.0,0.0,0.0,582.13635,0.0,221.59439,270.56564,0.0,0.0,55.623077,0.0,0.0,452.50464,0.0,22.398468,58.294937,0.0,532.9902,0.0,0.0,225.49506,0.0,0.0,482.2132,0.0,127.83178,0.0,277.85254,303.73697,0.0,0.0,0.0,0.0,0.0,0.0,0.0,0.0,186.65715,0.0,0.0,0.0,0.0,191.78937,0.0,439.412,0.0,0.0,0.0,0.0,0.0,0.0,499.71698,0.0,0.0,0.0,587.5427,204.65004,0.0,0.0,55.577393,727.8489,348.25372
Chhotaudaipur,0.0,31.390911,0.0,0.0,0.0,566.0879,0.0,179.35849,210.78659,0.0,0.0,43.178917,0.0,0.0,470.00952,0.0,0.0,62.237766,0.0,508.91742,0.0,0.0,174.48471,0.0,0.0,419.16974,0.0,120.67333,0.0,295.98785,327.0521,0.0,0.0,0.0,0.0,0.0,0.0,0.0,0.0,147.72275,0.0,0.0,0.0,0.0,158.48074,0.0,427.9137,0.0,0.0,0.0,0.0,0.0,0.0,485.35248,0.0,0.0,0.0,609.2422,154.09369,0.0,0.0,97.2623,702.8428,298.63168
Dahod,0.0,13.015528,0.0,0.0,0.0,362.52362,0.0,78.11279,75.44562,0.0,0.0,0.0,0.0,0.0,326.46133,0.0,0.0,28.904034,0.0,302.8412,0.0,0.0,59.13658,0.0,0.0,193.8355,0.0,63.647095,0.0,204.68591,244.47188,0.0,0.0,0.0,0.0,0.0,0.0,0.0,0.0,60.078094,0.0,0.0,0.0,0.0,60.887077,0.0,257.0862,0.0,0.0,0.0,0.0,0.0,0.0,280.0798,0.0,0.0,0.0,420.53625,57.567993,0.0,0.0,109.87036,425.12314,140.97537
Devbhumidwarka,0.0,32.578255,0.0,0.0,0.0,452.42786,0.0,222.28836,279.5291,0.0,0.0,45.408447,0.0,0.0,305.79022,0.0,84.774,25.475906,0.0,417.6994,47.086517,0.0,229.78157,0.0,0.0,430.29248,0.0,98.29471,0.0,172.84297,193.2867,0.0,0.0,0.0,0.0,0.0,0.0,0.0,0.0,191.827,0.0,0.0,0.0,0.0,182.64679,0.0,331.24887,0.0,0.0,0.0,0.0,0.0,0.0,372.5332,0.0,0.0,0.0,399.73932,219.54872,0.0,0.0,0.0,557.83,321.17096
Gandhinagar,0.0,43.93759,0.0,0.0,0.0,566.83527,0.0,293.61688,375.7835,0.0,0.0,66.54059,0.0,0.0,374.06277,0.0,125.05414,41.048214,0.0,534.0737,83.67676,0.0,316.4574,0.0,0.0,569.5751,0.0,125.96892,0.0,211.57239,227.22632,0.0,0.0,0.0,0.0,0.0,0.0,0.0,0.0,258.39893,0.0,0.0,0.0,0.0,240.03682,0.0,421.34378,0.0,0.0,0.0,0.0,0.0,0.0,476.73175,0.0,0.0,0.0,489.6142,302.6203,0.0,0.0,0.0,712.8888,421.52835
Girsomnath,0.0,30.127338,0.0,0.0,0.0,591.6856,0.0,146.57928,163.70609,0.0,0.0,27.818863,0.0,0.0,524.2985,0.0,0.0,77.759125,0.0,521.84937,0.0,0.0,141.91235,0.0,0.0,385.67838,0.0,119.04843,0.0,341.25754,372.9067,0.0,0.0,0.0,0.0,0.0,0.0,0.0,0.0,122.29025,0.0,0.0,0.0,0.0,128.66321,0.0,449.13977,0.0,0.0,0.0,0.0,0.0,0.0,503.5022,0.0,0.0,0.0,679.2853,124.631744,0.0,0.0,153.33527,734.114,267.11877
Jamnagar,0.0,6.6690254,0.0,0.0,0.0,417.65228,0.0,14.005249,0.0,0.0,0.0,0.0,0.0,17.588196,441.7347,0.0,0.0,58.711067,0.0,340.12433,0.0,0.0,0.0,0.0,0.0,138.37024,0.0,74.582405,0.0,298.1318,344.0892,0.0,0.0,0.0,0.0,0.0,0.0,0.0,0.0,0.08850098,0.0,0.0,0.0,0.0,20.85199,0.0,309.5246,0.0,0.0,0.0,0.0,0.0,0.0,342.12286,0.0,0.0,0.0,566.5865,0.0,6.5519867,0.0,218.25923,496.88977,87.577515
Junagadh,0.0,33.767044,0.0,0.0,0.0,612.5825,0.0,209.33621,247.04294,0.0,0.0,53.87233,0.0,0.0,502.03296,0.0,0.0,71.92641,0.0,560.444,0.0,0.0,209.09311,0.0,0.0,471.7932,0.0,131.61441,0.0,312.82108,346.07947,0.0,0.0,0.0,0.0,0.0,0.0,0.0,0.0,171.12837,0.0,0.0,0.0,0.0,179.7215,0.0,466.03357,0.0,0.0,0.0,0.0,0.0,0.0,531.52997,0.0,0.0,0.0,647.62573,187.07526,0.0,0.0,89.71561,766.1201,333.5669
Kachchh,0.0,30.577929,0.0,0.0,0.0,512.70087,0.0,179.89484,216.31348,0.0,0.0,34.7265,0.0,0.0,407.52655,0.0,6.121155,49.19533,0.0,459.97577,0.0,0.0,180.46051,0.0,0.0,399.67688,0.0,106.78717,0.0,252.10786,277.8322,0.0,0.0,0.0,0.0,0.0,0.0,0.0,0.0,153.94325,0.0,0.0,0.0,0.0,152.9931,0.0,382.51395,0.0,0.0,0.0,0.0,0.0,0.0,429.06592,0.0,0.0,0.0,530.1428,167.49968,0.0,0.0,67.737305,633.5387,289.12592
Kheda,0.0,10.90345,0.0,0.0,0.0,404.36053,0.0,50.239273,30.503174,0.0,0.0,0.0,0.0,0.0,399.2949,0.0,0.0,45.78327,0.0,334.48645,0.0,0.0,25.05188,0.0,0.0,167.6503,0.0,67.983925,0.0,258.65726,307.41254,0.0,0.0,0.0,0.0,0.0,0.0,0.0,0.0,31.117126,0.0,0.0,0.0,0.0,37.977036,0.0,291.72867,0.0,0.0,0.0,0.0,0.0,0.0,319.12482,0.0,0.0,0.0,510.82996,22.09639,0.0,0.0,168.73277,476.59763,113.951935
Mahesana,0.0,28.41923,0.0,0.0,0.0,520.0367,0.0,168.00862,195.97623,0.0,0.0,28.02549,0.0,0.0,428.10284,0.0,0.0,54.782158,0.0,464.12183,0.0,0.0,166.76955,0.0,0.0,380.31808,0.0,104.529434,0.0,267.1608,297.80554,0.0,0.0,0.0,0.0,0.0,0.0,0.0,0.0,141.47346,0.0,0.0,0.0,0.0,138.73279,0.0,387.46823,0.0,0.0,0.0,0.0,0.0,0.0,432.83374,0.0,0.0,0.0,553.9798,155.73622,0.0,0.0,88.75827,640.7137,271.73727
Mahisagar,0.0,15.646465,0.0,0.0,0.0,351.92007,0.0,90.53656,99.33884,0.0,0.0,0.0,0.0,0.0,300.04913,0.0,0.0,23.705559,0.0,295.2302,0.0,0.0,78.505905,0.0,0.0,215.94626,0.0,64.099434,0.0,185.82094,217.32973,0.0,0.0,0.0,0.0,0.0,0.0,0.0,0.0,78.01689,0.0,0.0,0.0,0.0,74.45406,0.0,248.80443,0.0,0.0,0.0,0.0,0.0,0.0,270.47235,0.0,0.0,0.0,389.35333,79.23625,0.0,0.0,87.69818,416.59436,161.1938
Morbi,0.0,7.7421417,0.0,0.0,0.0,428.85132,0.0,14.690186,0.0,0.0,0.0,0.0,0.0,20.561523,456.14478,0.0,0.0,58.690372,0.0,348.86395,0.0,0.0,0.0,0.0,0.0,132.63666,0.0,73.111496,0.0,305.67886,358.75827,0.0,0.0,0.0,0.0,0.0,0.0,0.0,0.0,0.0,0.0,0.0,0.0,0.0,16.521896,0.0,315.72015,0.0,0.0,0.0,0.0,0.0,0.0,347.74805,0.0,0.0,0.0,584.22003,0.0,5.9022064,0.0,223.54715,505.86218,82.23752
Narmada,0.0,12.462158,0.0,0.0,0.0,786.7699,0.0,0.0,0.0,0.0,0.0,22.838905,0.0,87.92267,890.5558,0.0,0.0,160.75974,0.0,670.8815,0.0,0.0,0.0,0.0,0.0,244.11691,0.0,158.22984,0.0,621.435,696.1111,0.0,0.0,0.0,0.0,0.0,0.0,0.0,0.0,0.0,0.0,0.0,19.921661,0.0,27.769623,0.0,628.808,0.0,0.0,0.0,0.0,0.0,0.0,718.301,0.0,0.0,0.0,1132.3921,0.0,81.0058,0.0,449.80383,973.59155,121.49158
Navsari,0.0,0.0,0.0,0.0,0.0,653.36084,0.0,0.0,0.0,0.0,0.0,0.0,25.01062,432.67734,969.79236,0.0,0.0,178.85318,0.0,491.61816,0.0,0.0,0.0,0.0,0.0,0.0,0.0,104.49794,0.0,711.34534,824.18933,0.0,0.0,0.0,0.0,0.0,0.0,0.0,0.0,0.0,0.0,0.0,149.6476,0.0,0.0,0.0,525.33386,0.0,0.0,0.0,0.0,0.0,0.0,588.8241,0.0,0.0,0.0,1221.1561,0.0,293.3382,0.0,701.5868,770.3312,0.0
Panchmahals,0.0,21.579563,0.0,0.0,0.0,472.6772,0.0,118.803665,128.57568,0.0,0.0,17.988258,0.0,0.0,416.17065,0.0,0.0,48.55667,0.0,411.3233,0.0,0.0,103.09999,0.0,0.0,298.00854,0.0,94.713,0.0,263.95642,301.663,0.0,0.0,0.0,0.0,0.0,0.0,0.0,0.0,93.65411,0.0,0.0,0.0,0.0,105.09152,0.0,350.29425,0.0,0.0,0.0,0.0,0.0,0.0,393.0977,0.0,0.0,0.0,537.3591,90.099686,0.0,0.0,119.422485,574.61743,212.3942
Patan,0.0,39.466118,0.0,0.0,0.0,587.56055,0.0,239.95059,297.95227,0.0,0.0,58.838425,0.0,0.0,442.84204,0.0,44.983368,57.97578,0.0,542.5941,0.0,0.0,251.00676,0.0,0.0,509.9792,0.0,128.25609,0.0,268.94037,291.04306,0.0,0.0,0.0,0.0,0.0,0.0,0.0,0.0,206.87134,0.0,0.0,0.0,0.0,203.52058,0.0,443.88693,0.0,0.0,0.0,0.0,0.0,0.0,503.20032,0.0,0.0,0.0,575.5265,232.47247,0.0,0.0,36.7789,738.09015,368.8368
Porbandar,0.0,4.331726,0.0,0.0,0.0,445.33698,0.0,0.0,0.0,0.0,0.0,0.0,0.0,63.38257,501.266,0.0,0.0,71.51127,0.0,356.67566,0.0,0.0,0.0,0.0,0.0,100.04709,0.0,75.59575,0.0,344.33527,398.95517,0.0,0.0,0.0,0.0,0.0,0.0,0.0,0.0,0.0,0.0,0.0,3.9027023,0.0,0.0,0.0,332.13162,0.0,0.0,0.0,0.0,0.0,0.0,365.84003,0.0,0.0,0.0,640.6312,0.0,34.888443,0.0,272.91046,527.7064,52.841736
Rajkot,0.0,94.21193,0.0,0.0,0.0,886.4308,0.0,615.0433,824.2656,0.0,0.0,197.66098,0.0,0.0,458.07263,0.0,390.8465,54.49441,0.0,890.5228,379.66415,0.0,685.12646,0.0,0.0,1148.573,0.0,232.90222,0.0,233.67369,210.52072,0.0,0.0,0.0,0.0,0.0,0.0,0.0,0.0,545.9595,0.0,0.0,0.0,0.0,527.46234,0.0,685.14136,0.0,0.0,0.0,0.0,0.0,0.0,800.6463,0.0,0.0,0.0,615.728,636.60693,0.0,0.0,0.0,1158.7451,855.10205
Sabarkantha,0.0,10.5612545,0.0,0.0,0.0,402.5428,0.0,41.65149,21.77182,0.0,0.0,0.0,0.0,0.0,400.9003,0.0,0.0,48.348454,0.0,329.21225,0.0,0.0,19.821518,0.0,0.0,160.4809,0.0,65.748405,0.0,263.34106,307.4218,0.0,0.0,0.0,0.0,0.0,0.0,0.0,0.0,29.026138,0.0,0.0,0.0,0.0,31.52562,0.0,291.09796,0.0,0.0,0.0,0.0,0.0,0.0,315.04773,0.0,0.0,0.0,515.31476,20.001862,0.0,0.0,178.24666,475.2456,108.30914
Surat,0.0,354.6085,0.0,0.0,0.0,2566.734,0.0,2323.495,3234.2234,0.0,0.0,887.138,0.0,0.0,875.27045,0.0,1828.0586,137.1667,0.0,2785.6028,1984.3397,0.0,2684.216,0.0,0.0,4239.8867,0.0,797.357,0.0,338.47366,99.76248,0.0,825.0312,0.0,0.0,95.67792,0.0,0.0,0.0,2111.2136,0.0,0.0,0.0,0.0,2044.881,0.0,2069.192,0.0,0.0,0.0,0.0,0.0,0.0,2489.6682,0.0,0.0,0.0,1231.3457,2466.8677,0.0,0.0,0.0,3539.3984,3172.6484
Surendranagar,0.0,5.9834557,0.0,0.0,0.0,432.30994,0.0,4.562088,0.0,0.0,0.0,0.0,0.0,29.384369,468.58105,0.0,0.0,65.84699,0.0,350.9713,0.0,0.0,0.0,0.0,0.0,126.82066,0.0,74.00742,0.0,317.2065,366.55508,0.0,0.0,0.0,0.0,0.0,0.0,0.0,0.0,0.0,0.0,0.0,0.0,0.0,9.444946,0.0,321.3775,0.0,0.0,0.0,0.0,0.0,0.0,353.65274,0.0,0.0,0.0,598.9076,0.0,12.663239,0.0,239.83133,514.3735,75.09746
Tapi,0.0,13.052444,0.0,0.0,0.0,796.541,0.0,0.0,0.0,0.0,0.0,18.349556,0.0,104.2514,907.35956,0.0,0.0,162.90945,0.0,674.08057,0.0,0.0,0.0,0.0,0.0,232.87738,0.0,157.55331,0.0,636.6235,711.4854,0.0,0.0,0.0,0.0,0.0,0.0,0.0,0.0,0.0,0.0,0.0,22.065353,0.0,18.691345,0.0,636.03754,0.0,0.0,0.0,0.0,0.0,0.0,723.265,0.0,0.0,0.0,1155.8221,0.0,89.415955,0.0,467.59918,982.7195,112.17465
Thedangs,0.0,76.234436,0.0,0.0,0.0,883.9487,0.0,465.78424,612.42285,0.0,0.0,160.63629,0.0,0.0,580.05286,0.0,200.30872,84.17781,0.0,857.6472,169.64307,0.0,507.8717,0.0,0.0,951.5048,0.0,222.95071,0.0,342.16074,338.71606,0.0,0.0,0.0,0.0,0.0,0.0,0.0,0.0,408.9319,0.0,0.0,0.0,0.0,415.5555,0.0,689.6481,0.0,0.0,0.0,0.0,0.0,0.0,802.90125,0.0,0.0,0.0,764.57806,456.53323,0.0,0.0,0.0,1147.8375,694.8349
Vadodara,0.0,77.3233,0.0,0.0,0.0,778.57983,0.0,480.0517,642.0434,0.0,0.0,150.47318,0.0,0.0,445.00632,0.0,278.72726,51.50546,0.0,761.3454,253.25772,0.0,529.64124,0.0,0.0,932.3827,0.0,199.31999,0.0,243.82274,228.83783,0.0,0.0,0.0,0.0,0.0,0.0,0.0,0.0,430.20282,0.0,0.0,0.0,0.0,420.45645,0.0,598.8978,0.0,0.0,0.0,0.0,0.0,0.0,695.22766,0.0,0.0,0.0,597.33075,489.9069,0.0,0.0,0.0,1009.2817,694.24896
Valsad,0.0,6.1921806,0.0,0.0,0.0,421.8532,0.0,7.995468,0.0,0.0,0.0,0.0,0.0,28.57727,454.31845,0.0,0.0,60.033314,0.0,343.66568,0.0,0.0,0.0,0.0,0.0,128.09201,0.0,75.12276,0.0,306.48743,357.24472,0.0,0.0,0.0,0.0,0.0,0.0,0.0,0.0,0.0,0.0,0.0,0.0,0.0,16.049194,0.0,313.97394,0.0,0.0,0.0,0.0,0.0,0.0,347.52893,0.0,0.0,0.0,580.5131,0.0,15.245499,0.0,227.36617,500.74207,78.13516
Ambala,0.0,49.28051,0.0,0.0,0.0,577.773,0.0,327.2083,425.46927,0.0,0.0,86.53083,0.0,0.0,356.45587,0.0,162.64441,34.874302,0.0,553.05566,131.49347,0.0,352.1074,0.0,0.0,625.9322,0.0,135.98785,0.0,195.9946,206.32275,0.0,0.0,0.0,0.0,0.0,0.0,0.0,0.0,287.72885,0.0,0.0,0.0,0.0,274.64288,0.0,432.74036,0.0,0.0,0.0,0.0,0.0,0.0,494.0866,0.0,0.0,0.0,468.3686,331.67218,0.0,0.0,0.0,731.8409,466.31094
Bhiwani,0.0,40.261597,0.0,0.0,0.0,561.887,0.0,271.48248,342.86722,0.0,0.0,63.314552,0.0,0.0,389.1645,0.0,94.714966,47.131954,0.0,526.8829,51.835907,0.0,288.58914,0.0,0.0,538.16376,0.0,124.407875,0.0,225.68758,243.9758,0.0,0.0,0.0,0.0,0.0,0.0,0.0,0.0,235.38168,0.0,0.0,0.0,0.0,223.41911,0.0,420.27106,0.0,0.0,0.0,0.0,0.0,0.0,477.6371,0.0,0.0,0.0,508.1647,273.48245,0.0,0.0,0.0,705.507,394.69446
Faridabad,0.0,116.50143,0.0,0.0,0.0,1375.0957,0.0,678.8225,886.5749,0.0,0.0,282.9546,0.0,0.0,954.1075,0.0,232.64154,163.52444,0.0,1344.9003,206.81976,0.0,733.67206,0.0,0.0,1448.9395,0.0,362.50418,0.0,586.81256,570.3853,0.0,0.0,0.0,0.0,12.345889,0.0,0.0,0.0,580.3133,0.0,0.0,0.0,0.0,632.5282,0.0,1105.0123,0.0,0.0,0.0,0.0,0.0,0.0,1302.663,0.0,0.0,0.0,1254.8699,627.06226,0.0,0.0,0.0,1806.7821,1038.6902
Fatehabad,0.0,15.484039,0.0,0.0,0.0,354.8926,0.0,110.06746,119.084656,0.0,0.0,0.0,0.0,0.0,293.14105,0.0,0.0,21.83508,0.0,302.82532,0.0,0.0,98.688156,0.0,0.0,226.18808,0.0,61.36516,0.0,175.44147,213.56854,0.0,0.0,0.0,0.0,0.0,0.0,0.0,0.0,88.0932,0.0,0.0,0.0,0.0,79.68118,0.0,248.0275,0.0,0.0,0.0,0.0,0.0,0.0,267.92035,0.0,0.0,0.0,377.8492,100.550766,0.0,0.0,68.313644,415.8343,168.08836
Gurgaon,0.0,152.00056,0.0,0.0,0.0,1444.1425,0.0,948.20374,1278.4783,0.0,0.0,363.8714,0.0,0.0,799.15625,0.0,554.9935,124.75475,0.0,1467.0936,565.5213,0.0,1058.8561,0.0,0.0,1846.1157,0.0,399.9197,0.0,440.68198,388.32404,0.0,0.0,0.0,0.0,14.207251,0.0,0.0,0.0,836.17834,0.0,0.0,0.0,0.0,848.36127,0.0,1151.7211,0.0,0.0,0.0,0.0,0.0,0.0,1364.5239,0.0,0.0,0.0,1068.222,949.2174,0.0,0.0,0.0,1922.3262,1356.7449
Hisar,0.0,13.974339,0.0,0.0,0.0,366.80573,0.0,79.23871,80.61577,0.0,0.0,0.0,0.0,0.0,328.00397,0.0,0.0,32.596176,0.0,307.3156,0.0,0.0,65.59482,0.0,0.0,204.91277,0.0,65.82709,0.0,207.6439,241.25061,0.0,0.0,0.0,0.0,0.0,0.0,0.0,0.0,65.64879,0.0,0.0,0.0,0.0,64.575035,0.0,262.3908,0.0,0.0,0.0,0.0,0.0,0.0,286.03067,0.0,0.0,0.0,423.63086,65.833405,0.0,0.0,111.131,435.88333,148.84146
Jhajjar,0.0,0.0,0.0,0.0,0.0,489.49933,0.0,0.0,0.0,0.0,0.0,0.0,0.0,125.36606,591.9201,0.0,0.0,91.52906,0.0,386.71005,0.0,0.0,0.0,0.0,0.0,52.092285,0.0,80.33488,0.0,412.36145,479.41565,0.0,0.0,0.0,0.0,0.0,0.0,0.0,0.0,0.0,0.0,0.0,29.529099,0.0,0.0,0.0,370.9975,0.0,0.0,0.0,0.0,0.0,0.0,409.82498,0.0,0.0,0.0,752.37103,0.0,77.40674,0.0,351.4982,578.2917,7.0450134
Jind,0.0,14.759052,0.0,0.0,0.0,357.88727,0.0,87.900345,90.88771,0.0,0.0,0.0,0.0,0.0,311.983,0.0,0.0,26.470158,0.0,300.63962,0.0,0.0,73.281876,0.0,0.0,208.44252,0.0,63.62616,0.0,193.5774,228.98633,0.0,0.0,0.0,0.0,0.0,0.0,0.0,0.0,71.069275,0.0,0.0,0.0,0.0,69.07659,0.0,253.59235,0.0,0.0,0.0,0.0,0.0,0.0,275.3259,0.0,0.0,0.0,401.98734,73.697495,0.0,0.0,95.52226,422.14966,153.14734
Kaithal,0.0,14.34963,0.0,0.0,0.0,338.6499,0.0,89.58705,98.01997,0.0,0.0,0.0,0.0,0.0,286.9856,0.0,0.0,21.656506,0.0,284.9415,0.0,0.0,77.06705,0.0,0.0,208.68857,0.0,61.27034,0.0,176.83574,208.78482,0.0,0.0,0.0,0.0,0.0,0.0,0.0,0.0,76.83167,0.0,0.0,0.0,0.0,72.650444,0.0,239.33905,0.0,0.0,0.0,0.0,0.0,0.0,259.23718,0.0,0.0,0.0,371.57843,78.090805,0.0,0.0,81.672516,399.72534,155.89847
Karnal,0.0,16.665401,0.0,0.0,0.0,352.46582,0.0,102.68471,115.78812,0.0,0.0,0.0,0.0,0.0,290.88275,0.0,0.0,21.332136,0.0,299.16214,0.0,0.0,91.9073,0.0,0.0,228.99472,0.0,64.45249,0.0,178.09494,210.08467,0.0,0.0,0.0,0.0,0.0,0.0,0.0,0.0,87.42909,0.0,0.0,0.0,0.0,81.71814,0.0,248.46054,0.0,0.0,0.0,0.0,0.0,0.0,269.6948,0.0,0.0,0.0,377.40692,91.17723,0.0,0.0,73.39668,417.0841,171.52443
Kurukshetra,0.0,11.508184,0.0,0.0,0.0,365.8042,0.0,75.591446,66.770996,0.0,0.0,0.0,0.0,0.0,336.88593,0.0,0.0,33.23674,0.0,306.94586,0.0,0.0,55.11978,0.0,0.0,187.08078,0.0,63.001762,0.0,211.23955,253.7851,0.0,0.0,0.0,0.0,0.0,0.0,0.0,0.0,54.420517,0.0,0.0,0.0,0.0,55.312233,0.0,261.34253,0.0,0.0,0.0,0.0,0.0,0.0,284.31506,0.0,0.0,0.0,430.2032,54.680267,0.0,0.0,116.78815,428.9479,132.48895
Mahendragarh,0.0,34.50565,0.0,0.0,0.0,616.39185,0.0,209.11055,246.50003,0.0,0.0,50.106697,0.0,0.0,503.58496,0.0,0.0,69.56417,0.0,559.2452,0.0,0.0,208.07468,0.0,0.0,470.48096,0.0,130.85704,0.0,315.0149,347.778,0.0,0.0,0.0,0.0,0.0,0.0,0.0,0.0,171.18895,0.0,0.0,0.0,0.0,178.85664,0.0,466.60437,0.0,0.0,0.0,0.0,0.0,0.0,528.916,0.0,0.0,0.0,652.0168,186.48303,0.0,0.0,91.23129,767.02844,334.35944
Mewat,0.0,52.30141,0.0,0.0,0.0,930.0299,0.0,271.23886,317.65607,0.0,0.0,116.14862,0.0,0.0,804.0314,0.0,0.0,133.90762,0.0,856.768,0.0,0.0,261.83987,0.0,0.0,695.64594,0.0,218.18242,0.0,525.6863,559.6714,0.0,0.0,0.0,0.0,0.0,0.0,0.0,0.0,211.83853,0.0,0.0,0.0,0.0,267.10446,0.0,737.52405,0.0,0.0,0.0,0.0,0.0,0.0,855.90845,0.0,0.0,0.0,1040.4745,199.94366,0.0,0.0,181.49365,1185.5197,478.3279
Palwal,0.0,0.0,0.0,0.0,0.0,612.8872,0.0,0.0,0.0,0.0,0.0,0.0,0.0,370.0441,884.9305,0.0,0.0,158.95808,0.0,463.23163,0.0,0.0,0.0,0.0,0.0,0.0,0.0,97.65639,0.0,643.97754,748.17053,0.0,0.0,0.0,0.0,0.0,0.0,0.0,0.0,0.0,0.0,0.0,126.080505,0.0,0.0,0.0,485.25616,0.0,0.0,0.0,0.0,0.0,0.0,544.13745,0.0,0.0,0.0,1117.0234,0.0,248.26085,0.0,630.6262,722.6991,0.0
Panchkula,0.0,9.677809,0.0,0.0,0.0,406.1059,0.0,44.78102,23.357422,0.0,0.0,0.0,0.0,0.0,403.69714,0.0,0.0,47.742607,0.0,333.43433,0.0,0.0,18.412903,0.0,0.0,164.83372,0.0,69.45346,0.0,265.6699,311.07855,0.0,0.0,0.0,0.0,0.0,0.0,0.0,0.0,27.49997,0.0,0.0,0.0,0.0,36.28337,0.0,295.38715,0.0,0.0,0.0,0.0,0.0,0.0,321.3329,0.0,0.0,0.0,518.0225,14.228836,0.0,0.0,175.57251,478.49475,111.289825
Panipat,0.0,12.5318775,0.0,0.0,0.0,374.78186,0.0,77.266205,72.39317,0.0,0.0,0.0,0.0,0.0,342.60147,0.0,0.0,36.096718,0.0,314.56036,0.0,0.0,61.002563,0.0,0.0,199.28296,0.0,65.85647,0.0,216.46198,253.9776,0.0,0.0,0.0,0.0,0.0,0.0,0.0,0.0,60.00154,0.0,0.0,0.0,0.0,60.21454,0.0,269.56482,0.0,0.0,0.0,0.0,0.0,0.0,293.6383,0.0,0.0,0.0,440.2388,61.63449,0.0,0.0,119.31198,443.7227,141.93738
Rewari,0.0,0.0,0.0,0.0,0.0,532.3236,0.0,0.0,0.0,0.0,0.0,0.0,0.0,217.35269,692.7254,0.0,0.0,111.95146,0.0,409.87585,0.0,0.0,0.0,0.0,0.0,0.0,0.0,87.13284,0.0,494.21097,572.1522,0.0,0.0,0.0,0.0,0.0,0.0,0.0,0.0,0.0,0.0,0.0,60.957214,0.0,0.0,0.0,410.35443,0.0,0.0,0.0,0.0,0.0,0.0,455.22037,0.0,0.0,0.0,880.5616,0.0,142.00842,0.0,451.57938,627.86554,0.0
Rohtak,0.0,13.263586,0.0,0.0,0.0,386.12506,0.0,62.638367,55.467377,0.0,0.0,0.0,0.0,0.0,362.83282,0.0,0.0,39.617184,0.0,319.25055,0.0,0.0,44.56726,0.0,0.0,189.56027,0.0,67.93842,0.0,235.1973,271.50357,0.0,0.0,0.0,0.0,0.0,0.0,0.0,0.0,49.638016,0.0,0.0,0.0,0.0,52.81073,0.0,278.91385,0.0,0.0,0.0,0.0,0.0,0.0,303.75058,0.0,0.0,0.0,469.4988,42.89412,0.0,0.0,141.11414,457.9049,134.4403
Sirsa,0.0,15.604664,0.0,0.0,0.0,344.35007,0.0,100.60097,113.540955,0.0,0.0,0.0,0.0,0.0,284.76035,0.0,0.0,23.679329,0.0,293.69635,0.0,0.0,92.1897,0.0,0.0,227.28423,0.0,63.560192,0.0,174.34369,203.21054,0.0,0.0,0.0,0.0,0.0,0.0,0.0,0.0,87.384476,0.0,0.0,0.0,0.0,80.346725,0.0,244.26022,0.0,0.0,0.0,0.0,0.0,0.0,265.83005,0.0,0.0,0.0,368.1111,93.86688,0.0,0.0,72.7794,410.34137,168.96362
Sonipat,0.0,38.574295,0.0,0.0,0.0,574.113,0.0,251.52779,311.91943,0.0,0.0,61.587257,0.0,0.0,420.43726,0.0,60.797333,51.096188,0.0,533.54565,16.513275,0.0,261.39307,0.0,0.0,513.39856,0.0,126.1378,0.0,249.42734,274.5836,0.0,0.0,0.0,0.0,0.0,0.0,0.0,0.0,212.96597,0.0,0.0,0.0,0.0,209.90213,0.0,430.5534,0.0,0.0,0.0,0.0,0.0,0.0,489.3622,0.0,0.0,0.0,545.7611,242.70142,0.0,0.0,16.00708,718.6591,374.07843
Yamunanagar,0.0,14.158241,0.0,0.0,0.0,385.69348,0.0,77.051605,74.16727,0.0,0.0,0.0,0.0,0.0,352.70715,0.0,0.0,36.447586,0.0,324.48312,0.0,0.0,58.600906,0.0,0.0,208.28903,0.0,71.09382,0.0,225.32695,262.21902,0.0,0.0,0.0,0.0,0.0,0.0,0.0,0.0,59.943542,0.0,0.0,0.0,0.0,65.69148,0.0,280.04492,0.0,0.0,0.0,0.0,0.0,0.0,306.8966,0.0,0.0,0.0,454.0926,54.150055,0.0,0.0,122.97139,459.0172,148.77583
Bilaspur,0.0,0.0,0.0,0.0,0.0,234.53323,0.0,0.0,0.0,0.0,0.0,0.0,0.0,94.720375,299.43515,0.0,0.0,24.837492,0.0,156.22638,0.0,0.0,0.0,0.0,0.0,0.0,0.0,16.02471,0.0,199.16629,257.08572,0.0,0.0,0.0,0.0,0.0,0.0,0.0,0.0,0.0,0.0,0.0,17.397652,0.0,0.0,0.0,149.42679,0.0,0.0,0.0,0.0,0.0,0.0,146.18544,0.0,0.0,0.0,379.5035,0.0,34.424812,0.0,209.10912,242.0621,0.0
Chamba,0.0,11.883741,0.0,0.0,0.0,383.96957,0.0,68.3936,58.687134,0.0,0.0,0.0,0.0,0.0,359.23175,0.0,0.0,37.728294,0.0,318.83856,0.0,0.0,49.602966,0.0,0.0,185.25417,0.0,64.0236,0.0,228.88992,271.15707,0.0,0.0,0.0,0.0,0.0,0.0,0.0,0.0,51.280945,0.0,0.0,0.0,0.0,49.8441,0.0,273.81772,0.0,0.0,0.0,0.0,0.0,0.0,296.57028,0.0,0.0,0.0,461.81894,50.329224,0.0,0.0,135.92891,450.98077,130.8159
Hamirpur,0.0,15.985846,0.0,0.0,0.0,358.4182,0.0,102.86536,113.854095,0.0,0.0,0.0,0.0,0.0,298.31058,0.0,0.0,22.73787,0.0,303.0802,0.0,0.0,93.29176,0.0,0.0,226.48569,0.0,62.60896,0.0,181.10733,215.21213,0.0,0.0,0.0,0.0,0.0,0.0,0.0,0.0,87.23149,0.0,0.0,0.0,0.0,78.50154,0.0,250.69044,0.0,0.0,0.0,0.0,0.0,0.0,271.32672,0.0,0.0,0.0,386.9917,96.08627,0.0,0.0,78.40311,422.2328,169.3137
Kangra,0.0,42.185974,0.0,0.0,0.0,552.78955,0.0,283.1964,362.39587,0.0,0.0,67.1041,0.0,0.0,366.50912,0.0,117.58406,38.7424,0.0,520.53,78.91141,0.0,302.6071,0.0,0.0,552.5832,0.0,124.12807,0.0,207.59843,223.94562,0.0,0.0,0.0,0.0,0.0,0.0,0.0,0.0,247.94884,0.0,0.0,0.0,0.0,235.13159,0.0,411.61887,0.0,0.0,0.0,0.0,0.0,0.0,467.0876,0.0,0.0,0.0,479.8484,287.29898,0.0,0.0,0.0,694.5266,409.47137
Kinnaur,0.0,14.927105,0.0,0.0,0.0,364.2823,0.0,87.48546,91.61804,0.0,0.0,0.0,0.0,0.0,317.69244,0.0,0.0,26.480722,0.0,305.7405,0.0,0.0,71.56256,0.0,0.0,213.38956,0.0,66.78056,0.0,198.275,232.86838,0.0,0.0,0.0,0.0,0.0,0.0,0.0,0.0,70.95705,0.0,0.0,0.0,0.0,72.79286,0.0,259.24866,0.0,0.0,0.0,0.0,0.0,0.0,283.15198,0.0,0.0,0.0,411.3517,69.48007,0.0,0.0,98.11713,430.26642,157.5774
Kinnaur,0.0,15.21665,0.0,0.0,0.0,359.7016,0.0,93.56259,100.15704,0.0,0.0,0.0,0.0,0.0,308.015,0.0,0.0,24.003477,0.0,303.5101,0.0,0.0,77.933685,0.0,0.0,219.28546,0.0,66.75637,0.0,190.24916,224.71043,0.0,0.0,0.0,0.0,0.0,0.0,0.0,0.0,75.79532,0.0,0.0,0.0,0.0,77.67622,0.0,255.52243,0.0,0.0,0.0,0.0,0.0,0.0,279.5881,0.0,0.0,0.0,398.6897,75.59732,0.0,0.0,87.96994,424.71127,162.89555
Kinnaur,0.0,16.384834,0.0,0.0,0.0,347.1281,0.0,109.95122,123.88074,0.0,0.0,4.9352913,0.0,0.0,281.01956,0.0,0.0,17.359594,0.0,296.9077,0.0,0.0,96.495346,0.0,0.0,235.68771,0.0,66.14808,0.0,168.13506,201.2176,0.0,0.0,0.0,0.0,0.0,0.0,0.0,0.0,89.88874,0.0,0.0,0.0,0.0,90.20177,0.0,244.73407,0.0,0.0,0.0,0.0,0.0,0.0,268.71625,0.0,0.0,0.0,364.01505,94.03494,0.0,0.0,60.744827,409.6383,177.7345
Kullu,0.0,39.359722,0.0,0.0,0.0,553.3016,0.0,267.40747,337.27087,0.0,0.0,61.567398,0.0,0.0,382.44336,0.0,94.25232,43.147728,0.0,517.85095,52.345398,0.0,282.97235,0.0,0.0,528.7827,0.0,122.36339,0.0,220.25102,240.17827,0.0,0.0,0.0,0.0,0.0,0.0,0.0,0.0,231.67834,0.0,0.0,0.0,0.0,220.88257,0.0,412.4718,0.0,0.0,0.0,0.0,0.0,0.0,467.7889,0.0,0.0,0.0,498.51025,268.37665,0.0,0.0,0.0,693.27264,389.3053
Lahul&Spiti,0.0,20.846008,0.0,0.0,0.0,436.64166,0.0,127.287415,142.06216,0.0,0.0,11.610275,0.0,0.0,367.95837,0.0,0.0,38.964317,0.0,379.95898,0.0,0.0,117.52635,0.0,0.0,291.49866,0.0,83.9212,0.0,228.49013,262.72366,0.0,0.0,0.0,0.0,0.0,0.0,0.0,0.0,104.48634,0.0,0.0,0.0,0.0,104.15996,0.0,318.28876,0.0,0.0,0.0,0.0,0.0,0.0,352.12643,0.0,0.0,0.0,475.64816,111.43167,0.0,0.0,91.319916,526.9673,211.0208
Lahul&Spiti,0.0,18.218897,0.0,0.0,0.0,376.2626,0.0,119.60112,135.64664,0.0,0.0,8.333435,0.0,0.0,305.97452,0.0,0.0,23.591177,0.0,324.93073,0.0,0.0,108.09657,0.0,0.0,259.3747,0.0,72.39078,0.0,184.74318,217.74632,0.0,0.0,0.0,0.0,0.0,0.0,0.0,0.0,98.378174,0.0,0.0,0.0,0.0,98.10674,0.0,268.59055,0.0,0.0,0.0,0.0,0.0,0.0,296.05023,0.0,0.0,0.0,396.18314,104.53058,0.0,0.0,65.77191,448.30823,193.15244
Mandi,0.0,13.783333,0.0,0.0,0.0,391.23846,0.0,68.46503,60.635468,0.0,0.0,0.0,0.0,0.0,363.89557,0.0,0.0,36.77768,0.0,322.05978,0.0,0.0,50.930405,0.0,0.0,190.42116,0.0,64.9384,0.0,232.74814,272.91724,0.0,0.0,0.0,0.0,0.0,0.0,0.0,0.0,53.83606,0.0,0.0,0.0,0.0,51.286606,0.0,277.89246,0.0,0.0,0.0,0.0,0.0,0.0,299.61954,0.0,0.0,0.0,469.94635,52.438904,0.0,0.0,138.98969,459.70874,136.15558
Shimla,0.0,14.106165,0.0,0.0,0.0,390.3391,0.0,87.672714,83.990845,0.0,0.0,0.0,0.0,0.0,352.3607,0.0,0.0,35.007782,0.0,329.77972,0.0,0.0,70.27066,0.0,0.0,211.63866,0.0,67.58576,0.0,219.74158,262.21533,0.0,0.0,0.0,0.0,0.0,0.0,0.0,0.0,65.8835,0.0,0.0,0.0,0.0,65.94149,0.0,279.10266,0.0,0.0,0.0,0.0,0.0,0.0,304.60782,0.0,0.0,0.0,452.3277,69.70654,0.0,0.0,115.46039,460.44373,151.36554
Sirmaur,0.0,12.449379,0.0,0.0,0.0,383.26532,0.0,61.350174,54.492584,0.0,0.0,0.0,0.0,0.0,360.1661,0.0,0.0,38.706238,0.0,317.57773,0.0,0.0,41.65515,0.0,0.0,190.83702,0.0,69.877426,0.0,234.30528,269.52203,0.0,0.0,0.0,0.0,0.0,0.0,0.0,0.0,48.814926,0.0,0.0,0.0,0.0,55.38884,0.0,278.58023,0.0,0.0,0.0,0.0,0.0,0.0,304.3024,0.0,0.0,0.0,465.40155,37.880127,0.0,0.0,140.50766,455.50885,135.56793
Solan,0.0,44.72957,0.0,0.0,0.0,538.44775,0.0,313.7898,405.23706,0.0,0.0,69.46388,0.0,0.0,325.85626,0.0,162.60101,28.670004,0.0,513.4418,126.81534,0.0,339.56146,0.0,0.0,581.9925,0.0,120.73953,0.0,172.65388,187.23363,0.0,0.0,0.0,0.0,0.0,0.0,0.0,0.0,276.06317,0.0,0.0,0.0,0.0,253.24405,0.0,395.62726,0.0,0.0,0.0,0.0,0.0,0.0,448.2765,0.0,0.0,0.0,427.87082,328.40155,0.0,0.0,0.0,675.6526,435.7766
Una,0.0,15.500973,0.0,0.0,0.0,355.0837,0.0,95.449524,105.77255,0.0,0.0,0.0,0.0,0.0,299.27188,0.0,0.0,25.170208,0.0,298.65292,0.0,0.0,86.64024,0.0,0.0,223.30095,0.0,64.00499,0.0,184.90553,213.94084,0.0,0.0,0.0,0.0,0.0,0.0,0.0,0.0,83.390175,0.0,0.0,0.0,0.0,76.62182,0.0,250.7154,0.0,0.0,0.0,0.0,0.0,0.0,271.99295,0.0,0.0,0.0,389.2926,89.17821,0.0,0.0,84.962296,420.66193,166.26955
Anantnag,0.0,23.39241,0.0,0.0,0.0,442.2472,0.0,150.1693,175.60097,0.0,0.0,16.972366,0.0,0.0,354.56866,0.0,0.0,36.628696,0.0,390.22272,0.0,0.0,146.45085,0.0,0.0,325.0771,0.0,86.4912,0.0,215.92513,246.64838,0.0,0.0,0.0,0.0,0.0,0.0,0.0,0.0,127.19087,0.0,0.0,0.0,0.0,121.61871,0.0,321.85352,0.0,0.0,0.0,0.0,0.0,0.0,356.65347,0.0,0.0,0.0,459.6268,141.32755,0.0,0.0,67.09665,536.79047,237.72871
Badgam,0.0,20.209509,0.0,0.0,0.0,408.61676,0.0,129.61272,148.08249,0.0,0.0,7.6332474,0.0,0.0,333.5892,0.0,0.0,31.20935,0.0,354.8498,0.0,0.0,122.601395,0.0,0.0,283.04068,0.0,76.91853,0.0,203.24472,235.8225,0.0,0.0,0.0,0.0,0.0,0.0,0.0,0.0,109.12526,0.0,0.0,0.0,0.0,103.18189,0.0,293.46024,0.0,0.0,0.0,0.0,0.0,0.0,322.63736,0.0,0.0,0.0,432.249,120.39311,0.0,0.0,73.45744,490.39996,208.21487
Bandipore,0.0,23.39202,0.0,0.0,0.0,446.44745,0.0,148.8525,173.44899,0.0,0.0,17.03012,0.0,0.0,360.38556,0.0,0.0,38.022877,0.0,393.66956,0.0,0.0,144.78061,0.0,0.0,325.18994,0.0,87.372925,0.0,220.37016,251.26302,0.0,0.0,0.0,0.0,0.0,0.0,0.0,0.0,125.86177,0.0,0.0,0.0,0.0,120.970825,0.0,325.5507,0.0,0.0,0.0,0.0,0.0,0.0,360.89484,0.0,0.0,0.0,467.06528,139.26178,0.0,0.0,71.00697,542.2344,237.2393
Baramulla,0.0,19.712881,0.0,0.0,0.0,413.09473,0.0,123.27748,138.56389,0.0,0.0,6.341797,0.0,0.0,344.029,0.0,0.0,33.77399,0.0,357.43927,0.0,0.0,114.94081,0.0,0.0,276.34088,0.0,77.34804,0.0,211.74338,245.165,0.0,0.0,0.0,0.0,0.0,0.0,0.0,0.0,102.985275,0.0,0.0,0.0,0.0,98.46599,0.0,297.62167,0.0,0.0,0.0,0.0,0.0,0.0,327.17938,0.0,0.0,0.0,445.40295,112.20665,0.0,0.0,83.64415,495.72583,201.99461
Doda,0.0,20.051163,0.0,0.0,0.0,410.8974,0.0,126.573456,143.66794,0.0,0.0,6.073097,0.0,0.0,338.58112,0.0,0.0,32.590652,0.0,355.96576,0.0,0.0,119.49092,0.0,0.0,279.67294,0.0,76.65436,0.0,207.34378,240.19254,0.0,0.0,0.0,0.0,0.0,0.0,0.0,0.0,106.76529,0.0,0.0,0.0,0.0,100.30232,0.0,295.2821,0.0,0.0,0.0,0.0,0.0,0.0,324.1318,0.0,0.0,0.0,438.59784,117.64824,0.0,0.0,78.63966,493.05328,205.1044
Ganderbal,0.0,23.200878,0.0,0.0,0.0,447.39148,0.0,146.64548,170.1553,0.0,0.0,16.52475,0.0,0.0,363.34973,0.0,0.0,38.766975,0.0,394.0359,0.0,0.0,142.12805,0.0,0.0,322.54892,0.0,87.364716,0.0,222.83643,254.03635,0.0,0.0,0.0,0.0,0.0,0.0,0.0,0.0,123.71817,0.0,0.0,0.0,0.0,119.24338,0.0,326.4692,0.0,0.0,0.0,0.0,0.0,0.0,361.859,0.0,0.0,0.0,470.77133,136.47313,0.0,0.0,74.221115,543.2698,234.88927
Jammu,0.0,17.674248,0.0,0.0,0.0,383.38477,0.0,114.91362,128.36,0.0,0.0,0.0,0.0,0.0,317.83844,0.0,0.0,28.264526,0.0,329.04123,0.0,0.0,106.83276,0.0,0.0,252.11954,0.0,69.137665,0.0,193.50673,227.19347,0.0,0.0,0.0,0.0,0.0,0.0,0.0,0.0,96.79059,0.0,0.0,0.0,0.0,88.65356,0.0,272.2382,0.0,0.0,0.0,0.0,0.0,0.0,297.02243,0.0,0.0,0.0,411.4806,107.701096,0.0,0.0,78.07237,456.11612,185.9164
Kargil,0.0,22.850592,0.0,0.0,0.0,452.36774,0.0,142.34335,162.57248,0.0,0.0,15.4711,0.0,0.0,373.26917,0.0,0.0,40.5465,0.0,397.43036,0.0,0.0,135.99593,0.0,0.0,316.46637,0.0,87.45254,0.0,230.08295,263.5307,0.0,0.0,0.0,0.0,0.0,0.0,0.0,0.0,118.314316,0.0,0.0,0.0,0.0,115.04321,0.0,330.34863,0.0,0.0,0.0,0.0,0.0,0.0,365.99878,0.0,0.0,0.0,482.82602,129.77188,0.0,0.0,82.342606,548.3813,229.2663
Kathua,0.0,18.782991,0.0,0.0,0.0,392.38696,0.0,122.31056,138.61816,0.0,0.0,2.470726,0.0,0.0,321.5838,0.0,0.0,29.030361,0.0,338.61832,0.0,0.0,115.453705,0.0,0.0,265.9247,0.0,71.75464,0.0,195.3078,228.27101,0.0,0.0,0.0,0.0,0.0,0.0,0.0,0.0,103.6911,0.0,0.0,0.0,0.0,95.108795,0.0,279.5684,0.0,0.0,0.0,0.0,0.0,0.0,305.63376,0.0,0.0,0.0,416.5564,115.80893,0.0,0.0,74.00621,468.54486,196.15999
Kishtwar,0.0,23.28667,0.0,0.0,0.0,438.41595,0.0,149.47975,175.13356,0.0,0.0,15.474747,0.0,0.0,350.5231,0.0,0.9847412,35.694626,0.0,386.2652,0.0,0.0,146.2386,0.0,0.0,322.55444,0.0,85.1746,0.0,213.10022,243.60927,0.0,0.0,0.0,0.0,0.0,0.0,0.0,0.0,127.37077,0.0,0.0,0.0,0.0,120.43727,0.0,318.2869,0.0,0.0,0.0,0.0,0.0,0.0,352.02078,0.0,0.0,0.0,454.5611,142.09468,0.0,0.0,65.963135,531.6616,236.35321
Kulgam,0.0,20.473715,0.0,0.0,0.0,408.3673,0.0,130.69638,149.8989,0.0,0.0,7.5918045,0.0,0.0,332.21405,0.0,0.0,31.024769,0.0,354.7894,0.0,0.0,124.35666,0.0,0.0,284.58575,0.0,76.77186,0.0,202.21391,234.33253,0.0,0.0,0.0,0.0,0.0,0.0,0.0,0.0,110.50821,0.0,0.0,0.0,0.0,103.78682,0.0,293.1033,0.0,0.0,0.0,0.0,0.0,0.0,322.0804,0.0,0.0,0.0,430.66077,122.36044,0.0,0.0,72.04782,490.25104,209.46927
Kupwara,0.0,19.15922,0.0,0.0,0.0,417.1306,0.0,117.627914,129.90857,0.0,0.0,5.373947,0.0,0.0,353.51822,0.0,0.0,36.00921,0.0,359.84518,0.0,0.0,107.81178,0.0,0.0,270.2182,0.0,77.84241,0.0,219.36418,253.77713,0.0,0.0,0.0,0.0,0.0,0.0,0.0,0.0,97.27113,0.0,0.0,0.0,0.0,94.37715,0.0,301.4186,0.0,0.0,0.0,0.0,0.0,0.0,331.44467,0.0,0.0,0.0,457.26105,104.50856,0.0,0.0,92.73552,500.4637,196.354
Leh(Ladakh),0.0,23.361942,0.0,0.0,0.0,450.6045,0.0,144.38333,167.3312,0.0,0.0,16.661194,0.0,0.0,368.09427,0.0,0.0,39.24716,0.0,395.90994,0.0,0.0,139.0172,0.0,0.0,322.1001,0.0,88.42629,0.0,226.79852,257.8685,0.0,0.0,0.0,0.0,0.0,0.0,0.0,0.0,121.98329,0.0,0.0,0.0,0.0,118.917625,0.0,329.33798,0.0,0.0,0.0,0.0,0.0,0.0,365.12448,0.0,0.0,0.0,477.15936,132.77213,0.0,0.0,78.22739,547.4577,234.6105
Poonch,0.0,16.529406,0.0,0.0,0.0,384.78955,0.0,106.69423,115.808014,0.0,0.0,0.0,0.0,0.0,326.8045,0.0,0.0,30.227402,0.0,328.60248,0.0,0.0,96.179825,0.0,0.0,241.00531,0.0,68.93313,0.0,200.88713,236.31303,0.0,0.0,0.0,0.0,0.0,0.0,0.0,0.0,88.31387,0.0,0.0,0.0,0.0,82.474014,0.0,273.9407,0.0,0.0,0.0,0.0,0.0,0.0,298.93533,0.0,0.0,0.0,422.37512,96.57706,0.0,0.0,88.857056,457.0155,176.59383
Pulwama,0.0,19.572523,0.0,0.0,0.0,413.72565,0.0,122.86577,137.73695,0.0,0.0,6.3717422,0.0,0.0,345.23965,0.0,0.0,33.98603,0.0,357.96066,0.0,0.0,114.17082,0.0,0.0,275.79132,0.0,77.48964,0.0,212.57925,246.33688,0.0,0.0,0.0,0.0,0.0,0.0,0.0,0.0,102.35684,0.0,0.0,0.0,0.0,98.195946,0.0,298.19623,0.0,0.0,0.0,0.0,0.0,0.0,327.89966,0.0,0.0,0.0,446.82193,111.33658,0.0,0.0,84.51448,496.42102,201.47728
Rajouri,0.0,17.433275,0.0,0.0,0.0,380.72403,0.0,113.64548,126.66699,0.0,0.0,0.0,0.0,0.0,315.9278,0.0,0.0,27.815573,0.0,326.35675,0.0,0.0,105.39714,0.0,0.0,249.20341,0.0,68.37763,0.0,192.24898,226.07903,0.0,0.0,0.0,0.0,0.0,0.0,0.0,0.0,95.685814,0.0,0.0,0.0,0.0,87.40232,0.0,269.97278,0.0,0.0,0.0,0.0,0.0,0.0,294.32336,0.0,0.0,0.0,408.97668,106.540924,0.0,0.0,78.17998,452.47983,183.89447
Ramban,0.0,20.05067,0.0,0.0,0.0,412.28046,0.0,126.70941,143.62566,0.0,0.0,6.965973,0.0,0.0,340.1863,0.0,0.0,32.877617,0.0,357.4491,0.0,0.0,119.19803,0.0,0.0,280.5537,0.0,77.33978,0.0,208.46674,241.44917,0.0,0.0,0.0,0.0,0.0,0.0,0.0,0.0,106.376785,0.0,0.0,0.0,0.0,100.9303,0.0,296.68585,0.0,0.0,0.0,0.0,0.0,0.0,326.13226,0.0,0.0,0.0,440.597,116.74835,0.0,0.0,79.08777,494.9345,205.59178
Reasi,0.0,17.100058,0.0,0.0,0.0,386.20404,0.0,110.54587,121.476715,0.0,0.0,0.0,0.0,0.0,324.99722,0.0,0.0,29.838062,0.0,330.6799,0.0,0.0,101.00484,0.0,0.0,246.96526,0.0,69.505745,0.0,199.14642,233.91615,0.0,0.0,0.0,0.0,0.0,0.0,0.0,0.0,92.11882,0.0,0.0,0.0,0.0,85.506424,0.0,274.92395,0.0,0.0,0.0,0.0,0.0,0.0,300.12292,0.0,0.0,0.0,420.29047,101.40498,0.0,0.0,84.94791,459.26495,181.29836
Samba,0.0,17.758253,0.0,0.0,0.0,388.0575,0.0,114.695145,127.6456,0.0,0.0,0.37392426,0.0,0.0,323.36554,0.0,0.0,29.526863,0.0,333.21878,0.0,0.0,106.26164,0.0,0.0,253.73752,0.0,70.26068,0.0,197.54959,231.47264,0.0,0.0,0.0,0.0,0.0,0.0,0.0,0.0,96.28395,0.0,0.0,0.0,0.0,88.91299,0.0,276.32312,0.0,0.0,0.0,0.0,0.0,0.0,301.81754,0.0,0.0,0.0,418.49768,106.60593,0.0,0.0,80.88466,462.2066,186.59558
Shupiyan,0.0,19.61681,0.0,0.0,0.0,414.0609,0.0,123.111115,138.09311,0.0,0.0,6.4870605,0.0,0.0,345.3955,0.0,0.0,34.03057,0.0,358.3183,0.0,0.0,114.4704,0.0,0.0,276.31543,0.0,77.602844,0.0,212.67447,246.37485,0.0,0.0,0.0,0.0,0.0,0.0,0.0,0.0,102.59767,0.0,0.0,0.0,0.0,98.44062,0.0,298.48767,0.0,0.0,0.0,0.0,0.0,0.0,328.25113,0.0,0.0,0.0,447.04095,111.602936,0.0,0.0,84.392075,496.90424,201.85956
Srinagar,0.0,19.351734,0.0,0.0,0.0,415.7627,0.0,120.00638,133.44626,0.0,0.0,5.801056,0.0,0.0,349.9638,0.0,0.0,35.145233,0.0,359.14297,0.0,0.0,110.71228,0.0,0.0,272.79193,0.0,77.695465,0.0,216.42809,250.55699,0.0,0.0,0.0,0.0,0.0,0.0,0.0,0.0,99.58769,0.0,0.0,0.0,0.0,96.08342,0.0,300.09314,0.0,0.0,0.0,0.0,0.0,0.0,329.97482,0.0,0.0,0.0,452.77875,107.63281,0.0,0.0,89.11534,498.85126,198.68887
Udhampur,0.0,21.156643,0.0,0.0,0.0,407.31323,0.0,136.57501,158.6788,0.0,0.0,8.858162,0.0,0.0,325.923,0.0,0.038986206,29.599592,0.0,355.13058,0.0,0.0,131.74202,0.0,0.0,292.22653,0.0,76.92197,0.0,196.90578,228.0658,0.0,0.0,0.0,0.0,0.0,0.0,0.0,0.0,116.3586,0.0,0.0,0.0,0.0,108.17178,0.0,291.85675,0.0,0.0,0.0,0.0,0.0,0.0,320.74985,0.0,0.0,0.0,422.8932,130.07826,0.0,0.0,64.35437,489.45328,215.89905
Bokaro,0.0,38.55239,0.0,0.0,0.0,576.8122,0.0,244.46324,301.88657,0.0,0.0,57.48049,0.0,0.0,427.8563,0.0,53.966675,51.521236,0.0,532.0967,6.7393494,0.0,252.97533,0.0,0.0,506.74506,0.0,125.666435,0.0,256.14038,280.21063,0.0,0.0,0.0,0.0,0.0,0.0,0.0,0.0,208.52812,0.0,0.0,0.0,0.0,205.33154,0.0,433.06107,0.0,0.0,0.0,0.0,0.0,0.0,490.07806,0.0,0.0,0.0,556.4129,234.88608,0.0,0.0,25.463898,719.9908,368.77487
Chatra,0.0,10.859201,0.0,0.0,0.0,395.46228,0.0,50.342545,33.54535,0.0,0.0,0.0,0.0,0.0,385.5094,0.0,0.0,43.881653,0.0,323.36484,0.0,0.0,28.760788,0.0,0.0,168.92937,0.0,65.97879,0.0,251.53186,293.7145,0.0,0.0,0.0,0.0,0.0,0.0,0.0,0.0,35.95616,0.0,0.0,0.0,0.0,38.361084,0.0,284.2268,0.0,0.0,0.0,0.0,0.0,0.0,307.3654,0.0,0.0,0.0,496.1335,28.799072,0.0,0.0,163.75447,465.6125,116.88182
Deoghar,0.0,37.33989,0.0,0.0,0.0,557.4064,0.0,245.94049,305.59277,0.0,0.0,56.74214,0.0,0.0,405.4279,0.0,64.0499,48.454453,0.0,516.4527,18.609009,0.0,256.12732,0.0,0.0,501.62537,0.0,121.96053,0.0,240.22156,263.06577,0.0,0.0,0.0,0.0,0.0,0.0,0.0,0.0,211.06769,0.0,0.0,0.0,0.0,204.48201,0.0,417.0965,0.0,0.0,0.0,0.0,0.0,0.0,472.4591,0.0,0.0,0.0,527.02295,240.1577,0.0,0.0,13.901642,696.6356,366.36554
Dhanbad,0.0,37.823215,0.0,0.0,0.0,583.02576,0.0,236.78596,291.39413,0.0,0.0,54.621315,0.0,0.0,440.92044,0.0,42.024292,55.470284,0.0,536.1431,0.0,0.0,245.37633,0.0,0.0,499.11536,0.0,125.660934,0.0,266.5213,291.47534,0.0,0.0,0.0,0.0,0.0,0.0,0.0,0.0,202.45688,0.0,0.0,0.0,0.0,198.82524,0.0,438.0152,0.0,0.0,0.0,0.0,0.0,0.0,495.5539,0.0,0.0,0.0,573.2682,227.91042,0.0,0.0,38.91104,728.24817,361.76178
Dumka,0.0,12.3238945,0.0,0.0,0.0,382.38034,0.0,66.595535,60.018585,0.0,0.0,0.0,0.0,0.0,357.0312,0.0,0.0,39.19814,0.0,318.20667,0.0,0.0,49.215286,0.0,0.0,193.03288,0.0,68.01088,0.0,230.0342,266.30835,0.0,0.0,0.0,0.0,0.0,0.0,0.0,0.0,52.921097,0.0,0.0,0.0,0.0,54.874252,0.0,276.0424,0.0,0.0,0.0,0.0,0.0,0.0,301.19797,0.0,0.0,0.0,460.28015,47.883682,0.0,0.0,135.74353,453.89587,136.7459
Garhwa,0.0,11.657522,0.0,0.0,0.0,387.86047,0.0,59.26909,45.19757,0.0,0.0,0.0,0.0,0.0,371.81577,0.0,0.0,40.515266,0.0,320.82373,0.0,0.0,37.69246,0.0,0.0,176.13417,0.0,65.78104,0.0,239.49088,282.67764,0.0,0.0,0.0,0.0,0.0,0.0,0.0,0.0,41.139755,0.0,0.0,0.0,0.0,45.251236,0.0,278.9237,0.0,0.0,0.0,0.0,0.0,0.0,303.0528,0.0,0.0,0.0,477.27905,36.199585,0.0,0.0,148.0076,456.67035,122.63837
Giridih,0.0,37.201218,0.0,0.0,0.0,601.4401,0.0,226.0713,274.46478,0.0,0.0,54.078117,0.0,0.0,470.851,0.0,19.00058,62.194244,0.0,550.2179,0.0,0.0,231.16226,0.0,0.0,493.12482,0.0,129.39537,0.0,289.53378,316.60657,0.0,0.0,0.0,0.0,0.0,0.0,0.0,0.0,191.75572,0.0,0.0,0.0,0.0,192.77756,0.0,454.85107,0.0,0.0,0.0,0.0,0.0,0.0,514.6398,0.0,0.0,0.0,610.4115,212.15723,0.0,0.0,61.945465,752.0506,354.37097
Godda,0.0,44.18401,0.0,0.0,0.0,532.4623,0.0,303.3553,390.43555,0.0,0.0,71.45283,0.0,0.0,327.9431,0.0,150.97743,27.234074,0.0,506.28287,117.7041,0.0,323.97876,0.0,0.0,567.7529,0.0,120.82423,0.0,175.80324,191.73157,0.0,0.0,0.0,0.0,0.0,0.0,0.0,0.0,264.62354,0.0,0.0,0.0,0.0,248.76213,0.0,393.21188,0.0,0.0,0.0,0.0,0.0,0.0,446.25897,0.0,0.0,0.0,430.7777,309.13077,0.0,0.0,0.0,666.6362,424.82974
Gumla,0.0,40.676193,0.0,0.0,0.0,572.7559,0.0,259.2605,323.5518,0.0,0.0,63.892067,0.0,0.0,412.29047,0.0,72.22473,49.455162,0.0,534.4042,29.138977,0.0,271.23514,0.0,0.0,525.02936,0.0,125.86684,0.0,242.68234,265.54706,0.0,0.0,0.0,0.0,0.0,0.0,0.0,0.0,221.53226,0.0,0.0,0.0,0.0,216.0861,0.0,430.65088,0.0,0.0,0.0,0.0,0.0,0.0,488.9085,0.0,0.0,0.0,535.74536,253.07611,0.0,0.0,4.8919067,717.87146,382.65454
Hazaribagh,0.0,11.446915,0.0,0.0,0.0,400.345,0.0,48.175903,30.557129,0.0,0.0,0.0,0.0,0.0,392.6996,0.0,0.0,44.123695,0.0,328.54303,0.0,0.0,24.274277,0.0,0.0,169.20985,0.0,67.86015,0.0,256.6503,300.47568,0.0,0.0,0.0,0.0,0.0,0.0,0.0,0.0,33.04796,0.0,0.0,0.0,0.0,38.855087,0.0,289.30008,0.0,0.0,0.0,0.0,0.0,0.0,314.2235,0.0,0.0,0.0,504.50824,21.664429,0.0,0.0,168.01723,472.21445,116.361206
Jamtara,0.0,10.551407,0.0,0.0,0.0,400.91415,0.0,38.027985,14.102631,0.0,0.0,0.0,0.0,0.0,403.77567,0.0,0.0,47.48471,0.0,326.75397,0.0,0.0,12.603378,0.0,0.0,153.45273,0.0,65.86746,0.0,264.86627,310.67102,0.0,0.0,0.0,0.0,0.0,0.0,0.0,0.0,22.359604,0.0,0.0,0.0,0.0,29.158905,0.0,290.13147,0.0,0.0,0.0,0.0,0.0,0.0,314.87323,0.0,0.0,0.0,517.8456,11.307449,0.0,0.0,181.12077,471.4245,102.46492
Khunti,0.0,40.070343,0.0,0.0,0.0,568.6228,0.0,257.7138,323.72513,0.0,0.0,63.662422,0.0,0.0,407.2824,0.0,75.72879,50.046726,0.0,530.00586,32.625183,0.0,271.59387,0.0,0.0,526.9752,0.0,127.00162,0.0,241.51831,259.94946,0.0,0.0,0.0,0.0,0.0,0.0,0.0,0.0,223.05025,0.0,0.0,0.0,0.0,216.4646,0.0,427.89273,0.0,0.0,0.0,0.0,0.0,0.0,485.821,0.0,0.0,0.0,530.2644,253.30763,0.0,0.0,5.0122986,714.94135,384.7124
Kodarma,0.0,32.441124,0.0,0.0,0.0,559.54285,0.0,192.54501,227.46796,0.0,0.0,41.17952,0.0,0.0,452.32352,0.0,0.0,57.342926,0.0,504.50058,0.0,0.0,190.99301,0.0,0.0,429.72833,0.0,117.24627,0.0,280.81958,311.07297,0.0,0.0,0.0,0.0,0.0,0.0,0.0,0.0,160.86383,0.0,0.0,0.0,0.0,163.27469,0.0,420.63464,0.0,0.0,0.0,0.0,0.0,0.0,472.9151,0.0,0.0,0.0,585.126,174.48607,0.0,0.0,79.45883,693.30444,307.86603
Latehar,0.0,40.95114,0.0,0.0,0.0,555.3633,0.0,267.6376,337.79425,0.0,0.0,63.987915,0.0,0.0,383.99307,0.0,94.387146,42.49799,0.0,519.13525,53.36322,0.0,282.20193,0.0,0.0,531.65607,0.0,123.88223,0.0,222.13081,241.16081,0.0,0.0,0.0,0.0,0.0,0.0,0.0,0.0,231.13492,0.0,0.0,0.0,0.0,222.94778,0.0,414.9557,0.0,0.0,0.0,0.0,0.0,0.0,470.5551,0.0,0.0,0.0,500.5279,265.75214,0.0,0.0,0.0,696.3271,391.47827
Lohardaga,0.0,9.8461895,0.0,0.0,0.0,405.5533,0.0,27.402924,2.4528198,0.0,0.0,0.0,0.0,0.0,414.798,0.0,0.0,50.489212,0.0,329.08185,0.0,0.0,0.0,0.0,0.0,150.91531,0.0,70.6219,0.0,277.49692,319.62347,0.0,0.0,0.0,0.0,0.0,0.0,0.0,0.0,15.078445,0.0,0.0,0.0,0.0,28.054337,0.0,297.6216,0.0,0.0,0.0,0.0,0.0,0.0,324.33548,0.0,0.0,0.0,533.6738,0.0,0.0,0.0,194.66129,480.39435,100.11597
Pakur,0.0,12.569584,0.0,0.0,0.0,376.6125,0.0,78.943436,74.492065,0.0,0.0,0.0,0.0,0.0,343.1314,0.0,0.0,34.403976,0.0,316.6096,0.0,0.0,61.319717,0.0,0.0,199.50302,0.0,65.77559,0.0,215.9001,256.14185,0.0,0.0,0.0,0.0,0.0,0.0,0.0,0.0,60.46672,0.0,0.0,0.0,0.0,60.70031,0.0,269.55023,0.0,0.0,0.0,0.0,0.0,0.0,293.97888,0.0,0.0,0.0,440.91928,60.499725,0.0,0.0,118.19055,444.24152,142.63513
Palamu,0.0,34.62908,0.0,0.0,0.0,591.01355,0.0,220.06085,264.3789,0.0,0.0,47.218796,0.0,0.0,465.6255,0.0,13.452179,61.14601,0.0,538.7859,0.0,0.0,223.9902,0.0,0.0,472.93204,0.0,124.01191,0.0,285.01715,316.42538,0.0,0.0,0.0,0.0,0.0,0.0,0.0,0.0,184.02153,0.0,0.0,0.0,0.0,182.59593,0.0,442.70013,0.0,0.0,0.0,0.0,0.0,0.0,500.71832,0.0,0.0,0.0,603.73193,207.55925,0.0,0.0,65.41467,734.7877,340.17712
Pashchimisinghbhum,0.0,24.054068,0.0,0.0,0.0,472.3443,0.0,140.0893,159.77737,0.0,0.0,19.95948,0.0,0.0,397.35623,0.0,0.0,47.668884,0.0,416.12753,0.0,0.0,133.90884,0.0,0.0,326.85846,0.0,93.760994,0.0,249.14085,280.59222,0.0,0.0,0.0,0.0,0.0,0.0,0.0,0.0,116.74388,0.0,0.0,0.0,0.0,117.329254,0.0,349.71906,0.0,0.0,0.0,0.0,0.0,0.0,389.52362,0.0,0.0,0.0,513.88196,124.46803,0.0,0.0,95.2744,577.50964,234.10538
Purbisinghbhum,0.0,27.952843,0.0,0.0,0.0,508.88736,0.0,168.10109,197.33212,0.0,0.0,31.579933,0.0,0.0,414.8964,0.0,0.0,50.41202,0.0,454.8099,0.0,0.0,164.79489,0.0,0.0,378.78046,0.0,104.74711,0.0,257.86908,287.84338,0.0,0.0,0.0,0.0,0.0,0.0,0.0,0.0,140.65042,0.0,0.0,0.0,0.0,142.33841,0.0,379.3683,0.0,0.0,0.0,0.0,0.0,0.0,425.2934,0.0,0.0,0.0,537.3431,151.68657,0.0,0.0,81.02463,626.63586,272.4011
Ramgarh,0.0,12.583248,0.0,0.0,0.0,381.70502,0.0,64.842316,57.04767,0.0,0.0,0.0,0.0,0.0,357.16464,0.0,0.0,36.517006,0.0,316.37598,0.0,0.0,44.643112,0.0,0.0,189.33379,0.0,67.80734,0.0,229.77048,267.91916,0.0,0.0,0.0,0.0,0.0,0.0,0.0,0.0,50.05066,0.0,0.0,0.0,0.0,54.794556,0.0,275.35635,0.0,0.0,0.0,0.0,0.0,0.0,299.88464,0.0,0.0,0.0,460.53622,42.047638,0.0,0.0,136.20468,451.1311,134.82532
Ranchi,0.0,11.915365,0.0,0.0,0.0,389.73627,0.0,57.14984,45.336792,0.0,0.0,0.0,0.0,0.0,373.48782,0.0,0.0,41.340546,0.0,322.88135,0.0,0.0,35.765594,0.0,0.0,182.3574,0.0,69.20332,0.0,242.74896,282.34442,0.0,0.0,0.0,0.0,0.0,0.0,0.0,0.0,42.253357,0.0,0.0,0.0,0.0,49.053528,0.0,283.0445,0.0,0.0,0.0,0.0,0.0,0.0,308.8259,0.0,0.0,0.0,480.12698,32.322754,0.0,0.0,150.43576,462.36786,127.44777
Sahibganj,0.0,13.36088,0.0,0.0,0.0,392.14685,0.0,57.470596,48.132996,0.0,0.0,0.0,0.0,0.0,372.33148,0.0,0.0,38.14839,0.0,322.39307,0.0,0.0,36.46959,0.0,0.0,185.19933,0.0,69.215294,0.0,241.95331,280.77914,0.0,0.0,0.0,0.0,0.0,0.0,0.0,0.0,44.724075,0.0,0.0,0.0,0.0,50.786346,0.0,282.63794,0.0,0.0,0.0,0.0,0.0,0.0,307.32013,0.0,0.0,0.0,480.53476,33.243225,0.0,0.0,150.35979,464.10907,131.83147
Saraikela-Kharsawan,0.0,27.589048,0.0,0.0,0.0,501.23273,0.0,166.19429,194.72064,0.0,0.0,31.433495,0.0,0.0,408.3367,0.0,0.0,49.21592,0.0,447.9744,0.0,0.0,162.34868,0.0,0.0,373.2611,0.0,103.224075,0.0,253.66855,283.54388,0.0,0.0,0.0,0.0,0.0,0.0,0.0,0.0,138.61028,0.0,0.0,0.0,0.0,140.51706,0.0,373.7165,0.0,0.0,0.0,0.0,0.0,0.0,418.69757,0.0,0.0,0.0,528.56287,149.25134,0.0,0.0,78.88481,616.77136,268.41983
Simdega,0.0,6.4102554,0.0,0.0,0.0,408.71942,0.0,7.1932526,0.0,0.0,0.0,0.0,0.0,23.361847,438.57956,0.0,0.0,58.724335,0.0,327.839,0.0,0.0,0.0,0.0,0.0,118.01663,0.0,65.61841,0.0,295.4482,342.86108,0.0,0.0,0.0,0.0,0.0,0.0,0.0,0.0,0.0,0.0,0.0,0.0,0.0,6.1776123,0.0,299.6147,0.0,0.0,0.0,0.0,0.0,0.0,324.81262,0.0,0.0,0.0,561.8948,0.0,3.9165344,0.0,223.85005,481.35175,71.29233
Bagalkot,0.0,40.142838,0.0,0.0,0.0,589.44745,0.0,254.00624,315.37192,0.0,0.0,63.04389,0.0,0.0,433.33533,0.0,60.11078,52.602955,0.0,545.5292,14.109222,0.0,263.05502,0.0,0.0,525.9143,0.0,130.17589,0.0,259.4095,282.16492,0.0,0.0,0.0,0.0,0.0,0.0,0.0,0.0,216.44006,0.0,0.0,0.0,0.0,215.13628,0.0,443.86502,0.0,0.0,0.0,0.0,0.0,0.0,503.83984,0.0,0.0,0.0,564.5168,242.93352,0.0,0.0,19.98053,737.50305,383.0534
Bangalore,0.0,20.930052,0.0,0.0,0.0,401.849,0.0,141.42703,164.96683,0.0,0.0,6.8902893,0.0,0.0,315.85754,0.0,8.770569,26.46725,0.0,350.45953,0.0,0.0,137.63141,0.0,0.0,293.60236,0.0,74.62641,0.0,187.80133,219.55962,0.0,0.0,0.0,0.0,0.0,0.0,0.0,0.0,120.752396,0.0,0.0,0.0,0.0,109.85114,0.0,285.51917,0.0,0.0,0.0,0.0,0.0,0.0,312.8069,0.0,0.0,0.0,410.06183,138.24287,0.0,0.0,56.289047,481.06683,218.40517
Bangalorerural,0.0,14.717636,0.0,0.0,0.0,365.72852,0.0,93.908615,99.168945,0.0,0.0,0.0,0.0,0.0,315.12805,0.0,0.0,27.290989,0.0,307.72333,0.0,0.0,82.5309,0.0,0.0,216.47688,0.0,63.05407,0.0,194.08086,229.66222,0.0,0.0,0.0,0.0,0.0,0.0,0.0,0.0,78.29078,0.0,0.0,0.0,0.0,70.878426,0.0,257.41113,0.0,0.0,0.0,0.0,0.0,0.0,278.47784,0.0,0.0,0.0,407.49707,85.55678,0.0,0.0,94.240295,430.93506,159.5653
Belgaum,0.0,54.368286,0.0,0.0,0.0,703.9935,0.0,352.15515,450.75946,0.0,0.0,102.79038,0.0,0.0,479.87592,0.0,129.85443,62.470634,0.0,671.431,91.45627,0.0,376.30637,0.0,0.0,704.7133,0.0,165.34018,0.0,279.93054,295.8365,0.0,0.0,0.0,0.0,0.0,0.0,0.0,0.0,303.1455,0.0,0.0,0.0,0.0,300.20755,0.0,536.3689,0.0,0.0,0.0,0.0,0.0,0.0,617.0353,0.0,0.0,0.0,626.4457,345.88806,0.0,0.0,0.0,896.7975,515.2519
Bellary,0.0,13.1847,0.0,0.0,0.0,365.976,0.0,73.976074,70.94745,0.0,0.0,0.0,0.0,0.0,331.9545,0.0,0.0,30.554596,0.0,304.60437,0.0,0.0,56.291412,0.0,0.0,191.8398,0.0,63.54708,0.0,210.0578,248.44472,0.0,0.0,0.0,0.0,0.0,0.0,0.0,0.0,58.26866,0.0,0.0,0.0,0.0,58.080032,0.0,260.214,0.0,0.0,0.0,0.0,0.0,0.0,282.10382,0.0,0.0,0.0,428.11786,55.228592,0.0,0.0,116.921585,430.4123,139.02626
Bidar,0.0,39.31112,0.0,0.0,0.0,550.1554,0.0,264.42236,331.38367,0.0,0.0,58.542404,0.0,0.0,381.2313,0.0,91.09262,39.751423,0.0,512.1613,48.129364,0.0,276.52582,0.0,0.0,518.3614,0.0,119.80533,0.0,218.8601,242.3086,0.0,0.0,0.0,0.0,0.0,0.0,0.0,0.0,226.93741,0.0,0.0,0.0,0.0,216.71533,0.0,407.69675,0.0,0.0,0.0,0.0,0.0,0.0,460.87332,0.0,0.0,0.0,496.72327,262.0542,0.0,0.0,0.0,684.6991,382.57678
Bijapur,0.0,11.718424,0.0,0.0,0.0,379.75278,0.0,53.23468,43.25934,0.0,0.0,0.0,0.0,0.0,361.92624,0.0,0.0,37.875946,0.0,310.32407,0.0,0.0,33.14496,0.0,0.0,176.37836,0.0,66.50199,0.0,235.73569,272.4322,0.0,0.0,0.0,0.0,0.0,0.0,0.0,0.0,42.61699,0.0,0.0,0.0,0.0,47.116623,0.0,273.2551,0.0,0.0,0.0,0.0,0.0,0.0,296.4351,0.0,0.0,0.0,468.0172,32.238815,0.0,0.0,149.08852,448.5886,125.71739
Chamrajnagar,0.0,24.93728,0.0,0.0,0.0,484.93738,0.0,153.11334,176.31534,0.0,0.0,17.55719,0.0,0.0,399.88257,0.0,0.0,45.690453,0.0,427.2172,0.0,0.0,148.82635,0.0,0.0,342.756,0.0,94.19381,0.0,247.17152,280.68988,0.0,0.0,0.0,0.0,0.0,0.0,0.0,0.0,128.47583,0.0,0.0,0.0,0.0,124.320694,0.0,355.37042,0.0,0.0,0.0,0.0,0.0,0.0,394.48932,0.0,0.0,0.0,517.99994,142.18445,0.0,0.0,87.94522,590.63635,247.87149
Chikballapura,0.0,18.708021,0.0,0.0,0.0,403.80975,0.0,114.25841,125.729904,0.0,0.0,0.94104767,0.0,0.0,341.86505,0.0,0.0,33.37433,0.0,347.05154,0.0,0.0,105.65863,0.0,0.0,259.6582,0.0,73.37839,0.0,210.45659,245.03172,0.0,0.0,0.0,0.0,0.0,0.0,0.0,0.0,95.816086,0.0,0.0,0.0,0.0,89.00889,0.0,289.5408,0.0,0.0,0.0,0.0,0.0,0.0,316.6999,0.0,0.0,0.0,441.74692,105.10747,0.0,0.0,90.321,482.91785,189.24467
Chikmagalur,0.0,29.492989,0.0,0.0,0.0,524.2832,0.0,180.78778,214.26312,0.0,0.0,34.11564,0.0,0.0,421.23358,0.0,0.0,51.279438,0.0,470.4052,0.0,0.0,179.59184,0.0,0.0,399.79797,0.0,108.12147,0.0,260.14807,289.9054,0.0,0.0,0.0,0.0,0.0,0.0,0.0,0.0,151.60558,0.0,0.0,0.0,0.0,152.05357,0.0,390.32526,0.0,0.0,0.0,0.0,0.0,0.0,438.19287,0.0,0.0,0.0,546.3545,166.59535,0.0,0.0,74.55438,646.4214,288.442
Chitradurga,0.0,14.118504,0.0,0.0,0.0,366.39148,0.0,91.91054,95.2319,0.0,0.0,0.0,0.0,0.0,318.48596,0.0,0.0,28.05885,0.0,308.6506,0.0,0.0,77.33775,0.0,0.0,215.63461,0.0,65.50692,0.0,197.76213,233.39584,0.0,0.0,0.0,0.0,0.0,0.0,0.0,0.0,74.40184,0.0,0.0,0.0,0.0,72.00607,0.0,260.2784,0.0,0.0,0.0,0.0,0.0,0.0,282.82608,0.0,0.0,0.0,411.08633,77.40781,0.0,0.0,96.00238,432.03824,158.14899
Dakshinakannada,0.0,27.530682,0.0,0.0,0.0,547.1214,0.0,158.06683,179.49823,0.0,0.0,28.395767,0.0,0.0,465.87842,0.0,0.0,60.86771,0.0,484.64404,0.0,0.0,151.08862,0.0,0.0,377.41837,0.0,110.79229,0.0,295.11392,329.20822,0.0,0.0,0.0,0.0,0.0,0.0,0.0,0.0,129.68001,0.0,0.0,0.0,0.0,135.45306,0.0,409.76654,0.0,0.0,0.0,0.0,0.0,0.0,459.4563,0.0,0.0,0.0,602.85565,136.64505,0.0,0.0,115.06549,673.26984,267.73587
Davanagere,0.0,13.283068,0.0,0.0,0.0,398.28482,0.0,58.643143,48.927216,0.0,0.0,0.0,0.0,0.0,379.22873,0.0,0.0,41.413948,0.0,329.12424,0.0,0.0,37.82567,0.0,0.0,188.53685,0.0,70.96959,0.0,247.43674,286.10788,0.0,0.0,0.0,0.0,0.0,0.0,0.0,0.0,44.109924,0.0,0.0,0.0,0.0,51.874176,0.0,288.8043,0.0,0.0,0.0,0.0,0.0,0.0,315.27426,0.0,0.0,0.0,489.7379,33.210373,0.0,0.0,152.16841,472.61487,132.86386
Dharwad,0.0,58.529537,0.0,0.0,0.0,799.6004,0.0,338.094,423.17572,0.0,0.0,102.15383,0.0,0.0,596.6536,0.0,70.901245,86.55099,0.0,746.5365,16.723694,0.0,354.04507,0.0,0.0,723.86194,0.0,183.07439,0.0,366.90768,384.581,0.0,0.0,0.0,0.0,0.0,0.0,0.0,0.0,286.30463,0.0,0.0,0.0,0.0,295.8479,0.0,616.6057,0.0,0.0,0.0,0.0,0.0,0.0,707.9524,0.0,0.0,0.0,782.434,316.24582,0.0,0.0,30.136993,1013.8246,519.8419
Gadag,0.0,34.936516,0.0,0.0,0.0,616.886,0.0,198.27823,235.23419,0.0,0.0,49.49814,0.0,0.0,509.58524,0.0,0.0,70.150986,0.0,556.4702,0.0,0.0,196.60367,0.0,0.0,463.27383,0.0,132.14221,0.0,322.51462,352.875,0.0,0.0,0.0,0.0,0.0,0.0,0.0,0.0,164.7122,0.0,0.0,0.0,0.0,175.00386,0.0,467.99353,0.0,0.0,0.0,0.0,0.0,0.0,530.4132,0.0,0.0,0.0,661.4689,173.42276,0.0,0.0,102.89755,769.1289,329.64487
Gulbarga,0.0,18.65565,0.0,0.0,0.0,417.34357,0.0,113.544754,123.92801,0.0,0.0,2.537735,0.0,0.0,356.58618,0.0,0.0,35.081627,0.0,357.84122,0.0,0.0,102.10455,0.0,0.0,263.3935,0.0,76.83136,0.0,221.45229,257.66696,0.0,0.0,0.0,0.0,0.0,0.0,0.0,0.0,93.86923,0.0,0.0,0.0,0.0,90.8471,0.0,300.39758,0.0,0.0,0.0,0.0,0.0,0.0,329.42572,0.0,0.0,0.0,461.2702,99.45268,0.0,0.0,97.828674,498.8488,191.89944
Hassan,0.0,41.02895,0.0,0.0,0.0,571.2295,0.0,274.3404,344.66776,0.0,0.0,61.62777,0.0,0.0,396.41534,0.0,94.50885,43.730244,0.0,533.03656,50.347687,0.0,289.3426,0.0,0.0,539.9449,0.0,124.60009,0.0,228.22577,250.71375,0.0,0.0,0.0,0.0,0.0,0.0,0.0,0.0,235.9668,0.0,0.0,0.0,0.0,225.07224,0.0,424.55884,0.0,0.0,0.0,0.0,0.0,0.0,480.55695,0.0,0.0,0.0,516.90546,274.44324,0.0,0.0,0.0,713.4599,397.65442
Haveri,0.0,32.855682,0.0,0.0,0.0,595.4235,0.0,207.4952,247.47665,0.0,0.0,51.713425,0.0,0.0,482.87006,0.0,0.0,68.74452,0.0,544.3995,0.0,0.0,209.39664,0.0,0.0,467.4738,0.0,129.17397,0.0,300.09003,329.3028,0.0,0.0,0.0,0.0,0.0,0.0,0.0,0.0,172.60785,0.0,0.0,0.0,0.0,180.09467,0.0,452.65808,0.0,0.0,0.0,0.0,0.0,0.0,516.3037,0.0,0.0,0.0,624.17334,189.68768,0.0,0.0,82.340576,745.78503,332.43677
Kodagu,0.0,10.069212,0.0,0.0,0.0,415.04547,0.0,28.400436,1.610321,0.0,0.0,0.0,0.0,0.22735596,423.18707,0.0,0.0,48.18187,0.0,333.19806,0.0,0.0,0.0,0.0,0.0,146.1249,0.0,67.94246,0.0,281.04868,328.50574,0.0,0.0,0.0,0.0,0.0,0.0,0.0,0.0,14.56842,0.0,0.0,0.0,0.0,24.653793,0.0,299.60455,0.0,0.0,0.0,0.0,0.0,0.0,323.64612,0.0,0.0,0.0,545.3361,0.0,0.0,0.0,199.3217,486.06097,98.38803
Kolar,0.0,12.268656,0.0,0.0,0.0,381.47394,0.0,63.287567,54.041565,0.0,0.0,0.0,0.0,0.0,359.44537,0.0,0.0,38.425205,0.0,315.66083,0.0,0.0,46.397156,0.0,0.0,183.78246,0.0,64.43486,0.0,229.84135,269.02853,0.0,0.0,0.0,0.0,0.0,0.0,0.0,0.0,49.95964,0.0,0.0,0.0,0.0,48.59877,0.0,272.9155,0.0,0.0,0.0,0.0,0.0,0.0,295.8475,0.0,0.0,0.0,462.34583,48.1792,0.0,0.0,140.55061,450.67868,129.84875
Koppal,0.0,11.187174,0.0,0.0,0.0,398.70752,0.0,56.932983,42.509583,0.0,0.0,0.0,0.0,0.0,385.642,0.0,0.0,44.41965,0.0,331.3098,0.0,0.0,35.26219,0.0,0.0,183.18883,0.0,70.030975,0.0,249.52663,291.0801,0.0,0.0,0.0,0.0,0.0,0.0,0.0,0.0,40.81958,0.0,0.0,0.0,0.0,48.25711,0.0,290.393,0.0,0.0,0.0,0.0,0.0,0.0,317.78516,0.0,0.0,0.0,494.7423,33.17601,0.0,0.0,156.81445,473.24548,126.50476
Mandya,0.0,10.608006,0.0,0.0,0.0,390.60162,0.0,60.22168,48.656067,0.0,0.0,0.0,0.0,0.0,371.79468,0.0,0.0,42.24968,0.0,322.43158,0.0,0.0,42.022186,0.0,0.0,182.36949,0.0,66.12911,0.0,239.97229,279.43112,0.0,0.0,0.0,0.0,0.0,0.0,0.0,0.0,46.589203,0.0,0.0,0.0,0.0,46.838974,0.0,280.67386,0.0,0.0,0.0,0.0,0.0,0.0,304.61838,0.0,0.0,0.0,479.1656,43.78212,0.0,0.0,149.83018,461.30927,127.895645
Mysore,0.0,21.589838,0.0,0.0,0.0,470.21448,0.0,127.648636,140.55478,0.0,0.0,9.148499,0.0,0.0,404.29675,0.0,0.0,46.550575,0.0,407.78983,0.0,0.0,118.38634,0.0,0.0,303.0334,0.0,89.02778,0.0,253.87024,289.77444,0.0,0.0,0.0,0.0,0.0,0.0,0.0,0.0,105.39252,0.0,0.0,0.0,0.0,104.25072,0.0,343.9729,0.0,0.0,0.0,0.0,0.0,0.0,380.24084,0.0,0.0,0.0,523.0695,112.86563,0.0,0.0,110.64116,569.0728,217.57153
Raichur,0.0,14.517233,0.0,0.0,0.0,363.3424,0.0,91.49066,93.6956,0.0,0.0,0.0,0.0,0.0,316.78455,0.0,0.0,26.491072,0.0,306.4669,0.0,0.0,76.85329,0.0,0.0,209.86368,0.0,62.8001,0.0,194.44304,233.41318,0.0,0.0,0.0,0.0,0.0,0.0,0.0,0.0,73.03433,0.0,0.0,0.0,0.0,68.74529,0.0,256.23218,0.0,0.0,0.0,0.0,0.0,0.0,277.97552,0.0,0.0,0.0,407.41742,78.046616,0.0,0.0,95.44098,426.99512,153.79568
Ramanagara,0.0,15.358402,0.0,0.0,0.0,378.13318,0.0,95.75107,100.06967,0.0,0.0,0.0,0.0,0.0,327.26807,0.0,0.0,28.325296,0.0,317.70328,0.0,0.0,83.16159,0.0,0.0,219.57785,0.0,64.402756,0.0,202.1397,240.26056,0.0,0.0,0.0,0.0,0.0,0.0,0.0,0.0,78.08789,0.0,0.0,0.0,0.0,71.38796,0.0,265.93472,0.0,0.0,0.0,0.0,0.0,0.0,287.32,0.0,0.0,0.0,423.5302,85.23082,0.0,0.0,98.62291,444.37115,161.6232
Shimoga,0.0,29.81446,0.0,0.0,0.0,557.391,0.0,169.87117,196.78287,0.0,0.0,35.877213,0.0,0.0,468.24066,0.0,0.0,63.37322,0.0,498.3164,0.0,0.0,165.98831,0.0,0.0,400.8133,0.0,115.59593,0.0,296.07785,326.91272,0.0,0.0,0.0,0.0,0.0,0.0,0.0,0.0,140.00966,0.0,0.0,0.0,0.0,146.95134,0.0,420.1208,0.0,0.0,0.0,0.0,0.0,0.0,473.82416,0.0,0.0,0.0,606.9001,148.89508,0.0,0.0,105.56464,690.08203,284.0249
Tumkur,0.0,19.168512,0.0,0.0,0.0,410.61508,0.0,122.39601,137.02988,0.0,0.0,3.9681091,0.0,0.0,341.98724,0.0,0.0,33.32006,0.0,354.47763,0.0,0.0,114.42415,0.0,0.0,272.5713,0.0,75.76821,0.0,210.05952,243.93617,0.0,0.0,0.0,0.0,0.0,0.0,0.0,0.0,102.39017,0.0,0.0,0.0,0.0,96.27961,0.0,294.69534,0.0,0.0,0.0,0.0,0.0,0.0,323.0625,0.0,0.0,0.0,442.81186,113.06218,0.0,0.0,84.000656,491.69467,199.50577
Udupi,0.0,35.470448,0.0,0.0,0.0,608.8356,0.0,214.72505,257.66238,0.0,0.0,52.522568,0.0,0.0,489.8837,0.0,0.0,68.728294,0.0,555.9196,0.0,0.0,218.4039,0.0,0.0,480.93042,0.0,130.6542,0.0,304.66492,333.1497,0.0,0.0,0.0,0.0,0.0,0.0,0.0,0.0,179.86533,0.0,0.0,0.0,0.0,184.70389,0.0,462.07098,0.0,0.0,0.0,0.0,0.0,0.0,524.91736,0.0,0.0,0.0,634.78613,198.26263,0.0,0.0,80.313385,761.79846,342.57806
Uttarakannada,0.0,34.668125,0.0,0.0,0.0,647.8498,0.0,186.87888,216.2662,0.0,0.0,48.22403,0.0,0.0,555.08813,0.0,0.0,81.952576,0.0,581.8065,0.0,0.0,182.50708,0.0,0.0,460.66074,0.0,137.64157,0.0,356.28412,388.825,0.0,0.0,0.0,0.0,0.0,0.0,0.0,0.0,152.79729,0.0,0.0,0.0,0.0,167.81438,0.0,495.16858,0.0,0.0,0.0,0.0,0.0,0.0,562.58435,0.0,0.0,0.0,719.77576,157.76971,0.0,0.0,134.07822,809.08185,322.6989
Yadgir,0.0,14.4849205,0.0,0.0,0.0,354.71484,0.0,100.7384,106.453125,0.0,0.0,0.0,0.0,0.0,299.3007,0.0,0.0,21.337416,0.0,299.4359,0.0,0.0,87.24382,0.0,0.0,213.66423,0.0,59.418743,0.0,179.79482,219.81561,0.0,0.0,0.0,0.0,0.0,0.0,0.0,0.0,81.324486,0.0,0.0,0.0,0.0,72.48433,0.0,246.48834,0.0,0.0,0.0,0.0,0.0,0.0,265.79468,0.0,0.0,0.0,386.31012,90.41458,0.0,0.0,79.80232,413.035,159.01593
Alappuzha,0.0,7.402527,0.0,0.0,0.0,415.41058,0.0,16.33786,0.0,0.0,0.0,0.0,0.0,16.702515,437.88483,0.0,0.0,53.326435,0.0,335.886,0.0,0.0,0.0,0.0,0.0,130.05254,0.0,70.18584,0.0,292.17822,344.5613,0.0,0.0,0.0,0.0,0.0,0.0,0.0,0.0,0.0,0.0,0.0,0.0,0.0,17.377686,0.0,302.6423,0.0,0.0,0.0,0.0,0.0,0.0,331.7507,0.0,0.0,0.0,561.0378,0.0,1.846878,0.0,214.42807,488.6836,83.58821
Ernakulam,0.0,106.226524,0.0,0.0,0.0,955.6881,0.0,698.1136,942.83325,0.0,0.0,229.42998,0.0,0.0,464.0103,0.0,468.41913,55.32087,0.0,971.5915,464.90735,0.0,783.09827,0.0,0.0,1296.1909,0.0,258.01202,0.0,227.68414,192.47992,0.0,39.139038,0.0,0.0,0.0,0.0,0.0,0.0,624.0228,0.0,0.0,0.0,0.0,601.3695,0.0,741.8867,0.0,0.0,0.0,0.0,0.0,0.0,871.58563,0.0,0.0,0.0,627.87836,728.44995,0.0,0.0,0.0,1258.9312,967.3452
Idukki,0.0,35.51452,0.0,0.0,0.0,602.2606,0.0,205.80818,247.08853,0.0,0.0,54.220047,0.0,0.0,488.51324,0.0,0.0,66.2639,0.0,548.00757,0.0,0.0,205.91034,0.0,0.0,471.0609,0.0,131.35559,0.0,305.30075,333.9138,0.0,0.0,0.0,0.0,0.0,0.0,0.0,0.0,171.89526,0.0,0.0,0.0,0.0,182.29868,0.0,457.91394,0.0,0.0,0.0,0.0,0.0,0.0,521.29407,0.0,0.0,0.0,632.99365,183.14029,0.0,0.0,85.4111,753.88367,336.35333
Kannur,0.0,2.6064224,0.0,0.0,0.0,449.59372,0.0,0.0,0.0,0.0,0.0,0.0,0.0,64.02762,506.88574,0.0,0.0,70.45239,0.0,358.13464,0.0,0.0,0.0,0.0,0.0,95.539276,0.0,74.27875,0.0,345.8743,404.17593,0.0,0.0,0.0,0.0,0.0,0.0,0.0,0.0,0.0,0.0,0.0,4.907608,0.0,0.0,0.0,332.80307,0.0,0.0,0.0,0.0,0.0,0.0,365.66797,0.0,0.0,0.0,647.5749,0.0,33.86432,0.0,277.778,529.55347,50.57419
Kasaragod,0.0,42.815456,0.0,0.0,0.0,564.0581,0.0,288.16226,368.1184,0.0,0.0,68.64344,0.0,0.0,374.33347,0.0,119.37135,38.958008,0.0,529.943,79.249695,0.0,305.95947,0.0,0.0,563.89545,0.0,127.78491,0.0,212.48837,228.60075,0.0,0.0,0.0,0.0,0.0,0.0,0.0,0.0,251.7413,0.0,0.0,0.0,0.0,240.71565,0.0,420.0154,0.0,0.0,0.0,0.0,0.0,0.0,477.3642,0.0,0.0,0.0,490.26392,289.91858,0.0,0.0,0.0,708.15967,418.38556
Kollam,0.0,11.546997,0.0,0.0,0.0,380.42676,0.0,65.73456,54.033844,0.0,0.0,0.0,0.0,0.0,357.64343,0.0,0.0,34.997715,0.0,315.18475,0.0,0.0,41.142273,0.0,0.0,182.94798,0.0,66.93036,0.0,228.64124,271.23322,0.0,0.0,0.0,0.0,0.0,0.0,0.0,0.0,45.642715,0.0,0.0,0.0,0.0,53.43618,0.0,273.49796,0.0,0.0,0.0,0.0,0.0,0.0,298.13675,0.0,0.0,0.0,459.57043,37.582092,0.0,0.0,134.50664,445.64746,129.7998
Kottayam,0.0,4.237171,0.0,0.0,0.0,435.39218,0.0,0.0,0.0,0.0,0.0,0.0,0.0,56.160553,488.22058,0.0,0.0,68.01136,0.0,349.02774,0.0,0.0,0.0,0.0,0.0,101.26492,0.0,73.65337,0.0,332.68536,386.9729,0.0,0.0,0.0,0.0,0.0,0.0,0.0,0.0,0.0,0.0,0.0,2.5090332,0.0,0.0,0.0,324.16937,0.0,0.0,0.0,0.0,0.0,0.0,357.37512,0.0,0.0,0.0,623.48083,0.0,31.080917,0.0,263.4724,515.3579,54.94539
Kozhikode,0.0,92.01283,0.0,0.0,0.0,932.0351,0.0,579.1427,770.42065,0.0,0.0,183.72253,0.0,0.0,534.9595,0.0,329.64337,68.03797,0.0,916.3516,303.7116,0.0,640.1981,0.0,0.0,1116.3671,0.0,237.20079,0.0,294.06427,276.5398,0.0,0.0,0.0,0.0,0.0,0.0,0.0,0.0,513.923,0.0,0.0,0.0,0.0,501.89868,0.0,720.7349,0.0,0.0,0.0,0.0,0.0,0.0,836.7878,0.0,0.0,0.0,717.12805,590.81323,0.0,0.0,0.0,1209.5471,826.92084
Malappuram,0.0,29.535896,0.0,0.0,0.0,638.00366,0.0,161.07559,177.1399,0.0,0.0,36.23562,0.0,0.0,566.506,0.0,0.0,81.322266,0.0,566.4089,0.0,0.0,149.76544,0.0,0.0,413.3039,0.0,130.56973,0.0,364.9953,407.42346,0.0,0.0,0.0,0.0,0.0,0.0,0.0,0.0,127.233215,0.0,0.0,0.0,0.0,143.29655,0.0,483.70642,0.0,0.0,0.0,0.0,0.0,0.0,546.8541,0.0,0.0,0.0,730.7325,127.667755,0.0,0.0,162.41415,790.1773,287.3902
Palakkad,0.0,34.146423,0.0,0.0,0.0,604.3317,0.0,206.13489,244.23248,0.0,0.0,44.048073,0.0,0.0,490.4199,0.0,0.0,64.74712,0.0,546.1996,0.0,0.0,206.20422,0.0,0.0,461.435,0.0,125.7769,0.0,304.56534,337.74744,0.0,0.0,0.0,0.0,0.0,0.0,0.0,0.0,172.09781,0.0,0.0,0.0,0.0,174.44414,0.0,454.16016,0.0,0.0,0.0,0.0,0.0,0.0,512.5145,0.0,0.0,0.0,635.0496,189.0474,0.0,0.0,89.14078,750.3263,330.0337
Pathanamthitta,0.0,11.6842575,0.0,0.0,0.0,368.73026,0.0,75.74071,68.66293,0.0,0.0,0.0,0.0,0.0,337.6254,0.0,0.0,32.285873,0.0,307.86194,0.0,0.0,56.42302,0.0,0.0,188.31996,0.0,62.837383,0.0,211.70915,253.97832,0.0,0.0,0.0,0.0,0.0,0.0,0.0,0.0,56.019577,0.0,0.0,0.0,0.0,55.54821,0.0,261.3797,0.0,0.0,0.0,0.0,0.0,0.0,284.02133,0.0,0.0,0.0,433.1332,56.724213,0.0,0.0,118.34418,431.82788,135.03003
Thiruvananthapuram,0.0,45.992264,0.0,0.0,0.0,579.1478,0.0,292.24536,379.54276,0.0,0.0,85.014946,0.0,0.0,383.46478,0.0,121.710846,40.041252,0.0,546.5882,89.625244,0.0,308.78143,0.0,0.0,590.8655,0.0,139.2694,0.0,222.73044,232.70468,0.0,0.0,0.0,0.0,0.0,0.0,0.0,0.0,257.07233,0.0,0.0,0.0,0.0,257.88388,0.0,438.51105,0.0,0.0,0.0,0.0,0.0,0.0,502.22687,0.0,0.0,0.0,504.35132,282.98914,0.0,0.0,0.0,734.2104,438.73822
Thrissur,0.0,0.7220497,0.0,0.0,0.0,481.8793,0.0,0.0,0.0,0.0,0.0,0.0,0.0,115.779755,574.29346,0.0,0.0,84.59944,0.0,376.9459,0.0,0.0,0.0,0.0,0.0,56.578705,0.0,76.636375,0.0,398.6253,463.8971,0.0,0.0,0.0,0.0,0.0,0.0,0.0,0.0,0.0,0.0,0.0,21.49543,0.0,0.0,0.0,360.6181,0.0,0.0,0.0,0.0,0.0,0.0,395.01044,0.0,0.0,0.0,733.1985,0.0,67.347565,0.0,338.34384,565.59595,14.49295
Wayanad,0.0,35.04754,0.0,0.0,0.0,615.8277,0.0,216.11421,256.4774,0.0,0.0,49.719376,0.0,0.0,496.90906,0.0,0.0,66.21733,0.0,560.14197,0.0,0.0,216.17886,0.0,0.0,478.18408,0.0,130.07893,0.0,307.05905,341.25085,0.0,0.0,0.0,0.0,0.0,0.0,0.0,0.0,178.62207,0.0,0.0,0.0,0.0,183.37631,0.0,464.01788,0.0,0.0,0.0,0.0,0.0,0.0,526.0995,0.0,0.0,0.0,642.3204,196.9736,0.0,0.0,83.41928,766.2593,341.7473
Lakshadweep,0.0,68.804985,0.0,0.0,0.0,417.7098,13.00273,438.24432,591.5613,0.0,0.0,137.30344,0.0,0.0,99.20908,0.0,356.18445,0.0,0.0,455.59528,378.59393,0.0,491.34592,0.0,0.0,704.8627,0.0,112.1441,0.0,1.5281442,0.0,0.0,200.9131,0.0,0.0,0.0,0.0,0.0,0.0,375.98065,0.0,0.0,0.0,0.0,346.4624,0.0,308.41043,0.0,0.0,0.0,0.0,0.0,0.0,364.82825,0.0,0.0,0.0,141.62442,458.50238,0.0,0.0,0.0,540.8228,537.11835
Agarmalwa,0.0,26.827036,0.0,0.0,0.0,492.32043,0.0,160.68385,187.11243,0.0,0.0,26.586601,0.0,0.0,403.14944,0.0,0.0,47.820343,0.0,438.33252,0.0,0.0,156.96695,0.0,0.0,360.69162,0.0,99.32149,0.0,249.71307,280.74088,0.0,0.0,0.0,0.0,0.0,0.0,0.0,0.0,134.51443,0.0,0.0,0.0,0.0,133.77507,0.0,365.18777,0.0,0.0,0.0,0.0,0.0,0.0,407.95023,0.0,0.0,0.0,521.5432,146.20634,0.0,0.0,81.444244,604.04266,259.45157
Alirajpur,0.0,11.4402275,0.0,0.0,0.0,390.85156,0.0,53.166397,37.636383,0.0,0.0,0.0,0.0,0.0,379.3009,0.0,0.0,41.804173,0.0,322.24954,0.0,0.0,30.292725,0.0,0.0,170.69022,0.0,66.1163,0.0,245.9194,289.79697,0.0,0.0,0.0,0.0,0.0,0.0,0.0,0.0,36.725967,0.0,0.0,0.0,0.0,41.69371,0.0,281.63007,0.0,0.0,0.0,0.0,0.0,0.0,306.4194,0.0,0.0,0.0,487.2978,27.967484,0.0,0.0,156.57343,460.0229,118.04309
Anuppur,0.0,16.91537,0.0,0.0,0.0,362.25677,0.0,102.1519,114.70706,0.0,0.0,0.0,0.0,0.0,301.95148,0.0,0.0,24.347578,0.0,306.0115,0.0,0.0,93.846375,0.0,0.0,232.12558,0.0,64.85884,0.0,185.18567,216.16867,0.0,0.0,0.0,0.0,0.0,0.0,0.0,0.0,88.844635,0.0,0.0,0.0,0.0,80.765465,0.0,255.28769,0.0,0.0,0.0,0.0,0.0,0.0,276.6279,0.0,0.0,0.0,392.65823,96.03377,0.0,0.0,80.49361,429.3442,173.3457
Ashoknagar,0.0,40.47355,0.0,0.0,0.0,567.89667,0.0,261.09003,328.52808,0.0,0.0,59.841354,0.0,0.0,401.5931,0.0,82.07065,44.839603,0.0,527.1454,36.759064,0.0,274.0889,0.0,0.0,525.8276,0.0,124.2347,0.0,234.93932,256.8141,0.0,0.0,0.0,0.0,0.0,0.0,0.0,0.0,226.124,0.0,0.0,0.0,0.0,217.66057,0.0,423.16266,0.0,0.0,0.0,0.0,0.0,0.0,478.77704,0.0,0.0,0.0,523.36285,258.81427,0.0,0.0,0.41488647,710.2439,386.95456
Balaghat,0.0,33.413162,0.0,0.0,0.0,615.98883,0.0,192.51987,222.75995,0.0,0.0,43.293465,0.0,0.0,515.53186,0.0,0.0,67.95888,0.0,553.2734,0.0,0.0,186.62091,0.0,0.0,444.8003,0.0,127.32749,0.0,323.6156,362.06384,0.0,0.0,0.0,0.0,0.0,0.0,0.0,0.0,156.07092,0.0,0.0,0.0,0.0,165.51056,0.0,464.1621,0.0,0.0,0.0,0.0,0.0,0.0,524.09454,0.0,0.0,0.0,666.835,165.96173,0.0,0.0,110.67825,762.113,315.78265
Barwani,0.0,10.858519,0.0,0.0,0.0,406.1168,0.0,45.988647,26.715607,0.0,0.0,0.0,0.0,0.0,402.4228,0.0,0.0,48.687477,0.0,334.40833,0.0,0.0,22.971832,0.0,0.0,169.35686,0.0,69.16374,0.0,264.1473,307.48224,0.0,0.0,0.0,0.0,0.0,0.0,0.0,0.0,30.876358,0.0,0.0,0.0,0.0,37.200104,0.0,295.47006,0.0,0.0,0.0,0.0,0.0,0.0,321.9366,0.0,0.0,0.0,516.52167,20.384888,0.0,0.0,174.54897,480.97528,114.370865
Betul,0.0,0.0,0.0,0.0,0.0,185.13698,0.0,0.0,0.0,0.0,0.0,0.0,0.0,110.57135,258.34567,0.0,0.0,15.919788,0.0,109.440735,0.0,0.0,0.0,0.0,0.0,0.0,0.0,4.4848275,13.699657,170.97267,229.16989,0.0,0.0,0.0,0.0,0.0,0.0,0.0,0.0,0.0,0.0,0.0,24.342144,0.0,0.0,0.0,109.02542,0.0,0.0,0.0,0.0,0.0,0.0,99.03671,0.0,0.0,0.0,324.53214,0.0,42.480103,0.0,200.96825,177.67131,0.0
Bhind,0.0,16.505445,0.0,0.0,0.0,341.91608,0.0,113.33046,130.1175,0.0,0.0,0.0,0.0,0.0,271.80582,0.0,1.7395172,18.141975,0.0,292.2041,0.0,0.0,107.07692,0.0,0.0,234.51689,0.0,60.184975,0.0,161.11002,193.06262,0.0,0.0,0.0,0.0,0.0,0.0,0.0,0.0,97.86157,0.0,0.0,0.0,0.0,84.71063,0.0,237.24142,0.0,0.0,0.0,0.0,0.0,0.0,256.18097,0.0,0.0,0.0,352.2142,111.12416,0.0,0.0,57.07956,403.31003,176.98318
Bhopal,0.0,19.963663,0.0,0.0,0.0,364.68518,0.0,124.557724,147.97704,0.0,0.0,7.878372,0.0,0.0,285.4848,0.0,8.502426,19.99589,0.0,315.15857,0.0,0.0,118.58638,0.0,0.0,266.80008,0.0,70.10591,0.0,171.15854,199.06238,0.0,0.0,0.0,0.0,0.0,0.0,0.0,0.0,108.42899,0.0,0.0,0.0,0.0,102.26742,0.0,258.65393,0.0,0.0,0.0,0.0,0.0,0.0,283.35175,0.0,0.0,0.0,371.8264,117.1198,0.0,0.0,52.797302,436.29395,201.05339
Burhanpur,0.0,41.121086,0.0,0.0,0.0,548.74146,0.0,276.70032,351.2378,0.0,0.0,67.25454,0.0,0.0,370.5852,0.0,106.90849,41.19503,0.0,518.03796,68.980896,0.0,294.12622,0.0,0.0,541.6245,0.0,123.12197,0.0,210.69258,229.05902,0.0,0.0,0.0,0.0,0.0,0.0,0.0,0.0,240.28795,0.0,0.0,0.0,0.0,228.8005,0.0,410.44766,0.0,0.0,0.0,0.0,0.0,0.0,466.54193,0.0,0.0,0.0,482.26727,278.44873,0.0,0.0,0.0,690.2249,398.8739
Chhatarpur,0.0,41.00636,0.0,0.0,0.0,564.93835,0.0,270.27722,340.09552,0.0,0.0,64.0326,0.0,0.0,392.70822,0.0,91.88696,43.800117,0.0,527.8182,49.805206,0.0,284.14178,0.0,0.0,535.73706,0.0,124.85105,0.0,227.41805,248.5118,0.0,0.0,0.0,0.0,0.0,0.0,0.0,0.0,232.4946,0.0,0.0,0.0,0.0,223.84955,0.0,421.74915,0.0,0.0,0.0,0.0,0.0,0.0,478.08905,0.0,0.0,0.0,511.83414,267.6088,0.0,0.0,0.0,707.1319,394.0504
Chhindwara,0.0,12.7111435,0.0,0.0,0.0,364.73734,0.0,74.48866,73.61888,0.0,0.0,0.0,0.0,0.0,329.15674,0.0,0.0,29.029991,0.0,303.5111,0.0,0.0,56.843124,0.0,0.0,194.52695,0.0,64.59937,0.0,206.86385,245.18477,0.0,0.0,0.0,0.0,0.0,0.0,0.0,0.0,60.145798,0.0,0.0,0.0,0.0,61.516968,0.0,258.4543,0.0,0.0,0.0,0.0,0.0,0.0,282.34503,0.0,0.0,0.0,425.59653,56.383896,0.0,0.0,115.332596,429.59796,142.94708
Damoh,0.0,13.830088,0.0,0.0,0.0,374.26776,0.0,73.78676,73.61165,0.0,0.0,0.0,0.0,0.0,339.14844,0.0,0.0,33.477226,0.0,311.25497,0.0,0.0,59.231293,0.0,0.0,202.95892,0.0,67.58365,0.0,216.1495,249.61693,0.0,0.0,0.0,0.0,0.0,0.0,0.0,0.0,62.11577,0.0,0.0,0.0,0.0,62.919212,0.0,268.0595,0.0,0.0,0.0,0.0,0.0,0.0,292.025,0.0,0.0,0.0,438.53406,59.34883,0.0,0.0,121.62663,445.1217,147.74747
Datia,0.0,15.528162,0.0,0.0,0.0,368.4706,0.0,92.1505,97.870224,0.0,0.0,0.0,0.0,0.0,318.94214,0.0,0.0,29.107843,0.0,310.40503,0.0,0.0,80.15193,0.0,0.0,220.65746,0.0,65.994026,0.0,198.91753,231.61919,0.0,0.0,0.0,0.0,0.0,0.0,0.0,0.0,77.32117,0.0,0.0,0.0,0.0,73.27968,0.0,262.5305,0.0,0.0,0.0,0.0,0.0,0.0,285.1134,0.0,0.0,0.0,412.81616,80.951324,0.0,0.0,96.32231,436.8103,161.84915
Dewas,0.0,14.694584,0.0,0.0,0.0,378.30704,0.0,86.659256,89.18727,0.0,0.0,0.0,0.0,0.0,336.32166,0.0,0.0,34.523952,0.0,319.94748,0.0,0.0,73.63936,0.0,0.0,217.84106,0.0,68.63158,0.0,211.93047,246.42635,0.0,0.0,0.0,0.0,0.0,0.0,0.0,0.0,71.28366,0.0,0.0,0.0,0.0,69.692116,0.0,271.92615,0.0,0.0,0.0,0.0,0.0,0.0,297.3752,0.0,0.0,0.0,433.55212,72.751785,0.0,0.0,109.100174,451.05493,157.24944
Dhar,0.0,43.59112,0.0,0.0,0.0,559.6319,0.0,288.79257,367.7201,0.0,0.0,69.58859,0.0,0.0,371.6194,0.0,119.09239,39.022152,0.0,528.1677,80.78888,0.0,307.3365,0.0,0.0,560.6529,0.0,125.75346,0.0,209.4562,227.10205,0.0,0.0,0.0,0.0,0.0,0.0,0.0,0.0,250.87962,0.0,0.0,0.0,0.0,238.7247,0.0,417.50894,0.0,0.0,0.0,0.0,0.0,0.0,474.2135,0.0,0.0,0.0,485.24542,290.89462,0.0,0.0,0.0,702.82684,414.39624
Dindori,0.0,35.50562,0.0,0.0,0.0,590.7682,0.0,218.34949,261.47354,0.0,0.0,45.319145,0.0,0.0,465.9374,0.0,13.330933,60.460068,0.0,536.56433,0.0,0.0,222.16437,0.0,0.0,471.40637,0.0,123.31784,0.0,286.22867,316.05655,0.0,0.0,0.0,0.0,0.0,0.0,0.0,0.0,183.37851,0.0,0.0,0.0,0.0,180.82457,0.0,442.70142,0.0,0.0,0.0,0.0,0.0,0.0,498.3753,0.0,0.0,0.0,603.86993,206.34149,0.0,0.0,67.072784,733.6122,338.76892
Eastnimar,0.0,23.633484,0.0,0.0,0.0,409.17108,0.0,152.87253,182.78363,0.0,0.0,14.867165,0.0,0.0,314.96017,0.0,20.252243,28.592777,0.0,361.73865,0.0,0.0,152.60844,0.0,0.0,317.47418,0.0,79.40532,0.0,187.30907,214.87521,0.0,0.0,0.0,0.0,0.0,0.0,0.0,0.0,132.44455,0.0,0.0,0.0,0.0,121.20946,0.0,294.2365,0.0,0.0,0.0,0.0,0.0,0.0,324.54788,0.0,0.0,0.0,409.08435,150.76921,0.0,0.0,45.50206,495.7381,235.23677
Guna,0.0,10.336739,0.0,0.0,0.0,382.59393,0.0,61.092255,47.174255,0.0,0.0,0.0,0.0,0.0,365.64233,0.0,0.0,40.080673,0.0,317.5281,0.0,0.0,39.811417,0.0,0.0,176.35411,0.0,65.001236,0.0,234.26302,277.4027,0.0,0.0,0.0,0.0,0.0,0.0,0.0,0.0,43.134995,0.0,0.0,0.0,0.0,46.03224,0.0,275.1161,0.0,0.0,0.0,0.0,0.0,0.0,299.2001,0.0,0.0,0.0,468.6109,39.52156,0.0,0.0,143.94841,450.2584,122.797806
Gwalior,0.0,0.0,0.0,0.0,0.0,278.50253,0.0,0.0,0.0,0.0,0.0,0.0,0.0,47.80316,316.1674,0.0,0.0,30.33514,0.0,206.06432,0.0,0.0,0.0,0.0,0.0,25.543991,0.0,33.765663,0.0,208.52948,257.8389,0.0,0.0,0.0,0.0,0.0,0.0,0.0,0.0,0.0,0.0,0.0,0.6453247,0.0,0.0,0.0,189.5174,0.0,0.0,0.0,0.0,0.0,0.0,196.13565,0.0,0.0,0.0,402.18695,0.0,11.758339,0.0,186.07584,308.33612,12.838745
Harda,0.0,19.094028,0.0,0.0,0.0,346.0808,0.0,129.28587,152.43597,0.0,0.0,0.0,0.0,0.0,263.01413,0.0,22.081406,15.581633,0.0,297.65973,0.0,0.0,127.07425,0.0,0.0,255.91223,0.0,60.782692,0.0,151.84143,181.74294,0.0,0.0,0.0,0.0,0.0,0.0,0.0,0.0,113.058624,0.0,0.0,0.0,0.0,95.71623,0.0,238.67636,0.0,0.0,0.0,0.0,0.0,0.0,257.382,0.0,0.0,0.0,342.337,133.19182,0.0,0.0,40.051056,408.79196,194.5469
Hoshangabad,0.0,18.546774,0.0,0.0,0.0,341.2588,0.0,128.46277,150.21283,0.0,0.0,0.0,0.0,0.0,258.92505,0.0,20.827454,12.603853,0.0,293.30804,0.0,0.0,123.68532,0.0,0.0,248.74489,0.0,58.84957,0.0,147.75818,181.40358,0.0,0.0,0.0,0.0,0.0,0.0,0.0,0.0,110.35115,0.0,0.0,0.0,0.0,93.40689,0.0,233.19212,0.0,0.0,0.0,0.0,0.0,0.0,251.26271,0.0,0.0,0.0,336.05264,129.29599,0.0,0.0,38.445663,400.1163,189.95743
Indore,0.0,14.612051,0.0,0.0,0.0,390.58563,0.0,72.886505,69.38962,0.0,0.0,0.0,0.0,0.0,359.95233,0.0,0.0,38.133682,0.0,326.6704,0.0,0.0,55.48987,0.0,0.0,205.36908,0.0,70.370834,0.0,231.35448,267.47266,0.0,0.0,0.0,0.0,0.0,0.0,0.0,0.0,58.410828,0.0,0.0,0.0,0.0,61.32669,0.0,282.70886,0.0,0.0,0.0,0.0,0.0,0.0,309.13226,0.0,0.0,0.0,464.90115,52.019043,0.0,0.0,131.16617,464.47748,146.24252
Jabalpur,0.0,27.231709,0.0,0.0,0.0,499.69458,0.0,175.1707,203.50638,0.0,0.0,23.762283,0.0,0.0,401.91324,0.0,0.0,46.892006,0.0,447.07272,0.0,0.0,173.84015,0.0,0.0,372.82285,0.0,97.46908,0.0,243.45334,278.2077,0.0,0.0,0.0,0.0,0.0,0.0,0.0,0.0,145.40099,0.0,0.0,0.0,0.0,138.62337,0.0,367.12103,0.0,0.0,0.0,0.0,0.0,0.0,409.45636,0.0,0.0,0.0,519.1523,167.3745,0.0,0.0,70.47249,610.66144,268.91623
Jhabua,0.0,11.869953,0.0,0.0,0.0,385.93997,0.0,54.770233,44.640472,0.0,0.0,0.0,0.0,0.0,369.20285,0.0,0.0,40.584866,0.0,318.3267,0.0,0.0,34.91809,0.0,0.0,180.88017,0.0,68.489174,0.0,240.77934,278.40613,0.0,0.0,0.0,0.0,0.0,0.0,0.0,0.0,43.124435,0.0,0.0,0.0,0.0,48.250565,0.0,279.66602,0.0,0.0,0.0,0.0,0.0,0.0,304.4824,0.0,0.0,0.0,475.83728,32.3528,0.0,0.0,151.01302,458.22632,127.34764
Katni,0.0,12.623898,0.0,0.0,0.0,375.53458,0.0,70.5137,62.94156,0.0,0.0,0.0,0.0,0.0,347.80942,0.0,0.0,34.85831,0.0,311.67426,0.0,0.0,52.589325,0.0,0.0,186.52177,0.0,63.06377,0.0,220.20604,260.97638,0.0,0.0,0.0,0.0,0.0,0.0,0.0,0.0,53.848877,0.0,0.0,0.0,0.0,52.248,0.0,267.06564,0.0,0.0,0.0,0.0,0.0,0.0,289.44016,0.0,0.0,0.0,447.96533,53.65309,0.0,0.0,127.8322,440.97223,133.07735
Mandla,0.0,38.51583,0.0,0.0,0.0,601.06885,0.0,239.89001,295.91754,0.0,0.0,50.500244,0.0,0.0,455.69238,0.0,42.46161,57.360928,0.0,549.2953,0.0,0.0,250.28342,0.0,0.0,509.47485,0.0,127.68227,0.0,276.50613,301.01532,0.0,0.0,0.0,0.0,0.0,0.0,0.0,0.0,207.85284,0.0,0.0,0.0,0.0,200.75339,0.0,449.6011,0.0,0.0,0.0,0.0,0.0,0.0,506.69055,0.0,0.0,0.0,593.88947,235.24683,0.0,0.0,46.23633,750.0558,370.3405
Mandsaur,0.0,39.842037,0.0,0.0,0.0,569.6025,0.0,255.72687,318.7912,0.0,0.0,57.325455,0.0,0.0,410.52087,0.0,71.860596,47.948875,0.0,528.52856,24.996277,0.0,268.35077,0.0,0.0,516.44617,0.0,122.76482,0.0,240.98276,264.92377,0.0,0.0,0.0,0.0,0.0,0.0,0.0,0.0,219.96992,0.0,0.0,0.0,0.0,210.65259,0.0,424.98193,0.0,0.0,0.0,0.0,0.0,0.0,480.58936,0.0,0.0,0.0,533.80615,253.46468,0.0,0.0,8.831512,711.63947,377.66125
Morena,0.0,16.715317,0.0,0.0,0.0,360.35257,0.0,108.64346,119.18657,0.0,0.0,0.0,0.0,0.0,297.38824,0.0,0.0,21.691607,0.0,305.03247,0.0,0.0,98.75314,0.0,0.0,229.73615,0.0,61.50538,0.0,178.4526,214.39696,0.0,0.0,0.0,0.0,0.0,0.0,0.0,0.0,90.47074,0.0,0.0,0.0,0.0,79.665146,0.0,250.849,0.0,0.0,0.0,0.0,0.0,0.0,270.5849,0.0,0.0,0.0,385.17575,102.73062,0.0,0.0,72.94786,422.5758,171.63579
Narsimhapur,0.0,18.688116,0.0,0.0,0.0,379.49216,0.0,123.908615,141.34262,0.0,0.0,1.4781113,0.0,0.0,305.6051,0.0,0.0,23.570028,0.0,326.62555,0.0,0.0,116.25647,0.0,0.0,261.40625,0.0,68.92802,0.0,182.62852,216.47525,0.0,0.0,0.0,0.0,0.0,0.0,0.0,0.0,104.797165,0.0,0.0,0.0,0.0,95.678085,0.0,267.5008,0.0,0.0,0.0,0.0,0.0,0.0,291.95044,0.0,0.0,0.0,396.29254,117.53241,0.0,0.0,64.50801,450.50397,195.17828
Neemuch,0.0,11.4159775,0.0,0.0,0.0,406.17145,0.0,51.155746,34.30829,0.0,0.0,0.0,0.0,0.0,396.42386,0.0,0.0,45.524025,0.0,332.60892,0.0,0.0,28.882095,0.0,0.0,175.09625,0.0,68.7243,0.0,259.11432,301.34848,0.0,0.0,0.0,0.0,0.0,0.0,0.0,0.0,36.553818,0.0,0.0,0.0,0.0,40.788498,0.0,293.19952,0.0,0.0,0.0,0.0,0.0,0.0,318.15408,0.0,0.0,0.0,511.05692,27.492157,0.0,0.0,168.10233,478.90573,120.90526
Panna,0.0,15.090727,0.0,0.0,0.0,368.23108,0.0,78.27249,81.15546,0.0,0.0,0.0,0.0,0.0,327.58844,0.0,0.0,29.229326,0.0,306.45712,0.0,0.0,63.567932,0.0,0.0,206.45671,0.0,66.6188,0.0,207.46948,240.79213,0.0,0.0,0.0,0.0,0.0,0.0,0.0,0.0,66.287476,0.0,0.0,0.0,0.0,66.6497,0.0,262.60077,0.0,0.0,0.0,0.0,0.0,0.0,285.57245,0.0,0.0,0.0,424.56595,62.716812,0.0,0.0,111.49979,436.71606,151.98915
Raisen,0.0,16.54611,0.0,0.0,0.0,354.77124,0.0,105.70061,120.55365,0.0,0.0,0.0,0.0,0.0,290.2594,0.0,0.0,21.117184,0.0,300.76312,0.0,0.0,96.33035,0.0,0.0,235.205,0.0,65.13905,0.0,176.39632,207.17085,0.0,0.0,0.0,0.0,0.0,0.0,0.0,0.0,91.69165,0.0,0.0,0.0,0.0,85.23317,0.0,249.38248,0.0,0.0,0.0,0.0,0.0,0.0,271.35974,0.0,0.0,0.0,377.28522,97.86597,0.0,0.0,71.548035,420.29416,177.15695
Rajgarh,0.0,12.886332,0.0,0.0,0.0,375.99323,0.0,66.71948,61.066284,0.0,0.0,0.0,0.0,0.0,349.6171,0.0,0.0,36.790237,0.0,313.08862,0.0,0.0,49.470856,0.0,0.0,191.04976,0.0,66.73233,0.0,224.35548,260.96432,0.0,0.0,0.0,0.0,0.0,0.0,0.0,0.0,52.97821,0.0,0.0,0.0,0.0,55.273605,0.0,270.97382,0.0,0.0,0.0,0.0,0.0,0.0,295.32794,0.0,0.0,0.0,450.26514,47.994354,0.0,0.0,131.44905,446.24335,135.9891
Ratlam,0.0,38.91515,0.0,0.0,0.0,572.5535,0.0,249.82759,309.538,0.0,0.0,58.187943,0.0,0.0,419.7832,0.0,61.4924,51.28732,0.0,530.9226,15.028015,0.0,260.84204,0.0,0.0,511.5218,0.0,124.42465,0.0,249.30453,272.97073,0.0,0.0,0.0,0.0,0.0,0.0,0.0,0.0,213.8331,0.0,0.0,0.0,0.0,207.07991,0.0,429.37665,0.0,0.0,0.0,0.0,0.0,0.0,486.14136,0.0,0.0,0.0,544.8556,244.16156,0.0,0.0,17.76709,716.2169,372.09082
Rewa,0.0,11.403959,0.0,0.0,0.0,377.2247,0.0,73.15437,64.6687,0.0,0.0,0.0,0.0,0.0,347.7424,0.0,0.0,33.3667,0.0,312.17896,0.0,0.0,53.767197,0.0,0.0,185.17516,0.0,61.85125,0.0,218.9642,262.7209,0.0,0.0,0.0,0.0,0.0,0.0,0.0,0.0,55.1176,0.0,0.0,0.0,0.0,51.94169,0.0,266.26617,0.0,0.0,0.0,0.0,0.0,0.0,287.08752,0.0,0.0,0.0,447.5157,56.28209,0.0,0.0,126.608826,439.96088,133.0581
Sagar,0.0,11.414869,0.0,0.0,0.0,390.14966,0.0,63.936234,50.890594,0.0,0.0,0.0,0.0,0.0,369.5129,0.0,0.0,38.197968,0.0,321.3147,0.0,0.0,41.328827,0.0,0.0,179.9475,0.0,65.57807,0.0,237.05438,281.03958,0.0,0.0,0.0,0.0,0.0,0.0,0.0,0.0,45.090363,0.0,0.0,0.0,0.0,47.744186,0.0,278.39554,0.0,0.0,0.0,0.0,0.0,0.0,301.69928,0.0,0.0,0.0,475.96564,40.450195,0.0,0.0,143.69382,456.2873,127.13202
Satna,0.0,10.99177,0.0,0.0,0.0,384.6753,0.0,58.4489,43.483643,0.0,0.0,0.0,0.0,0.0,369.03345,0.0,0.0,39.524582,0.0,316.66074,0.0,0.0,37.009766,0.0,0.0,171.24939,0.0,62.89076,0.0,236.51517,280.76096,0.0,0.0,0.0,0.0,0.0,0.0,0.0,0.0,41.8143,0.0,0.0,0.0,0.0,41.653046,0.0,274.5395,0.0,0.0,0.0,0.0,0.0,0.0,297.02542,0.0,0.0,0.0,473.931,38.37274,0.0,0.0,148.40163,450.36847,119.37651
Sehore,0.0,13.858704,0.0,0.0,0.0,362.5973,0.0,90.21292,91.85593,0.0,0.0,0.0,0.0,0.0,317.81403,0.0,0.0,29.29668,0.0,306.30865,0.0,0.0,75.9012,0.0,0.0,209.71922,0.0,63.5782,0.0,196.52617,233.59119,0.0,0.0,0.0,0.0,0.0,0.0,0.0,0.0,72.01724,0.0,0.0,0.0,0.0,68.04158,0.0,257.2722,0.0,0.0,0.0,0.0,0.0,0.0,280.11337,0.0,0.0,0.0,409.17822,76.99542,0.0,0.0,96.704666,427.37708,152.5683
Seoni,0.0,6.7708893,0.0,0.0,0.0,424.36282,0.0,15.508347,0.0,0.0,0.0,0.0,0.0,18.051392,449.931,0.0,0.0,54.96427,0.0,341.97046,0.0,0.0,0.0,0.0,0.0,127.173065,0.0,69.06951,0.0,298.76898,353.63516,0.0,0.0,0.0,0.0,0.0,0.0,0.0,0.0,0.0,0.0,0.0,0.0,0.0,13.5190735,0.0,308.30463,0.0,0.0,0.0,0.0,0.0,0.0,336.51575,0.0,0.0,0.0,575.9215,0.0,0.83169556,0.0,222.04971,496.7382,80.26723
Shahdol,0.0,41.45874,0.0,0.0,0.0,561.7384,0.0,273.0094,347.80746,0.0,0.0,64.67205,0.0,0.0,385.13922,0.0,101.38989,44.51898,0.0,526.602,59.07434,0.0,291.3238,0.0,0.0,545.5194,0.0,125.72003,0.0,222.68867,238.83083,0.0,0.0,0.0,0.0,0.0,0.0,0.0,0.0,240.01305,0.0,0.0,0.0,0.0,228.12268,0.0,420.34427,0.0,0.0,0.0,0.0,0.0,0.0,477.2557,0.0,0.0,0.0,502.89545,276.5332,0.0,0.0,0.0,707.4544,401.8529
Shajapur,0.0,43.49259,0.0,0.0,0.0,542.1117,0.0,289.02112,371.42874,0.0,0.0,69.48857,0.0,0.0,350.13144,0.0,129.84201,35.083374,0.0,512.811,93.53259,0.0,309.5302,0.0,0.0,557.0673,0.0,122.764366,0.0,195.31944,210.07799,0.0,0.0,0.0,0.0,0.0,0.0,0.0,0.0,253.30011,0.0,0.0,0.0,0.0,239.15268,0.0,403.2212,0.0,0.0,0.0,0.0,0.0,0.0,457.963,0.0,0.0,0.0,458.9287,293.8974,0.0,0.0,0.0,681.6207,413.78885
Sheopur,0.0,12.965963,0.0,0.0,0.0,375.4319,0.0,75.39624,71.79202,0.0,0.0,0.0,0.0,0.0,341.89822,0.0,0.0,33.72255,0.0,312.43076,0.0,0.0,59.230957,0.0,0.0,196.66519,0.0,64.597984,0.0,216.04982,254.09984,0.0,0.0,0.0,0.0,0.0,0.0,0.0,0.0,60.447342,0.0,0.0,0.0,0.0,58.44629,0.0,267.17273,0.0,0.0,0.0,0.0,0.0,0.0,289.9776,0.0,0.0,0.0,441.07336,60.823853,0.0,0.0,121.714874,442.60547,141.96251
Shivpuri,0.0,43.96116,0.0,0.0,0.0,559.44244,0.0,286.27032,366.6655,0.0,0.0,66.85237,0.0,0.0,369.6136,0.0,120.7155,36.91694,0.0,524.40814,80.50983,0.0,305.18762,0.0,0.0,557.87524,0.0,125.08138,0.0,209.74593,226.26024,0.0,0.0,0.0,0.0,0.0,0.0,0.0,0.0,250.5622,0.0,0.0,0.0,0.0,237.3063,0.0,414.9483,0.0,0.0,0.0,0.0,0.0,0.0,469.5036,0.0,0.0,0.0,484.8784,289.28308,0.0,0.0,0.0,701.3365,414.713
Sidhi,0.0,43.97795,0.0,0.0,0.0,561.15717,0.0,292.6025,374.57336,0.0,0.0,68.55267,0.0,0.0,367.57132,0.0,125.51454,35.965454,0.0,528.24786,86.53403,0.0,311.4878,0.0,0.0,564.39636,0.0,125.27706,0.0,206.0906,224.81085,0.0,0.0,0.0,0.0,0.0,0.0,0.0,0.0,255.39084,0.0,0.0,0.0,0.0,241.37769,0.0,415.91864,0.0,0.0,0.0,0.0,0.0,0.0,471.1539,0.0,0.0,0.0,481.0752,296.03082,0.0,0.0,0.0,703.4571,419.78223
Singrauli,0.0,14.286766,0.0,0.0,0.0,368.2351,0.0,78.81418,78.036194,0.0,0.0,0.0,0.0,0.0,329.18924,0.0,0.0,27.95722,0.0,306.14267,0.0,0.0,60.20317,0.0,0.0,201.39311,0.0,66.425156,0.0,207.83241,244.6373,0.0,0.0,0.0,0.0,0.0,0.0,0.0,0.0,62.01358,0.0,0.0,0.0,0.0,65.50915,0.0,261.97284,0.0,0.0,0.0,0.0,0.0,0.0,284.7058,0.0,0.0,0.0,424.97232,57.898438,0.0,0.0,110.961716,433.51727,147.90747
Tikamgarh,0.0,35.49948,0.0,0.0,0.0,588.79645,0.0,220.49594,267.4531,0.0,0.0,51.321808,0.0,0.0,461.43396,0.0,17.354797,62.403934,0.0,538.2539,0.0,0.0,226.31424,0.0,0.0,481.03033,0.0,126.36,0.0,284.8729,310.64603,0.0,0.0,0.0,0.0,0.0,0.0,0.0,0.0,187.4175,0.0,0.0,0.0,0.0,186.79082,0.0,444.96835,0.0,0.0,0.0,0.0,0.0,0.0,502.78137,0.0,0.0,0.0,598.1941,208.564,0.0,0.0,62.568634,736.229,345.33667
Ujjain,0.0,10.120287,0.0,0.0,0.0,405.04382,0.0,40.103195,18.012665,0.0,0.0,0.0,0.0,0.0,406.29315,0.0,0.0,49.010254,0.0,331.96915,0.0,0.0,15.020645,0.0,0.0,160.76648,0.0,68.72035,0.0,267.7922,312.12878,0.0,0.0,0.0,0.0,0.0,0.0,0.0,0.0,24.930252,0.0,0.0,0.0,0.0,33.109756,0.0,295.2149,0.0,0.0,0.0,0.0,0.0,0.0,321.41193,0.0,0.0,0.0,522.02094,11.367126,0.0,0.0,180.49538,478.30646,107.59952
Umaria,0.0,39.657616,0.0,0.0,0.0,584.31714,0.0,247.82443,310.82254,0.0,0.0,56.187683,0.0,0.0,430.9698,0.0,60.5011,55.35969,0.0,539.5768,10.316284,0.0,262.93256,0.0,0.0,519.6553,0.0,127.24173,0.0,259.39682,279.03836,0.0,0.0,0.0,0.0,0.0,0.0,0.0,0.0,217.33054,0.0,0.0,0.0,0.0,208.19075,0.0,438.7123,0.0,0.0,0.0,0.0,0.0,0.0,496.13266,0.0,0.0,0.0,561.63635,247.5805,0.0,0.0,26.730225,734.4375,378.5318
Vidisha,0.0,14.302761,0.0,0.0,0.0,372.5304,0.0,88.87831,90.61522,0.0,0.0,0.0,0.0,0.0,327.39035,0.0,0.0,29.083456,0.0,312.4456,0.0,0.0,72.91252,0.0,0.0,212.03242,0.0,65.60689,0.0,204.10686,241.63365,0.0,0.0,0.0,0.0,0.0,0.0,0.0,0.0,71.1514,0.0,0.0,0.0,0.0,69.25537,0.0,264.20947,0.0,0.0,0.0,0.0,0.0,0.0,287.2203,0.0,0.0,0.0,423.2552,72.870804,0.0,0.0,102.65794,438.227,155.32355
Westnimar,0.0,24.870922,0.0,0.0,0.0,456.44885,0.0,150.90112,175.94174,0.0,0.0,21.810127,0.0,0.0,370.8265,0.0,0.0,40.84376,0.0,404.47632,0.0,0.0,146.5698,0.0,0.0,334.23572,0.0,91.10093,0.0,228.07011,258.48914,0.0,0.0,0.0,0.0,0.0,0.0,0.0,0.0,126.96803,0.0,0.0,0.0,0.0,124.44722,0.0,335.7597,0.0,0.0,0.0,0.0,0.0,0.0,373.6759,0.0,0.0,0.0,479.8361,138.2723,0.0,0.0,73.18225,557.2566,242.2776
Ahmadnagar,0.0,99.58754,0.0,0.0,0.0,1402.0958,0.0,539.15106,678.26025,0.0,0.0,256.02817,0.0,0.0,1108.4377,0.0,27.097229,200.05519,0.0,1342.895,0.0,0.0,559.10626,0.0,0.0,1267.5391,0.0,359.94684,0.0,715.25433,724.9405,0.0,0.0,0.0,0.0,12.962818,0.0,0.0,0.0,440.89825,0.0,0.0,0.0,0.0,527.45874,0.0,1136.8894,0.0,0.0,0.0,0.0,0.0,0.0,1339.0508,0.0,0.0,0.0,1442.336,443.39844,0.0,0.0,106.83563,1831.3861,884.4853
Akola,0.0,41.90264,0.0,0.0,0.0,540.056,0.0,284.479,363.8883,0.0,0.0,65.10735,0.0,0.0,351.06412,0.0,124.71588,33.097824,0.0,508.15753,87.138855,0.0,302.72668,0.0,0.0,545.6153,0.0,120.468506,0.0,195.86087,213.88644,0.0,0.0,0.0,0.0,0.0,0.0,0.0,0.0,248.49521,0.0,0.0,0.0,0.0,233.76968,0.0,399.18347,0.0,0.0,0.0,0.0,0.0,0.0,451.48276,0.0,0.0,0.0,459.71515,288.12158,0.0,0.0,0.0,675.332,406.37872
Amravati,0.0,12.320364,0.0,0.0,0.0,381.7893,0.0,59.99234,51.082306,0.0,0.0,0.0,0.0,0.0,360.61142,0.0,0.0,36.943314,0.0,315.0573,0.0,0.0,39.32953,0.0,0.0,182.10323,0.0,66.9702,0.0,232.70575,272.29065,0.0,0.0,0.0,0.0,0.0,0.0,0.0,0.0,45.75232,0.0,0.0,0.0,0.0,50.619247,0.0,274.1686,0.0,0.0,0.0,0.0,0.0,0.0,298.78192,0.0,0.0,0.0,465.12057,36.829727,0.0,0.0,142.21696,450.71277,129.72499
Aurangabad,0.0,79.19975,0.0,0.0,0.0,944.7993,0.0,479.84946,618.2346,0.0,0.0,169.19586,0.0,0.0,642.73413,0.0,177.29672,91.59099,0.0,912.258,143.90973,0.0,510.9049,0.0,0.0,976.93994,0.0,234.8417,0.0,380.44598,389.18784,0.0,0.0,0.0,0.0,0.0,0.0,0.0,0.0,405.99622,0.0,0.0,0.0,0.0,426.2519,0.0,737.3597,0.0,0.0,0.0,0.0,0.0,0.0,860.4323,0.0,0.0,0.0,844.80927,451.271,0.0,0.0,0.0,1216.579,709.10724
Bhandara,0.0,35.78803,0.0,0.0,0.0,623.75006,0.0,216.92288,256.99792,0.0,0.0,55.1837,0.0,0.0,505.81653,0.0,0.0,68.0056,0.0,568.5889,0.0,0.0,214.7474,0.0,0.0,483.41986,0.0,133.5408,0.0,314.24228,348.89474,0.0,0.0,0.0,0.0,0.0,0.0,0.0,0.0,177.38722,0.0,0.0,0.0,0.0,186.23506,0.0,472.514,0.0,0.0,0.0,0.0,0.0,0.0,537.2558,0.0,0.0,0.0,654.3101,191.09546,0.0,0.0,85.18521,776.6084,344.28168
Bid,0.0,10.309803,0.0,0.0,0.0,494.4161,0.0,32.189423,0.0,0.0,0.0,0.0,0.0,2.8823853,515.7776,0.0,0.0,72.563354,0.0,411.69836,0.0,0.0,0.0,0.0,0.0,184.61679,0.0,91.08263,0.0,346.2684,399.0352,0.0,0.0,0.0,0.0,0.0,0.0,0.0,0.0,8.88945,0.0,0.0,0.0,0.0,36.82869,0.0,371.4415,0.0,0.0,0.0,0.0,0.0,0.0,414.57367,0.0,0.0,0.0,660.34436,0.0,0.27297974,0.0,239.03065,594.0178,116.42801
Buldana,0.0,24.824722,0.0,0.0,0.0,450.06024,0.0,158.47829,187.21136,0.0,0.0,21.320923,0.0,0.0,356.53113,0.0,5.767853,37.099903,0.0,399.56796,0.0,0.0,155.91838,0.0,0.0,340.0995,0.0,89.439224,0.0,216.5104,246.27638,0.0,0.0,0.0,0.0,0.0,0.0,0.0,0.0,134.36652,0.0,0.0,0.0,0.0,129.14102,0.0,328.7467,0.0,0.0,0.0,0.0,0.0,0.0,365.24707,0.0,0.0,0.0,462.29095,149.3132,0.0,0.0,60.914337,548.17554,248.72751
Chandrapur,0.0,9.097868,0.0,0.0,0.0,397.14188,0.0,46.323135,27.280182,0.0,0.0,0.0,0.0,0.0,393.22406,0.0,0.0,46.141747,0.0,327.9887,0.0,0.0,20.920502,0.0,0.0,165.1276,0.0,69.02415,0.0,256.66757,302.29248,0.0,0.0,0.0,0.0,0.0,0.0,0.0,0.0,29.046112,0.0,0.0,0.0,0.0,38.73642,0.0,288.00076,0.0,0.0,0.0,0.0,0.0,0.0,316.26898,0.0,0.0,0.0,504.3604,16.899628,0.0,0.0,168.97794,469.0896,112.5806
Dhule,0.0,33.504208,0.0,0.0,0.0,636.3599,0.0,193.97064,222.5611,0.0,0.0,53.38128,0.0,0.0,541.3348,0.0,0.0,78.53938,0.0,576.9594,0.0,0.0,187.24094,0.0,0.0,459.00894,0.0,135.9388,0.0,343.62988,381.17978,0.0,0.0,0.0,0.0,0.0,0.0,0.0,0.0,153.9177,0.0,0.0,0.0,0.0,170.33781,0.0,486.59796,0.0,0.0,0.0,0.0,0.0,0.0,554.1359,0.0,0.0,0.0,697.82184,160.59265,0.0,0.0,119.93561,793.60077,320.86804
Garhchiroli,0.0,12.076843,0.0,0.0,0.0,383.34857,0.0,63.84613,54.633575,0.0,0.0,0.0,0.0,0.0,361.49698,0.0,0.0,39.01309,0.0,318.64227,0.0,0.0,44.53975,0.0,0.0,186.58896,0.0,67.10615,0.0,232.38928,271.8267,0.0,0.0,0.0,0.0,0.0,0.0,0.0,0.0,48.62384,0.0,0.0,0.0,0.0,51.702316,0.0,276.40936,0.0,0.0,0.0,0.0,0.0,0.0,301.31656,0.0,0.0,0.0,464.77286,43.040176,0.0,0.0,139.62708,453.7113,131.48566
Gondiya,0.0,38.40059,0.0,0.0,0.0,612.2564,0.0,228.15468,277.11862,0.0,0.0,54.163017,0.0,0.0,479.62106,0.0,18.97821,62.12915,0.0,558.07324,0.0,0.0,232.22058,0.0,0.0,500.21664,0.0,131.7024,0.0,295.77188,322.52527,0.0,0.0,0.0,0.0,0.0,0.0,0.0,0.0,193.79893,0.0,0.0,0.0,0.0,195.59508,0.0,462.48413,0.0,0.0,0.0,0.0,0.0,0.0,523.084,0.0,0.0,0.0,623.42017,211.96536,0.0,0.0,64.550476,763.8978,360.04773
Hingoli,0.0,16.242092,0.0,0.0,0.0,344.18927,0.0,103.256805,118.9995,0.0,0.0,0.0,0.0,0.0,281.03915,0.0,0.0,22.180729,0.0,293.27844,0.0,0.0,97.150024,0.0,0.0,231.97816,0.0,63.22621,0.0,170.79831,198.56837,0.0,0.0,0.0,0.0,0.0,0.0,0.0,0.0,92.02936,0.0,0.0,0.0,0.0,82.553345,0.0,242.53496,0.0,0.0,0.0,0.0,0.0,0.0,263.8584,0.0,0.0,0.0,364.4411,99.987946,0.0,0.0,69.736435,410.26828,173.7316
Jalgaon,0.0,5.6512756,0.0,0.0,0.0,426.8266,0.0,0.0,0.0,0.0,0.0,0.0,0.0,39.70529,465.49182,0.0,0.0,62.19146,0.0,342.90128,0.0,0.0,0.0,0.0,0.0,116.157776,0.0,72.9723,0.0,315.9856,366.97968,0.0,0.0,0.0,0.0,0.0,0.0,0.0,0.0,0.0,0.0,0.0,0.0,0.0,6.341675,0.0,315.39154,0.0,0.0,0.0,0.0,0.0,0.0,346.5948,0.0,0.0,0.0,596.0528,0.0,18.84433,0.0,242.6877,504.8276,69.27611
Jalna,0.0,8.280285,0.0,0.0,0.0,406.09433,0.0,32.053024,7.784729,0.0,0.0,0.0,0.0,0.0,413.48636,0.0,0.0,51.23944,0.0,331.57895,0.0,0.0,5.1615295,0.0,0.0,154.50296,0.0,71.129654,0.0,273.85074,317.65732,0.0,0.0,0.0,0.0,0.0,0.0,0.0,0.0,17.368713,0.0,0.0,0.0,0.0,31.541855,0.0,296.77875,0.0,0.0,0.0,0.0,0.0,0.0,326.37827,0.0,0.0,0.0,531.4807,1.1507416,0.0,0.0,190.7693,481.10986,103.257126
Kolhapur,0.0,8.600693,0.0,0.0,0.0,408.55078,0.0,31.086853,3.6838684,0.0,0.0,0.0,0.0,0.0,418.08414,0.0,0.0,52.034466,0.0,333.12164,0.0,0.0,2.3400574,0.0,0.0,150.52417,0.0,70.01681,0.0,277.98358,323.3934,0.0,0.0,0.0,0.0,0.0,0.0,0.0,0.0,14.93634,0.0,0.0,0.0,0.0,27.747269,0.0,299.49463,0.0,0.0,0.0,0.0,0.0,0.0,326.49658,0.0,0.0,0.0,535.55865,0.0,0.0,0.0,193.39247,482.66278,98.66222
Latur,0.0,12.353571,0.0,0.0,0.0,390.27155,0.0,57.78604,48.403015,0.0,0.0,0.0,0.0,0.0,369.5569,0.0,0.0,38.306335,0.0,319.70023,0.0,0.0,36.938324,0.0,0.0,182.69693,0.0,67.936226,0.0,240.61458,279.29614,0.0,0.0,0.0,0.0,0.0,0.0,0.0,0.0,45.06691,0.0,0.0,0.0,0.0,49.31215,0.0,280.11545,0.0,0.0,0.0,0.0,0.0,0.0,303.8257,0.0,0.0,0.0,478.3596,34.7088,0.0,0.0,149.38261,460.08862,130.43495
Mumbaicity,0.0,68.18064,0.0,0.0,0.0,1207.9503,0.0,331.87997,384.2071,0.0,0.0,182.66266,0.0,0.0,1071.1436,0.0,0.0,195.47995,0.0,1126.6462,0.0,0.0,315.2439,0.0,0.0,901.54083,0.0,297.4571,0.0,714.3527,748.6739,0.0,0.0,0.0,0.0,1.8309417,0.0,0.0,0.0,248.92804,0.0,0.0,0.0,0.0,346.9122,0.0,983.27344,0.0,0.0,0.0,0.0,0.0,0.0,1151.2877,0.0,0.0,0.0,1381.0718,214.25311,0.0,0.0,255.45447,1559.9911,605.765
Mumbaisuburban,0.0,50.949776,0.0,0.0,0.0,1428.5333,0.0,149.50787,95.31482,0.0,0.0,170.09663,0.0,0.0,1483.8763,0.0,0.0,289.801,0.0,1289.1658,0.0,0.0,73.750244,0.0,0.0,739.2931,0.0,339.02408,0.0,1034.9783,1110.7303,0.0,0.0,0.0,0.0,11.56364,0.0,0.0,0.0,52.883972,0.0,0.0,0.0,0.0,227.08203,0.0,1185.0398,0.0,0.0,0.0,0.0,0.0,0.0,1388.0442,0.0,0.0,0.0,1897.0771,0.0,60.720398,0.0,597.408,1830.9553,440.64746
Nagpur,0.0,82.00694,0.0,0.0,0.0,794.76434,0.0,515.0539,691.5411,0.0,0.0,161.22354,0.0,0.0,431.5692,0.0,318.48486,45.132584,0.0,780.9223,297.33713,0.0,568.86475,0.0,0.0,986.45953,0.0,206.6606,0.0,229.85443,210.31625,0.0,0.0,0.0,0.0,0.0,0.0,0.0,0.0,461.73547,0.0,0.0,0.0,0.0,451.34683,0.0,610.2281,0.0,0.0,0.0,0.0,0.0,0.0,708.75256,0.0,0.0,0.0,582.5333,527.22424,0.0,0.0,0.0,1030.8706,738.39197
Nanded,0.0,13.53488,0.0,0.0,0.0,359.89624,0.0,87.39934,88.87657,0.0,0.0,0.0,0.0,0.0,315.86313,0.0,0.0,27.850805,0.0,302.4674,0.0,0.0,72.821045,0.0,0.0,204.6164,0.0,62.29906,0.0,195.54926,233.16093,0.0,0.0,0.0,0.0,0.0,0.0,0.0,0.0,70.18721,0.0,0.0,0.0,0.0,66.16143,0.0,254.35532,0.0,0.0,0.0,0.0,0.0,0.0,275.8316,0.0,0.0,0.0,407.19983,74.2776,0.0,0.0,98.28926,422.88342,149.67253
Nandurbar,0.0,36.946987,0.0,0.0,0.0,597.2965,0.0,235.07347,288.12833,0.0,0.0,57.297737,0.0,0.0,459.78568,0.0,31.46286,63.99906,0.0,550.54083,0.0,0.0,244.1818,0.0,0.0,506.46255,0.0,130.66623,0.0,282.03613,304.61273,0.0,0.0,0.0,0.0,0.0,0.0,0.0,0.0,200.93718,0.0,0.0,0.0,0.0,199.3506,0.0,452.88318,0.0,0.0,0.0,0.0,0.0,0.0,514.54126,0.0,0.0,0.0,597.1329,225.16052,0.0,0.0,49.731842,749.8844,363.72766
Nashik,0.0,48.671265,0.0,0.0,0.0,864.9547,0.0,242.46716,281.235,0.0,0.0,103.21851,0.0,0.0,753.42926,0.0,0.0,122.94936,0.0,790.48865,0.0,0.0,228.87732,0.0,0.0,635.1196,0.0,201.9404,0.0,494.6484,525.66986,0.0,0.0,0.0,0.0,0.0,0.0,0.0,0.0,188.90482,0.0,0.0,0.0,0.0,242.32463,0.0,685.5968,0.0,0.0,0.0,0.0,0.0,0.0,794.2484,0.0,0.0,0.0,977.8173,171.56259,0.0,0.0,178.37619,1097.7701,436.45395
Osmanabad,0.0,41.791824,0.0,0.0,0.0,559.422,0.0,271.85648,345.67264,0.0,0.0,64.09331,0.0,0.0,382.2123,0.0,101.14044,39.732082,0.0,521.998,59.5278,0.0,286.7063,0.0,0.0,539.25916,0.0,124.52358,0.0,220.13275,239.27568,0.0,0.0,0.0,0.0,0.0,0.0,0.0,0.0,236.93456,0.0,0.0,0.0,0.0,227.7003,0.0,416.45306,0.0,0.0,0.0,0.0,0.0,0.0,471.7868,0.0,0.0,0.0,499.98676,270.48523,0.0,0.0,0.0,700.28955,399.2683
Palghar,0.0,0.0,0.0,0.0,0.0,582.60254,0.0,0.0,0.0,0.0,0.0,0.0,0.0,295.82645,803.22174,0.0,0.0,139.24037,0.0,452.14822,0.0,0.0,0.0,0.0,0.0,0.0,0.0,100.98697,0.0,579.4263,671.578,0.0,0.0,0.0,0.0,0.0,0.0,0.0,0.0,0.0,0.0,0.0,96.23519,0.0,0.0,0.0,463.60425,0.0,0.0,0.0,0.0,0.0,0.0,523.26636,0.0,0.0,0.0,1013.44525,0.0,205.4832,0.0,540.87146,692.4512,0.0
Parbhani,0.0,15.115263,0.0,0.0,0.0,360.49042,0.0,105.276,112.72304,0.0,0.0,0.0,0.0,0.0,303.3042,0.0,0.0,25.414415,0.0,307.3585,0.0,0.0,94.07634,0.0,0.0,225.82939,0.0,63.04779,0.0,183.13957,219.8964,0.0,0.0,0.0,0.0,0.0,0.0,0.0,0.0,84.99558,0.0,0.0,0.0,0.0,77.91838,0.0,253.65471,0.0,0.0,0.0,0.0,0.0,0.0,275.8448,0.0,0.0,0.0,390.73895,96.42821,0.0,0.0,77.68849,424.49286,166.3689
Pune,0.0,202.48189,0.0,0.0,0.0,1904.9463,0.0,1258.1084,1700.2386,0.0,0.0,516.6321,0.0,0.0,1057.009,0.0,728.1383,184.19742,0.0,1955.5155,765.7786,0.0,1409.0029,0.0,0.0,2473.585,0.0,544.4387,0.0,593.25476,507.67828,0.0,0.0,0.0,0.0,45.52839,0.0,0.0,0.0,1106.0889,0.0,0.0,0.0,0.0,1139.9084,0.0,1542.97,0.0,0.0,0.0,0.0,0.0,0.0,1839.189,0.0,0.0,0.0,1409.3809,1246.6636,0.0,0.0,0.0,2561.2803,1807.1147
Raigarh,0.0,0.0,0.0,0.0,0.0,708.21185,0.0,0.0,0.0,0.0,0.0,0.0,60.78604,517.4427,1084.1635,0.0,0.0,204.81882,0.0,530.127,0.0,0.0,0.0,0.0,0.0,0.0,0.0,113.8439,0.0,800.9688,926.91296,0.0,0.0,0.0,0.0,0.0,0.0,0.0,0.0,0.0,0.0,0.0,182.09671,0.0,0.0,0.0,577.301,0.0,0.0,0.0,0.0,0.0,0.0,649.595,0.0,0.0,0.0,1363.5303,0.0,355.3681,0.0,802.47144,837.55554,0.0
Ratnagiri,0.0,45.797558,0.0,0.0,0.0,546.33057,0.0,318.16687,414.22363,0.0,0.0,79.38975,0.0,0.0,329.52228,0.0,165.83624,31.40921,0.0,523.4974,134.60297,0.0,344.3095,0.0,0.0,601.2903,0.0,128.1086,0.0,177.95317,187.03522,0.0,0.0,0.0,0.0,0.0,0.0,0.0,0.0,281.4068,0.0,0.0,0.0,0.0,264.15906,0.0,406.8046,0.0,0.0,0.0,0.0,0.0,0.0,463.69855,0.0,0.0,0.0,433.79626,328.30908,0.0,0.0,0.0,691.4081,449.5518
Sangli,0.0,11.758751,0.0,0.0,0.0,391.72366,0.0,62.94252,50.435516,0.0,0.0,0.0,0.0,0.0,373.00595,0.0,0.0,41.258434,0.0,325.22485,0.0,0.0,41.460007,0.0,0.0,183.90039,0.0,67.79367,0.0,240.39355,282.6118,0.0,0.0,0.0,0.0,0.0,0.0,0.0,0.0,44.744644,0.0,0.0,0.0,0.0,49.52977,0.0,282.8704,0.0,0.0,0.0,0.0,0.0,0.0,308.12323,0.0,0.0,0.0,479.01114,39.5679,0.0,0.0,145.44897,462.47842,128.4156
Satara,0.0,0.0,0.0,0.0,0.0,499.07416,0.0,0.0,0.0,0.0,0.0,0.0,0.0,158.10486,620.3729,0.0,0.0,98.21707,0.0,390.5694,0.0,0.0,0.0,0.0,0.0,31.036743,0.0,83.757126,0.0,438.55774,506.17874,0.0,0.0,0.0,0.0,0.0,0.0,0.0,0.0,0.0,0.0,0.0,39.92153,0.0,0.0,0.0,382.8355,0.0,0.0,0.0,0.0,0.0,0.0,423.3849,0.0,0.0,0.0,788.5305,0.0,101.90024,0.0,382.15836,590.99713,0.0
Sindhudurg,0.0,7.681755,0.0,0.0,0.0,424.54404,0.0,7.1073456,0.0,0.0,0.0,0.0,0.0,29.720734,453.2528,0.0,0.0,58.08507,0.0,340.659,0.0,0.0,0.0,0.0,0.0,127.56021,0.0,72.64482,0.0,307.67987,355.815,0.0,0.0,0.0,0.0,0.0,0.0,0.0,0.0,0.0,0.0,0.0,0.0,0.0,13.4518585,0.0,313.45044,0.0,0.0,0.0,0.0,0.0,0.0,341.42133,0.0,0.0,0.0,581.3721,0.0,11.574188,0.0,229.60939,501.7803,79.695984
Solapur,0.0,0.0,0.0,0.0,0.0,491.8606,0.0,0.0,0.0,0.0,0.0,0.0,0.0,143.05316,606.7293,0.0,0.0,94.745056,0.0,388.24908,0.0,0.0,0.0,0.0,0.0,36.168457,0.0,81.627686,0.0,424.28943,495.53152,0.0,0.0,0.0,0.0,0.0,0.0,0.0,0.0,0.0,0.0,0.0,37.645164,0.0,0.0,0.0,375.55206,0.0,0.0,0.0,0.0,0.0,0.0,416.536,0.0,0.0,0.0,769.2102,0.0,91.540146,0.0,365.7838,579.99194,0.0
Thane,0.0,205.85861,0.0,0.0,0.0,1983.9934,0.0,1247.386,1687.2039,0.0,0.0,532.6065,0.0,0.0,1149.9557,0.0,683.41864,204.74686,0.0,2025.1118,719.3931,0.0,1393.5679,0.0,0.0,2508.8308,0.0,569.52246,0.0,665.6383,576.6526,0.0,0.0,0.0,0.0,62.56317,0.0,0.0,0.0,1096.8943,0.0,0.0,0.0,0.0,1150.9432,0.0,1615.0426,0.0,0.0,0.0,0.0,0.0,0.0,1926.9885,0.0,0.0,0.0,1530.9419,1217.1731,0.0,0.0,0.0,2670.4666,1826.7107
Wardha,0.0,7.7206535,0.0,0.0,0.0,395.62064,0.0,45.41971,20.724274,0.0,0.0,0.0,0.0,0.0,396.648,0.0,0.0,45.86876,0.0,327.05194,0.0,0.0,15.651321,0.0,0.0,156.10411,0.0,68.43514,0.0,257.09262,307.6298,0.0,0.0,0.0,0.0,0.0,0.0,0.0,0.0,21.996063,0.0,0.0,0.0,0.0,35.78157,0.0,286.3459,0.0,0.0,0.0,0.0,0.0,0.0,315.67596,0.0,0.0,0.0,506.2413,10.554901,0.0,0.0,169.91595,464.03754,104.815994
Washim,0.0,12.994854,0.0,0.0,0.0,367.0254,0.0,81.75421,78.36133,0.0,0.0,0.0,0.0,0.0,329.87918,0.0,0.0,30.438797,0.0,307.46313,0.0,0.0,64.880295,0.0,0.0,195.86308,0.0,61.783493,0.0,205.47548,246.41826,0.0,0.0,0.0,0.0,0.0,0.0,0.0,0.0,63.184692,0.0,0.0,0.0,0.0,59.59262,0.0,259.79004,0.0,0.0,0.0,0.0,0.0,0.0,281.18356,0.0,0.0,0.0,424.24152,66.04787,0.0,0.0,109.635666,429.76648,141.33862
Yavatmal,0.0,17.146597,0.0,0.0,0.0,347.64706,0.0,110.4747,126.71713,0.0,0.0,0.0,0.0,0.0,280.0062,0.0,0.0,19.429466,0.0,297.0396,0.0,0.0,102.61017,0.0,0.0,236.29086,0.0,62.60654,0.0,167.66788,199.16888,0.0,0.0,0.0,0.0,0.0,0.0,0.0,0.0,95.35318,0.0,0.0,0.0,0.0,86.1542,0.0,243.80017,0.0,0.0,0.0,0.0,0.0,0.0,264.65268,0.0,0.0,0.0,363.25897,104.67375,0.0,0.0,62.083984,411.25424,177.57565
Bishnupur,0.0,14.449783,0.0,0.0,0.0,373.766,0.0,79.76732,81.95207,0.0,0.0,0.0,0.0,0.0,333.16736,0.0,0.0,31.344238,0.0,312.00348,0.0,0.0,64.64279,0.0,0.0,209.7304,0.0,68.063484,0.0,211.8916,245.46202,0.0,0.0,0.0,0.0,0.0,0.0,0.0,0.0,66.871735,0.0,0.0,0.0,0.0,67.504196,0.0,267.7951,0.0,0.0,0.0,0.0,0.0,0.0,291.0798,0.0,0.0,0.0,430.99896,63.48271,0.0,0.0,113.351105,444.04102,153.5211
Chandel,0.0,11.131811,0.0,0.0,0.0,384.32697,0.0,64.29935,50.78122,0.0,0.0,0.0,0.0,0.0,364.82742,0.0,0.0,38.5992,0.0,318.74945,0.0,0.0,42.40126,0.0,0.0,178.41028,0.0,64.30024,0.0,232.58372,277.07275,0.0,0.0,0.0,0.0,0.0,0.0,0.0,0.0,45.108963,0.0,0.0,0.0,0.0,47.251007,0.0,275.29074,0.0,0.0,0.0,0.0,0.0,0.0,298.79242,0.0,0.0,0.0,467.60773,42.695023,0.0,0.0,140.7228,450.83087,124.84027
Churachandpur,0.0,15.150387,0.0,0.0,0.0,360.38843,0.0,95.28818,100.623795,0.0,0.0,0.0,0.0,0.0,309.44666,0.0,0.0,25.655783,0.0,304.98444,0.0,0.0,81.9704,0.0,0.0,215.62366,0.0,63.20781,0.0,189.89119,227.08038,0.0,0.0,0.0,0.0,0.0,0.0,0.0,0.0,77.38335,0.0,0.0,0.0,0.0,72.31956,0.0,254.28699,0.0,0.0,0.0,0.0,0.0,0.0,275.84683,0.0,0.0,0.0,398.32574,82.98288,0.0,0.0,88.71054,424.93832,158.82675
Imphaleast,0.0,18.37382,0.0,0.0,0.0,395.04565,0.0,113.154236,126.06807,0.0,0.0,5.648239,0.0,0.0,332.13196,0.0,0.0,32.0341,0.0,340.15466,0.0,0.0,103.083145,0.0,0.0,259.409,0.0,74.71569,0.0,205.7976,238.07198,0.0,0.0,0.0,0.0,0.0,0.0,0.0,0.0,94.56201,0.0,0.0,0.0,0.0,92.03218,0.0,285.061,0.0,0.0,0.0,0.0,0.0,0.0,312.89844,0.0,0.0,0.0,429.38214,100.164215,0.0,0.0,85.1167,473.95007,189.80994
Imphalwest,0.0,21.067022,0.0,0.0,0.0,428.58588,0.0,133.92877,152.77756,0.0,0.0,15.82296,0.0,0.0,352.99847,0.0,0.0,36.15702,0.0,375.1062,0.0,0.0,124.87508,0.0,0.0,300.221,0.0,84.68073,0.0,217.93698,249.68724,0.0,0.0,0.0,0.0,0.0,0.0,0.0,0.0,111.015305,0.0,0.0,0.0,0.0,111.44759,0.0,313.18915,0.0,0.0,0.0,0.0,0.0,0.0,347.09134,0.0,0.0,0.0,456.49747,118.24582,0.0,0.0,78.03554,518.724,218.88268
Senapati,0.0,40.755276,0.0,0.0,0.0,557.5973,0.0,275.83792,346.89062,0.0,0.0,63.99205,0.0,0.0,381.30637,0.0,100.20883,41.99009,0.0,522.5802,59.441864,0.0,290.69006,0.0,0.0,537.2067,0.0,123.19327,0.0,218.6208,239.71521,0.0,0.0,0.0,0.0,0.0,0.0,0.0,0.0,236.4403,0.0,0.0,0.0,0.0,225.36374,0.0,415.0224,0.0,0.0,0.0,0.0,0.0,0.0,470.08328,0.0,0.0,0.0,496.80173,274.7632,0.0,0.0,0.0,697.0388,395.64124
Tamenglong,0.0,12.049078,0.0,0.0,0.0,374.2987,0.0,68.57048,63.953735,0.0,0.0,0.0,0.0,0.0,347.04825,0.0,0.0,39.506374,0.0,313.46207,0.0,0.0,53.051453,0.0,0.0,195.40445,0.0,67.292786,0.0,223.22319,257.34665,0.0,0.0,0.0,0.0,0.0,0.0,0.0,0.0,55.971176,0.0,0.0,0.0,0.0,56.753128,0.0,271.5979,0.0,0.0,0.0,0.0,0.0,0.0,296.70248,0.0,0.0,0.0,446.69327,52.918198,0.0,0.0,129.098,446.70416,138.19594
Thoubal,0.0,14.418163,0.0,0.0,0.0,370.06375,0.0,79.890594,80.006714,0.0,0.0,0.0,0.0,0.0,330.19034,0.0,0.0,29.141235,0.0,308.02838,0.0,0.0,62.98323,0.0,0.0,202.78664,0.0,65.34307,0.0,208.43082,245.13074,0.0,0.0,0.0,0.0,0.0,0.0,0.0,0.0,64.52884,0.0,0.0,0.0,0.0,64.68901,0.0,263.37598,0.0,0.0,0.0,0.0,0.0,0.0,285.23117,0.0,0.0,0.0,426.9124,62.18953,0.0,0.0,111.04617,436.02838,148.55083
Ukhrul,0.0,39.07603,0.0,0.0,0.0,580.32526,0.0,243.46748,304.48602,0.0,0.0,56.303963,0.0,0.0,429.22894,0.0,56.41446,54.1366,0.0,534.163,6.829071,0.0,255.44936,0.0,0.0,512.6206,0.0,126.905334,0.0,259.54102,279.09912,0.0,0.0,0.0,0.0,0.0,0.0,0.0,0.0,212.06761,0.0,0.0,0.0,0.0,206.64342,0.0,436.21396,0.0,0.0,0.0,0.0,0.0,0.0,493.45804,0.0,0.0,0.0,560.34265,239.02911,0.0,0.0,28.408112,727.5017,373.70087
Eastgarohills,0.0,35.1241,0.0,0.0,0.0,612.4541,0.0,202.20068,239.41159,0.0,0.0,45.125343,0.0,0.0,502.7268,0.0,0.0,69.78208,0.0,553.3217,0.0,0.0,203.496,0.0,0.0,464.01648,0.0,128.17574,0.0,315.99075,346.20636,0.0,0.0,0.0,0.0,0.0,0.0,0.0,0.0,170.38461,0.0,0.0,0.0,0.0,172.76927,0.0,463.71463,0.0,0.0,0.0,0.0,0.0,0.0,522.70483,0.0,0.0,0.0,651.1141,184.84045,0.0,0.0,97.76358,763.125,329.359
Eastkhasihills,0.0,15.786606,0.0,0.0,0.0,437.6498,0.0,78.97798,73.28766,0.0,0.0,0.0,0.0,0.0,409.68204,0.0,0.0,50.76506,0.0,370.31036,0.0,0.0,61.69487,0.0,0.0,229.56776,0.0,80.32426,0.0,265.9547,304.3381,0.0,0.0,0.0,0.0,0.0,0.0,0.0,0.0,61.376663,0.0,0.0,0.0,0.0,66.71991,0.0,322.0058,0.0,0.0,0.0,0.0,0.0,0.0,354.5056,0.0,0.0,0.0,527.38306,56.01207,0.0,0.0,151.16397,526.3366,159.34465
Jaintiahills,0.0,17.583384,0.0,0.0,0.0,406.15164,0.0,102.20122,109.285645,0.0,0.0,2.240036,0.0,0.0,354.08795,0.0,0.0,37.214436,0.0,347.27756,0.0,0.0,90.0589,0.0,0.0,248.00385,0.0,75.44705,0.0,222.81827,257.28848,0.0,0.0,0.0,0.0,0.0,0.0,0.0,0.0,84.02425,0.0,0.0,0.0,0.0,82.99802,0.0,294.1734,0.0,0.0,0.0,0.0,0.0,0.0,322.92642,0.0,0.0,0.0,457.30634,86.66676,0.0,0.0,104.96425,486.91083,178.9995
Northgarohills,0.0,31.226032,0.0,0.0,0.0,599.0,0.0,173.43527,197.89578,0.0,0.0,33.961136,0.0,0.0,511.92407,0.0,0.0,71.30108,0.0,533.89655,0.0,0.0,169.10187,0.0,0.0,417.6899,0.0,121.686874,0.0,325.83304,360.4149,0.0,0.0,0.0,0.0,0.0,0.0,0.0,0.0,143.92822,0.0,0.0,0.0,0.0,148.14195,0.0,452.40887,0.0,0.0,0.0,0.0,0.0,0.0,507.6424,0.0,0.0,0.0,661.7305,152.3364,0.0,0.0,125.92316,741.73364,293.65186
Ribhoi,0.0,26.905432,0.0,0.0,0.0,480.7707,0.0,165.37102,195.3436,0.0,0.0,27.307274,0.0,0.0,386.02896,0.0,0.0,44.864998,0.0,429.36917,0.0,0.0,163.45569,0.0,0.0,363.55035,0.0,97.73456,0.0,237.36528,266.51218,0.0,0.0,0.0,0.0,0.0,0.0,0.0,0.0,139.81987,0.0,0.0,0.0,0.0,137.1517,0.0,355.68097,0.0,0.0,0.0,0.0,0.0,0.0,397.47076,0.0,0.0,0.0,499.90045,153.77876,0.0,0.0,69.2332,590.37775,263.11096
Southgarohills,0.0,35.077564,0.0,0.0,0.0,612.8093,0.0,202.41191,239.38763,0.0,0.0,46.77883,0.0,0.0,503.3889,0.0,0.0,70.164314,0.0,554.31415,0.0,0.0,203.14575,0.0,0.0,464.6712,0.0,128.91231,0.0,316.59222,346.84406,0.0,0.0,0.0,0.0,0.0,0.0,0.0,0.0,169.60884,0.0,0.0,0.0,0.0,173.5632,0.0,464.68512,0.0,0.0,0.0,0.0,0.0,0.0,524.49243,0.0,0.0,0.0,651.8158,183.47223,0.0,0.0,97.421234,763.9015,329.4843
Southwestgarohills,0.0,29.96016,0.0,0.0,0.0,585.85657,0.0,164.56181,186.21793,0.0,0.0,34.118866,0.0,0.0,504.91718,0.0,0.0,70.111565,0.0,521.46094,0.0,0.0,158.18057,0.0,0.0,402.42563,0.0,119.90043,0.0,322.36917,357.03955,0.0,0.0,0.0,0.0,0.0,0.0,0.0,0.0,134.72081,0.0,0.0,0.0,0.0,142.62761,0.0,443.00842,0.0,0.0,0.0,0.0,0.0,0.0,498.12817,0.0,0.0,0.0,652.35095,140.16516,0.0,0.0,128.68134,725.22394,282.37793
Southwestkhasihills,0.0,32.338585,0.0,0.0,0.0,562.1951,0.0,191.00102,226.77966,0.0,0.0,40.0895,0.0,0.0,455.89273,0.0,0.0,59.9677,0.0,507.0329,0.0,0.0,191.46255,0.0,0.0,429.73065,0.0,117.166016,0.0,284.19235,313.56223,0.0,0.0,0.0,0.0,0.0,0.0,0.0,0.0,160.94301,0.0,0.0,0.0,0.0,161.67088,0.0,422.68994,0.0,0.0,0.0,0.0,0.0,0.0,475.6366,0.0,0.0,0.0,590.59406,175.6067,0.0,0.0,83.18042,697.715,307.21393
Westgarohills,0.0,30.146809,0.0,0.0,0.0,591.4298,0.0,163.83255,185.21521,0.0,0.0,32.564194,0.0,0.0,511.18225,0.0,0.0,71.48378,0.0,525.473,0.0,0.0,157.91122,0.0,0.0,403.89648,0.0,120.41019,0.0,327.05594,361.5164,0.0,0.0,0.0,0.0,0.0,0.0,0.0,0.0,135.19855,0.0,0.0,0.0,0.0,141.9409,0.0,447.25754,0.0,0.0,0.0,0.0,0.0,0.0,502.1114,0.0,0.0,0.0,660.5948,140.67093,0.0,0.0,132.92282,732.2182,283.16302
Westkhasihills,0.0,32.336273,0.0,0.0,0.0,567.24023,0.0,190.85266,225.7865,0.0,0.0,40.0203,0.0,0.0,462.10757,0.0,0.0,61.432198,0.0,511.54816,0.0,0.0,191.0687,0.0,0.0,430.38202,0.0,117.817184,0.0,288.46378,318.69452,0.0,0.0,0.0,0.0,0.0,0.0,0.0,0.0,160.23694,0.0,0.0,0.0,0.0,161.09546,0.0,426.72046,0.0,0.0,0.0,0.0,0.0,0.0,480.17035,0.0,0.0,0.0,598.3867,174.98038,0.0,0.0,86.365326,703.8739,307.01605
Aizawl,0.0,14.122976,0.0,0.0,0.0,364.60272,0.0,89.48343,92.431015,0.0,0.0,0.0,0.0,0.0,318.83688,0.0,0.0,28.550978,0.0,307.23343,0.0,0.0,75.446594,0.0,0.0,211.1395,0.0,64.2267,0.0,197.91014,234.58685,0.0,0.0,0.0,0.0,0.0,0.0,0.0,0.0,72.70401,0.0,0.0,0.0,0.0,69.03112,0.0,258.7013,0.0,0.0,0.0,0.0,0.0,0.0,280.94916,0.0,0.0,0.0,411.3192,76.06787,0.0,0.0,98.099686,430.2962,154.56117
Champhai,0.0,16.577997,0.0,0.0,0.0,355.67392,0.0,104.64006,116.14522,0.0,0.0,0.0,0.0,0.0,294.635,0.0,0.0,22.596176,0.0,301.7607,0.0,0.0,94.512665,0.0,0.0,231.1417,0.0,63.997158,0.0,178.8557,210.82675,0.0,0.0,0.0,0.0,0.0,0.0,0.0,0.0,88.7973,0.0,0.0,0.0,0.0,81.890114,0.0,250.88641,0.0,0.0,0.0,0.0,0.0,0.0,272.33246,0.0,0.0,0.0,381.9101,96.3365,0.0,0.0,73.840805,420.36667,172.28732
Kolasib,0.0,14.305248,0.0,0.0,0.0,373.3939,0.0,80.30266,81.22809,0.0,0.0,0.0,0.0,0.0,333.67755,0.0,0.0,31.483921,0.0,312.11368,0.0,0.0,64.97946,0.0,0.0,206.01924,0.0,66.06061,0.0,210.9258,246.99504,0.0,0.0,0.0,0.0,0.0,0.0,0.0,0.0,66.117874,0.0,0.0,0.0,0.0,64.725586,0.0,266.21893,0.0,0.0,0.0,0.0,0.0,0.0,289.22516,0.0,0.0,0.0,430.89304,64.97162,0.0,0.0,113.38934,442.10852,150.22937
Lawangtlai,0.0,19.46118,0.0,0.0,0.0,364.67694,0.0,129.49318,150.00845,0.0,0.0,4.9208755,0.0,0.0,285.65805,0.0,9.549194,20.289015,0.0,316.61075,0.0,0.0,123.672485,0.0,0.0,265.11847,0.0,67.336044,0.0,168.09047,199.61177,0.0,0.0,0.0,0.0,0.0,0.0,0.0,0.0,110.037,0.0,0.0,0.0,0.0,99.463165,0.0,257.03458,0.0,0.0,0.0,0.0,0.0,0.0,280.4571,0.0,0.0,0.0,369.68057,124.56299,0.0,0.0,49.24803,433.8111,198.30133
Lunglei,0.0,13.701504,0.0,0.0,0.0,370.07037,0.0,74.76723,74.73479,0.0,0.0,0.0,0.0,0.0,334.35715,0.0,0.0,32.979717,0.0,308.45456,0.0,0.0,60.5784,0.0,0.0,201.17273,0.0,65.85921,0.0,212.54993,246.43028,0.0,0.0,0.0,0.0,0.0,0.0,0.0,0.0,63.098816,0.0,0.0,0.0,0.0,61.76448,0.0,264.8292,0.0,0.0,0.0,0.0,0.0,0.0,287.88272,0.0,0.0,0.0,432.29102,60.993896,0.0,0.0,118.35605,439.24976,146.03987
Mamit,0.0,45.558784,0.0,0.0,0.0,547.6087,0.0,315.02643,404.25687,0.0,0.0,73.73849,0.0,0.0,337.10107,0.0,156.05461,30.456142,0.0,522.38324,121.865845,0.0,337.62054,0.0,0.0,585.5184,0.0,123.78989,0.0,180.43915,197.01048,0.0,0.0,0.0,0.0,0.0,0.0,0.0,0.0,273.26166,0.0,0.0,0.0,0.0,255.4094,0.0,404.67133,0.0,0.0,0.0,0.0,0.0,0.0,459.60275,0.0,0.0,0.0,441.53894,323.15582,0.0,0.0,0.0,686.85785,436.83786
Saiha,0.0,15.634392,0.0,0.0,0.0,349.67218,0.0,103.20578,110.9653,0.0,0.0,0.0,0.0,0.0,292.57266,0.0,0.0,21.647362,0.0,297.79486,0.0,0.0,91.32742,0.0,0.0,219.35527,0.0,60.632053,0.0,175.44415,212.77945,0.0,0.0,0.0,0.0,0.0,0.0,0.0,0.0,83.65512,0.0,0.0,0.0,0.0,75.86732,0.0,244.72556,0.0,0.0,0.0,0.0,0.0,0.0,265.2853,0.0,0.0,0.0,376.37817,93.2737,0.0,0.0,73.55136,410.49823,162.4714
Serchhip,0.0,21.206758,0.0,0.0,0.0,379.04984,0.0,142.33008,168.05763,0.0,0.0,12.471199,0.0,0.0,291.00388,0.0,18.303223,21.720936,0.0,333.20245,0.0,0.0,137.75504,0.0,0.0,289.65942,0.0,73.037994,0.0,170.75217,200.78905,0.0,0.0,0.0,0.0,0.0,0.0,0.0,0.0,120.5458,0.0,0.0,0.0,0.0,112.474785,0.0,269.69205,0.0,0.0,0.0,0.0,0.0,0.0,297.1075,0.0,0.0,0.0,377.25046,135.80566,0.0,0.0,40.800278,454.3322,216.37488
Dimapur,0.0,28.248802,0.0,0.0,0.0,488.94977,0.0,180.20642,215.62454,0.0,0.0,31.62696,0.0,0.0,382.5245,0.0,13.833069,43.40701,0.0,439.50552,0.0,0.0,179.9633,0.0,0.0,385.38782,0.0,100.53063,0.0,232.88168,261.12646,0.0,0.0,0.0,0.0,0.0,0.0,0.0,0.0,152.74263,0.0,0.0,0.0,0.0,148.95024,0.0,361.54376,0.0,0.0,0.0,0.0,0.0,0.0,404.45892,0.0,0.0,0.0,495.9835,169.75458,0.0,0.0,55.762955,601.0016,280.33228
Kiphire,0.0,27.276962,0.0,0.0,0.0,512.7572,0.0,163.54662,190.12451,0.0,0.0,29.0859,0.0,0.0,422.6831,0.0,0.0,51.711567,0.0,456.1205,0.0,0.0,158.5286,0.0,0.0,372.37216,0.0,104.5059,0.0,264.16098,295.67313,0.0,0.0,0.0,0.0,0.0,0.0,0.0,0.0,136.0889,0.0,0.0,0.0,0.0,138.32726,0.0,381.94464,0.0,0.0,0.0,0.0,0.0,0.0,427.35788,0.0,0.0,0.0,547.32355,145.88963,0.0,0.0,88.74925,629.9728,267.35156
Kohima,0.0,24.08301,0.0,0.0,0.0,480.3753,0.0,145.3314,166.41208,0.0,0.0,20.55497,0.0,0.0,401.33917,0.0,0.0,47.99366,0.0,423.29385,0.0,0.0,138.85405,0.0,0.0,335.51947,0.0,95.570984,0.0,251.4781,283.2719,0.0,0.0,0.0,0.0,0.0,0.0,0.0,0.0,121.1978,0.0,0.0,0.0,0.0,121.67865,0.0,355.43494,0.0,0.0,0.0,0.0,0.0,0.0,395.73636,0.0,0.0,0.0,519.3827,129.66489,0.0,0.0,93.488464,586.9108,241.04301
Longleng,0.0,26.619347,0.0,0.0,0.0,523.8452,0.0,153.26709,174.7403,0.0,0.0,26.21241,0.0,0.0,443.2116,0.0,0.0,56.090134,0.0,462.96152,0.0,0.0,146.10886,0.0,0.0,363.14844,0.0,105.749344,0.0,280.31104,313.24243,0.0,0.0,0.0,0.0,0.0,0.0,0.0,0.0,126.65779,0.0,0.0,0.0,0.0,131.03941,0.0,391.26077,0.0,0.0,0.0,0.0,0.0,0.0,437.309,0.0,0.0,0.0,573.49774,133.15366,0.0,0.0,107.5181,643.3526,258.78506
Mokokchung,0.0,20.294561,0.0,0.0,0.0,458.47104,0.0,117.32547,126.82544,0.0,0.0,10.811241,0.0,0.0,400.43805,0.0,0.0,46.75535,0.0,396.97876,0.0,0.0,105.01134,0.0,0.0,287.83936,0.0,88.21038,0.0,253.86813,289.6684,0.0,0.0,0.0,0.0,0.0,0.0,0.0,0.0,95.193665,0.0,0.0,0.0,0.0,98.51962,0.0,337.5603,0.0,0.0,0.0,0.0,0.0,0.0,373.8312,0.0,0.0,0.0,517.1215,97.194244,0.0,0.0,115.34506,555.0879,205.36572
Mon,0.0,27.458244,0.0,0.0,0.0,551.0677,0.0,155.50868,175.70013,0.0,0.0,29.006035,0.0,0.0,472.21088,0.0,0.0,62.57723,0.0,487.6759,0.0,0.0,147.57947,0.0,0.0,376.54648,0.0,111.88624,0.0,300.8137,334.78204,0.0,0.0,0.0,0.0,0.0,0.0,0.0,0.0,127.34573,0.0,0.0,0.0,0.0,134.41809,0.0,414.1121,0.0,0.0,0.0,0.0,0.0,0.0,463.9352,0.0,0.0,0.0,610.645,132.34705,0.0,0.0,120.00699,678.6406,266.24048
Peren,0.0,23.921576,0.0,0.0,0.0,476.1277,0.0,140.13107,159.77191,0.0,0.0,19.652527,0.0,0.0,401.2286,0.0,0.0,48.941116,0.0,419.02377,0.0,0.0,133.90552,0.0,0.0,328.30112,0.0,94.64047,0.0,252.47482,283.79453,0.0,0.0,0.0,0.0,0.0,0.0,0.0,0.0,116.89389,0.0,0.0,0.0,0.0,117.4973,0.0,352.70026,0.0,0.0,0.0,0.0,0.0,0.0,392.6912,0.0,0.0,0.0,518.9059,124.64691,0.0,0.0,97.40573,582.45984,235.05911
Phek,0.0,23.315542,0.0,0.0,0.0,514.3297,0.0,130.02428,142.01929,0.0,0.0,19.5969,0.0,0.0,452.57758,0.0,0.0,59.998383,0.0,450.17047,0.0,0.0,119.32144,0.0,0.0,328.72678,0.0,102.059326,0.0,290.6146,325.61465,0.0,0.0,0.0,0.0,0.0,0.0,0.0,0.0,105.37453,0.0,0.0,0.0,0.0,112.35867,0.0,384.9029,0.0,0.0,0.0,0.0,0.0,0.0,429.7663,0.0,0.0,0.0,584.60126,106.92462,0.0,0.0,130.89233,630.0919,231.08295
Tuensang,0.0,26.947258,0.0,0.0,0.0,511.45572,0.0,162.0435,187.78027,0.0,0.0,28.546509,0.0,0.0,422.57306,0.0,0.0,51.168907,0.0,454.61618,0.0,0.0,156.31055,0.0,0.0,369.16037,0.0,103.95357,0.0,263.8711,296.28464,0.0,0.0,0.0,0.0,0.0,0.0,0.0,0.0,134.42043,0.0,0.0,0.0,0.0,136.97958,0.0,380.61377,0.0,0.0,0.0,0.0,0.0,0.0,425.7835,0.0,0.0,0.0,546.8971,143.76945,0.0,0.0,89.94704,627.8061,265.13037
Wokha,0.0,21.190266,0.0,0.0,0.0,426.8156,0.0,135.49779,154.52771,0.0,0.0,13.605095,0.0,0.0,350.1941,0.0,0.0,35.023834,0.0,373.35587,0.0,0.0,127.18361,0.0,0.0,298.50247,0.0,82.73892,0.0,214.85324,248.03624,0.0,0.0,0.0,0.0,0.0,0.0,0.0,0.0,112.43825,0.0,0.0,0.0,0.0,110.03043,0.0,310.05487,0.0,0.0,0.0,0.0,0.0,0.0,342.79706,0.0,0.0,0.0,452.7995,121.69592,0.0,0.0,75.76677,514.976,217.92372
Zunheboto,0.0,26.25923,0.0,0.0,0.0,492.97217,0.0,161.15053,187.65924,0.0,0.0,26.460602,0.0,0.0,402.73907,0.0,0.0,47.302612,0.0,438.0941,0.0,0.0,156.3038,0.0,0.0,360.539,0.0,99.70654,0.0,249.88803,281.33713,0.0,0.0,0.0,0.0,0.0,0.0,0.0,0.0,134.34944,0.0,0.0,0.0,0.0,134.56337,0.0,365.12042,0.0,0.0,0.0,0.0,0.0,0.0,407.755,0.0,0.0,0.0,521.3923,145.4766,0.0,0.0,81.02205,603.8531,260.09192
West,0.0,62.76708,0.0,0.0,0.0,1005.2377,0.0,334.61816,405.99365,0.0,0.0,141.67801,0.0,0.0,834.0247,0.0,0.0,140.77187,0.0,938.1415,0.0,0.0,336.4755,0.0,0.0,814.9746,0.0,241.13687,0.0,540.2175,566.0977,0.0,0.0,0.0,0.0,0.0,0.0,0.0,0.0,269.66467,0.0,0.0,0.0,0.0,323.02872,0.0,799.63477,0.0,0.0,0.0,0.0,0.0,0.0,930.2726,0.0,0.0,0.0,1082.2128,268.0355,0.0,0.0,144.81848,1290.5667,566.16296
Anugul,0.0,23.21491,0.0,0.0,0.0,440.9851,0.0,145.57855,168.91278,0.0,0.0,14.443695,0.0,0.0,357.53354,0.0,0.0,37.881054,0.0,387.9609,0.0,0.0,141.93251,0.0,0.0,317.74078,0.0,85.181526,0.0,218.5503,249.77673,0.0,0.0,0.0,0.0,0.0,0.0,0.0,0.0,123.2437,0.0,0.0,0.0,0.0,116.46465,0.0,320.5428,0.0,0.0,0.0,0.0,0.0,0.0,354.68896,0.0,0.0,0.0,463.15594,137.53772,0.0,0.0,72.38707,535.0029,231.60211
Balangir,0.0,17.980474,0.0,0.0,0.0,366.6669,0.0,118.50697,134.50012,0.0,0.0,0.0,0.0,0.0,296.01154,0.0,0.0,22.150232,0.0,314.27734,0.0,0.0,111.03375,0.0,0.0,249.63762,0.0,65.65659,0.0,176.61034,210.03622,0.0,0.0,0.0,0.0,0.0,0.0,0.0,0.0,100.61332,0.0,0.0,0.0,0.0,90.258545,0.0,257.22223,0.0,0.0,0.0,0.0,0.0,0.0,279.6628,0.0,0.0,0.0,383.4117,113.69394,0.0,0.0,64.232574,434.34045,186.75848
Baleshwar,0.0,27.920748,0.0,0.0,0.0,501.04355,0.0,170.3023,200.78271,0.0,0.0,30.828766,0.0,0.0,404.71844,0.0,0.0,48.598095,0.0,448.54742,0.0,0.0,168.25432,0.0,0.0,377.86105,0.0,102.71213,0.0,250.00897,279.62473,0.0,0.0,0.0,0.0,0.0,0.0,0.0,0.0,142.97838,0.0,0.0,0.0,0.0,142.57428,0.0,372.52136,0.0,0.0,0.0,0.0,0.0,0.0,417.33215,0.0,0.0,0.0,524.1525,156.37825,0.0,0.0,74.36795,616.71906,272.36505
Bargarh,0.0,12.572762,0.0,0.0,0.0,340.7674,0.0,77.4285,77.631424,0.0,0.0,0.0,0.0,0.0,300.63992,0.0,0.0,23.94236,0.0,281.3897,0.0,0.0,63.705734,0.0,0.0,184.93376,0.0,56.337185,0.0,185.82582,222.52144,0.0,0.0,0.0,0.0,0.0,0.0,0.0,0.0,64.39631,0.0,0.0,0.0,0.0,56.713898,0.0,236.7204,0.0,0.0,0.0,0.0,0.0,0.0,253.98239,0.0,0.0,0.0,388.35342,68.95459,0.0,0.0,100.267395,397.54855,137.31772
Bauda,0.0,15.948818,0.0,0.0,0.0,355.5963,0.0,101.716125,111.649185,0.0,0.0,0.0,0.0,0.0,297.06924,0.0,0.0,22.58617,0.0,300.57104,0.0,0.0,91.446396,0.0,0.0,223.69937,0.0,62.161026,0.0,180.09769,214.60582,0.0,0.0,0.0,0.0,0.0,0.0,0.0,0.0,85.73944,0.0,0.0,0.0,0.0,77.2711,0.0,248.82681,0.0,0.0,0.0,0.0,0.0,0.0,269.3247,0.0,0.0,0.0,384.5318,94.4913,0.0,0.0,78.23094,418.8802,167.01198
Bhadrak,0.0,22.832964,0.0,0.0,0.0,461.34827,0.0,133.87086,150.83536,0.0,0.0,17.600548,0.0,0.0,390.54065,0.0,0.0,45.57092,0.0,404.73602,0.0,0.0,125.87007,0.0,0.0,313.45532,0.0,91.05834,0.0,244.82822,277.18625,0.0,0.0,0.0,0.0,0.0,0.0,0.0,0.0,110.57631,0.0,0.0,0.0,0.0,111.962906,0.0,340.6692,0.0,0.0,0.0,0.0,0.0,0.0,378.8515,0.0,0.0,0.0,504.8027,116.80429,0.0,0.0,96.67084,562.0282,224.69176
Cuttack,0.0,24.433401,0.0,0.0,0.0,442.26788,0.0,153.05989,179.94096,0.0,0.0,19.811378,0.0,0.0,352.81525,0.0,2.5307617,36.559273,0.0,391.86887,0.0,0.0,149.92052,0.0,0.0,330.56958,0.0,87.56705,0.0,214.36313,244.28352,0.0,0.0,0.0,0.0,0.0,0.0,0.0,0.0,129.66519,0.0,0.0,0.0,0.0,124.60791,0.0,322.89,0.0,0.0,0.0,0.0,0.0,0.0,358.60992,0.0,0.0,0.0,456.93817,143.81839,0.0,0.0,63.08188,538.48413,241.50098
Debagarh,0.0,26.867924,0.0,0.0,0.0,482.1112,0.0,166.26826,196.7976,0.0,0.0,23.337555,0.0,0.0,386.19427,0.0,1.4742432,45.051384,0.0,429.67413,0.0,0.0,166.55426,0.0,0.0,363.04843,0.0,95.79628,0.0,236.67834,266.0737,0.0,0.0,0.0,0.0,0.0,0.0,0.0,0.0,142.04173,0.0,0.0,0.0,0.0,135.1823,0.0,354.703,0.0,0.0,0.0,0.0,0.0,0.0,395.0929,0.0,0.0,0.0,500.76672,159.4745,0.0,0.0,70.09436,591.1299,263.10306
Dhenkanal,0.0,27.76054,0.0,0.0,0.0,486.93005,0.0,174.65634,207.02203,0.0,0.0,28.79979,0.0,0.0,386.20374,0.0,6.925415,44.838505,0.0,437.01968,0.0,0.0,174.46832,0.0,0.0,375.62933,0.0,98.59181,0.0,235.36215,264.93494,0.0,0.0,0.0,0.0,0.0,0.0,0.0,0.0,147.39323,0.0,0.0,0.0,0.0,142.5494,0.0,359.71405,0.0,0.0,0.0,0.0,0.0,0.0,402.11707,0.0,0.0,0.0,500.0561,165.13765,0.0,0.0,62.154144,598.0886,271.99078
Gajapati,0.0,22.121832,0.0,0.0,0.0,408.22992,0.0,145.81664,170.89287,0.0,0.0,15.379639,0.0,0.0,320.414,0.0,8.882095,27.244995,0.0,359.1162,0.0,0.0,139.8097,0.0,0.0,305.58228,0.0,79.817726,0.0,191.37642,222.73096,0.0,0.0,0.0,0.0,0.0,0.0,0.0,0.0,122.84213,0.0,0.0,0.0,0.0,117.6065,0.0,293.83466,0.0,0.0,0.0,0.0,0.0,0.0,324.65082,0.0,0.0,0.0,414.96997,135.80803,0.0,0.0,52.598343,491.83762,226.51884
Ganjam,0.0,20.323692,0.0,0.0,0.0,386.54022,0.0,133.36159,154.54918,0.0,0.0,9.549599,0.0,0.0,306.14667,0.0,3.973053,24.04015,0.0,336.60236,0.0,0.0,125.98601,0.0,0.0,279.96356,0.0,73.67047,0.0,182.85121,214.74089,0.0,0.0,0.0,0.0,0.0,0.0,0.0,0.0,112.234184,0.0,0.0,0.0,0.0,106.087456,0.0,275.58337,0.0,0.0,0.0,0.0,0.0,0.0,302.75397,0.0,0.0,0.0,396.51273,123.86575,0.0,0.0,55.8031,462.3349,208.45345
Jagatsinghapur,0.0,18.87591,0.0,0.0,0.0,413.6574,0.0,110.92151,121.27841,0.0,0.0,6.5947876,0.0,0.0,355.68475,0.0,0.0,37.606644,0.0,356.69342,0.0,0.0,100.23207,0.0,0.0,263.66946,0.0,78.44422,0.0,222.68297,256.07532,0.0,0.0,0.0,0.0,0.0,0.0,0.0,0.0,91.569824,0.0,0.0,0.0,0.0,90.97099,0.0,300.9024,0.0,0.0,0.0,0.0,0.0,0.0,331.56952,0.0,0.0,0.0,459.39133,95.47479,0.0,0.0,98.359634,498.0404,190.4103
Jajapur,0.0,23.21488,0.0,0.0,0.0,459.922,0.0,136.28699,154.82507,0.0,0.0,17.535042,0.0,0.0,386.7268,0.0,0.0,44.868935,0.0,404.02643,0.0,0.0,129.48541,0.0,0.0,316.3988,0.0,90.60407,0.0,241.61888,273.4472,0.0,0.0,0.0,0.0,0.0,0.0,0.0,0.0,113.57242,0.0,0.0,0.0,0.0,113.45215,0.0,339.1811,0.0,0.0,0.0,0.0,0.0,0.0,377.0763,0.0,0.0,0.0,500.01733,121.19461,0.0,0.0,93.100586,560.6999,227.29086
Jharsuguda,0.0,23.498594,0.0,0.0,0.0,425.87683,0.0,151.00206,177.93625,0.0,0.0,12.286766,0.0,0.0,335.51364,0.0,9.611588,32.38987,0.0,374.94107,0.0,0.0,149.78618,0.0,0.0,317.70654,0.0,81.01721,0.0,201.38795,231.7316,0.0,0.0,0.0,0.0,0.0,0.0,0.0,0.0,129.7208,0.0,0.0,0.0,0.0,118.3174,0.0,306.3117,0.0,0.0,0.0,0.0,0.0,0.0,337.51492,0.0,0.0,0.0,435.43814,148.14404,0.0,0.0,57.843277,514.99274,234.04701
Kalahandi,0.0,24.554123,0.0,0.0,0.0,433.60657,0.0,158.32664,188.03802,0.0,0.0,16.574402,0.0,0.0,337.74725,0.0,15.078003,31.351326,0.0,383.47528,0.0,0.0,156.55815,0.0,0.0,331.13858,0.0,84.17282,0.0,201.58893,232.20355,0.0,0.0,0.0,0.0,0.0,0.0,0.0,0.0,135.67273,0.0,0.0,0.0,0.0,126.368004,0.0,312.78973,0.0,0.0,0.0,0.0,0.0,0.0,345.83813,0.0,0.0,0.0,438.37454,153.37946,0.0,0.0,52.410904,525.3565,244.70398
Kandhamal,0.0,15.142508,0.0,0.0,0.0,366.8258,0.0,92.81059,97.48808,0.0,0.0,0.0,0.0,0.0,317.51785,0.0,0.0,26.897867,0.0,308.70563,0.0,0.0,79.35159,0.0,0.0,216.39122,0.0,64.471794,0.0,196.06776,232.40207,0.0,0.0,0.0,0.0,0.0,0.0,0.0,0.0,76.37651,0.0,0.0,0.0,0.0,71.731766,0.0,259.13696,0.0,0.0,0.0,0.0,0.0,0.0,281.19086,0.0,0.0,0.0,410.09015,80.55336,0.0,0.0,95.119095,432.5349,159.4662
Kendrapara,0.0,24.163622,0.0,0.0,0.0,452.51404,0.0,146.8175,170.3327,0.0,0.0,20.840286,0.0,0.0,369.66992,0.0,0.0,40.617996,0.0,400.05316,0.0,0.0,141.63083,0.0,0.0,327.68985,0.0,90.32795,0.0,227.90308,258.36267,0.0,0.0,0.0,0.0,0.0,0.0,0.0,0.0,123.06847,0.0,0.0,0.0,0.0,121.65491,0.0,332.763,0.0,0.0,0.0,0.0,0.0,0.0,370.3267,0.0,0.0,0.0,478.2621,133.37578,0.0,0.0,75.91138,551.9597,237.47632
Kendujhar,0.0,23.018196,0.0,0.0,0.0,463.36047,0.0,133.80777,151.30582,0.0,0.0,16.626701,0.0,0.0,392.34805,0.0,0.0,46.306885,0.0,406.3448,0.0,0.0,126.79094,0.0,0.0,314.49585,0.0,90.92451,0.0,246.10652,278.1695,0.0,0.0,0.0,0.0,0.0,0.0,0.0,0.0,111.511536,0.0,0.0,0.0,0.0,111.63344,0.0,341.96326,0.0,0.0,0.0,0.0,0.0,0.0,380.06702,0.0,0.0,0.0,507.3342,118.57713,0.0,0.0,98.12216,564.94666,225.3983
Khordha,0.0,14.699472,0.0,0.0,0.0,365.09036,0.0,88.85684,91.750046,0.0,0.0,0.0,0.0,0.0,319.53705,0.0,0.0,28.15504,0.0,307.23352,0.0,0.0,74.65451,0.0,0.0,211.27538,0.0,64.42839,0.0,198.37303,234.70401,0.0,0.0,0.0,0.0,0.0,0.0,0.0,0.0,72.23082,0.0,0.0,0.0,0.0,69.152336,0.0,259.02048,0.0,0.0,0.0,0.0,0.0,0.0,281.44348,0.0,0.0,0.0,412.2692,75.06148,0.0,0.0,98.73413,430.81793,154.70993
Koraput,0.0,23.140886,0.0,0.0,0.0,473.80414,0.0,135.50418,152.15613,0.0,0.0,13.696114,0.0,0.0,402.31937,0.0,0.0,46.79986,0.0,414.0815,0.0,0.0,128.30435,0.0,0.0,317.39642,0.0,91.3925,0.0,251.73174,285.76608,0.0,0.0,0.0,0.0,0.0,0.0,0.0,0.0,113.00287,0.0,0.0,0.0,0.0,111.38109,0.0,348.0958,0.0,0.0,0.0,0.0,0.0,0.0,385.9066,0.0,0.0,0.0,520.3839,121.344284,0.0,0.0,102.74986,576.03485,227.7975
Malkangiri,0.0,22.335379,0.0,0.0,0.0,462.5464,0.0,132.34381,148.4819,0.0,0.0,12.719658,0.0,0.0,392.17395,0.0,0.0,44.767456,0.0,403.43268,0.0,0.0,124.58154,0.0,0.0,308.8767,0.0,89.104385,0.0,245.14607,278.9258,0.0,0.0,0.0,0.0,0.0,0.0,0.0,0.0,109.87576,0.0,0.0,0.0,0.0,108.90288,0.0,338.985,0.0,0.0,0.0,0.0,0.0,0.0,375.75452,0.0,0.0,0.0,507.6464,117.98491,0.0,0.0,100.01958,561.1954,222.30026
Mayurbhanj,0.0,22.14837,0.0,0.0,0.0,472.44427,0.0,126.33154,139.10648,0.0,0.0,16.400116,0.0,0.0,409.31857,0.0,0.0,49.88655,0.0,412.83112,0.0,0.0,116.273575,0.0,0.0,307.6513,0.0,92.88959,0.0,259.41708,293.24924,0.0,0.0,0.0,0.0,0.0,0.0,0.0,0.0,103.02933,0.0,0.0,0.0,0.0,106.97055,0.0,350.34113,0.0,0.0,0.0,0.0,0.0,0.0,389.82416,0.0,0.0,0.0,528.58844,106.27869,0.0,0.0,112.042786,575.69006,218.56871
Nabarangapur,0.0,22.516119,0.0,0.0,0.0,464.35867,0.0,132.29556,147.4877,0.0,0.0,11.491341,0.0,0.0,394.7983,0.0,0.0,44.467434,0.0,404.70334,0.0,0.0,124.22177,0.0,0.0,308.17206,0.0,88.66953,0.0,246.08173,281.05356,0.0,0.0,0.0,0.0,0.0,0.0,0.0,0.0,109.868256,0.0,0.0,0.0,0.0,107.781265,0.0,339.85394,0.0,0.0,0.0,0.0,0.0,0.0,376.11142,0.0,0.0,0.0,510.3479,118.25644,0.0,0.0,101.518524,562.8086,221.62418
Nayagarh,0.0,14.939716,0.0,0.0,0.0,362.8756,0.0,91.69476,96.542175,0.0,0.0,0.0,0.0,0.0,314.07025,0.0,0.0,26.80111,0.0,305.4926,0.0,0.0,78.62143,0.0,0.0,214.37466,0.0,63.903954,0.0,194.03522,229.71277,0.0,0.0,0.0,0.0,0.0,0.0,0.0,0.0,75.69916,0.0,0.0,0.0,0.0,71.174484,0.0,256.5484,0.0,0.0,0.0,0.0,0.0,0.0,278.44788,0.0,0.0,0.0,405.6958,79.89969,0.0,0.0,94.15254,428.152,157.94397
Nuapada,0.0,18.27073,0.0,0.0,0.0,373.74216,0.0,120.43854,137.2241,0.0,0.0,0.0,0.0,0.0,301.86453,0.0,0.0,23.21921,0.0,320.73813,0.0,0.0,113.00874,0.0,0.0,255.47304,0.0,67.5102,0.0,180.59729,213.99435,0.0,0.0,0.0,0.0,0.0,0.0,0.0,0.0,102.5981,0.0,0.0,0.0,0.0,92.74283,0.0,262.94342,0.0,0.0,0.0,0.0,0.0,0.0,286.39056,0.0,0.0,0.0,391.19324,115.34633,0.0,0.0,65.72691,443.72412,191.0521
Puri,0.0,19.15595,0.0,0.0,0.0,396.81696,0.0,121.199844,136.64314,0.0,0.0,7.087837,0.0,0.0,328.3847,0.0,0.0,30.776955,0.0,343.8398,0.0,0.0,112.54144,0.0,0.0,269.00806,0.0,75.00445,0.0,200.86333,233.57912,0.0,0.0,0.0,0.0,0.0,0.0,0.0,0.0,101.30003,0.0,0.0,0.0,0.0,97.118355,0.0,285.5749,0.0,0.0,0.0,0.0,0.0,0.0,314.09094,0.0,0.0,0.0,424.4877,109.88188,0.0,0.0,76.78879,476.07776,197.28607
Rayagada,0.0,23.145216,0.0,0.0,0.0,423.12616,0.0,149.85655,175.6286,0.0,0.0,16.177338,0.0,0.0,333.88965,0.0,7.2926483,30.556808,0.0,373.07498,0.0,0.0,145.11794,0.0,0.0,316.15857,0.0,82.49844,0.0,200.33928,231.72595,0.0,0.0,0.0,0.0,0.0,0.0,0.0,0.0,126.53081,0.0,0.0,0.0,0.0,120.32281,0.0,305.63104,0.0,0.0,0.0,0.0,0.0,0.0,338.00702,0.0,0.0,0.0,432.45993,140.76842,0.0,0.0,56.427353,511.23077,233.09776
Sambalpur,0.0,23.192654,0.0,0.0,0.0,433.9536,0.0,145.92903,170.27878,0.0,0.0,12.414894,0.0,0.0,348.81412,0.0,0.0,35.624046,0.0,381.2663,0.0,0.0,143.23186,0.0,0.0,314.6065,0.0,82.71584,0.0,211.85065,243.07523,0.0,0.0,0.0,0.0,0.0,0.0,0.0,0.0,124.48862,0.0,0.0,0.0,0.0,115.56506,0.0,313.7594,0.0,0.0,0.0,0.0,0.0,0.0,346.32147,0.0,0.0,0.0,452.32724,140.50922,0.0,0.0,68.20485,525.4186,230.38159
Subarnapur,0.0,11.897745,0.0,0.0,0.0,341.45908,0.0,72.74657,69.93149,0.0,0.0,0.0,0.0,0.0,306.29742,0.0,0.0,25.657478,0.0,281.37363,0.0,0.0,57.826294,0.0,0.0,177.56541,0.0,55.68411,0.0,190.2138,228.2627,0.0,0.0,0.0,0.0,0.0,0.0,0.0,0.0,59.13405,0.0,0.0,0.0,0.0,52.276337,0.0,237.70148,0.0,0.0,0.0,0.0,0.0,0.0,255.0493,0.0,0.0,0.0,395.025,63.08139,0.0,0.0,106.55954,397.73718,130.68924
Sundargarh,0.0,25.708778,0.0,0.0,0.0,470.52045,0.0,159.21591,187.1846,0.0,0.0,20.357086,0.0,0.0,379.21872,0.0,0.0,43.57339,0.0,417.77686,0.0,0.0,158.44283,0.0,0.0,348.69122,0.0,92.559265,0.0,232.55168,262.45685,0.0,0.0,0.0,0.0,0.0,0.0,0.0,0.0,135.72789,0.0,0.0,0.0,0.0,128.79338,0.0,345.24997,0.0,0.0,0.0,0.0,0.0,0.0,383.8169,0.0,0.0,0.0,491.5295,152.27432,0.0,0.0,72.30652,575.3091,252.71771
Karaikal,0.0,27.200752,0.0,0.0,0.0,515.3526,0.0,157.15848,180.37357,0.0,0.0,23.877327,0.0,0.0,431.45993,0.0,0.0,53.040314,0.0,456.3127,0.0,0.0,152.58633,0.0,0.0,363.19452,0.0,102.548965,0.0,269.54388,302.72223,0.0,0.0,0.0,0.0,0.0,0.0,0.0,0.0,131.21187,0.0,0.0,0.0,0.0,131.0123,0.0,382.6177,0.0,0.0,0.0,0.0,0.0,0.0,427.0725,0.0,0.0,0.0,558.2318,141.94003,0.0,0.0,99.086105,632.2569,259.78107
Mahe,0.0,36.304077,0.0,0.0,0.0,477.24603,0.0,244.55455,311.3918,0.0,0.0,45.64695,0.0,0.0,311.90115,0.0,107.4603,24.02742,0.0,440.6366,65.51962,0.0,257.6898,0.0,0.0,467.53113,0.0,102.30919,0.0,173.06339,191.97594,0.0,0.0,0.0,0.0,0.0,0.0,0.0,0.0,215.07098,0.0,0.0,0.0,0.0,198.75696,0.0,346.4145,0.0,0.0,0.0,0.0,0.0,0.0,388.16266,0.0,0.0,0.0,410.19528,250.07137,0.0,0.0,0.0,589.02014,351.52118
Puducherry,0.0,20.524685,0.0,0.0,0.0,430.86755,0.0,122.89114,136.91904,0.0,0.0,7.338936,0.0,0.0,364.9305,0.0,0.0,39.001804,0.0,373.64856,0.0,0.0,115.04663,0.0,0.0,283.7196,0.0,81.1098,0.0,226.40596,260.094,0.0,0.0,0.0,0.0,0.0,0.0,0.0,0.0,102.60162,0.0,0.0,0.0,0.0,98.86612,0.0,312.756,0.0,0.0,0.0,0.0,0.0,0.0,344.9663,0.0,0.0,0.0,471.9853,111.28644,0.0,0.0,94.3591,519.76294,205.2949
Yanam,0.0,20.748934,0.0,0.0,0.0,425.466,0.0,129.8708,147.32683,0.0,0.0,10.212326,0.0,0.0,353.08572,0.0,0.0,36.675507,0.0,370.93607,0.0,0.0,122.775894,0.0,0.0,290.84207,0.0,81.09404,0.0,217.42737,250.27225,0.0,0.0,0.0,0.0,0.0,0.0,0.0,0.0,108.49336,0.0,0.0,0.0,0.0,104.573524,0.0,308.48267,0.0,0.0,0.0,0.0,0.0,0.0,340.8332,0.0,0.0,0.0,456.99902,118.685745,0.0,0.0,82.52951,513.3752,211.66315
Amritsar,0.0,17.233341,0.0,0.0,0.0,376.79837,0.0,111.599,124.00691,0.0,0.0,0.0,0.0,0.0,313.42496,0.0,0.0,27.502947,0.0,322.79395,0.0,0.0,103.012375,0.0,0.0,245.32137,0.0,67.74689,0.0,190.90627,224.62254,0.0,0.0,0.0,0.0,0.0,0.0,0.0,0.0,93.519844,0.0,0.0,0.0,0.0,85.919586,0.0,267.18573,0.0,0.0,0.0,0.0,0.0,0.0,291.39343,0.0,0.0,0.0,405.71603,103.79372,0.0,0.0,78.249985,447.58197,180.93814
Barnala,0.0,15.728851,0.0,0.0,0.0,345.03052,0.0,103.61273,115.68762,0.0,0.0,0.0,0.0,0.0,283.698,0.0,0.0,21.120678,0.0,293.2308,0.0,0.0,94.18388,0.0,0.0,225.41347,0.0,61.85373,0.0,171.62808,203.55333,0.0,0.0,0.0,0.0,0.0,0.0,0.0,0.0,87.929306,0.0,0.0,0.0,0.0,80.08905,0.0,242.26357,0.0,0.0,0.0,0.0,0.0,0.0,262.4923,0.0,0.0,0.0,367.0307,96.407776,0.0,0.0,69.63411,407.5075,168.52231
Bathinda,0.0,16.52259,0.0,0.0,0.0,340.48364,0.0,110.02475,124.56604,0.0,0.0,0.8801346,0.0,0.0,274.42847,0.0,0.0,19.496773,0.0,291.80573,0.0,0.0,101.250336,0.0,0.0,232.41223,0.0,62.204308,0.0,164.33765,195.52351,0.0,0.0,0.0,0.0,0.0,0.0,0.0,0.0,92.79688,0.0,0.0,0.0,0.0,85.04743,0.0,239.51501,0.0,0.0,0.0,0.0,0.0,0.0,260.10376,0.0,0.0,0.0,354.61703,102.43025,0.0,0.0,58.86902,402.90265,173.90047
Faridkot,0.0,16.823114,0.0,0.0,0.0,337.3515,0.0,114.1359,131.76509,0.0,0.0,0.6546097,0.0,0.0,266.3306,0.0,4.4350586,17.679607,0.0,289.38327,0.0,0.0,107.257935,0.0,0.0,237.82492,0.0,61.743504,0.0,158.1151,187.60341,0.0,0.0,0.0,0.0,0.0,0.0,0.0,0.0,98.10497,0.0,0.0,0.0,0.0,88.46896,0.0,236.1901,0.0,0.0,0.0,0.0,0.0,0.0,256.29218,0.0,0.0,0.0,345.27686,109.48819,0.0,0.0,52.240112,399.24557,179.22607
Fatehgarhsahib,0.0,23.468033,0.0,0.0,0.0,429.82687,0.0,155.07469,182.40901,0.0,0.0,16.09916,0.0,0.0,337.12683,0.0,10.276962,32.23284,0.0,379.94717,0.0,0.0,152.02861,0.0,0.0,323.90253,0.0,83.14428,0.0,202.25163,233.50813,0.0,0.0,0.0,0.0,0.0,0.0,0.0,0.0,131.40852,0.0,0.0,0.0,0.0,122.718834,0.0,310.38995,0.0,0.0,0.0,0.0,0.0,0.0,342.8212,0.0,0.0,0.0,436.6837,148.56708,0.0,0.0,54.595,519.8747,238.426
Fazilka,0.0,15.778961,0.0,0.0,0.0,347.22943,0.0,100.6196,111.52083,0.0,0.0,0.0,0.0,0.0,289.01843,0.0,0.0,23.093338,0.0,295.19635,0.0,0.0,90.80351,0.0,0.0,223.27187,0.0,62.632427,0.0,176.3508,208.22629,0.0,0.0,0.0,0.0,0.0,0.0,0.0,0.0,84.99349,0.0,0.0,0.0,0.0,78.28901,0.0,245.10542,0.0,0.0,0.0,0.0,0.0,0.0,266.01434,0.0,0.0,0.0,373.59128,92.16202,0.0,0.0,74.19917,411.22168,165.96065
Firozpur,0.0,12.109226,0.0,0.0,0.0,327.7555,0.0,80.020935,81.00278,0.0,0.0,0.0,0.0,0.0,285.5291,0.0,0.0,21.748972,0.0,272.44357,0.0,0.0,66.14575,0.0,0.0,182.94753,0.0,54.694763,0.0,175.16162,211.36194,0.0,0.0,0.0,0.0,0.0,0.0,0.0,0.0,65.02849,0.0,0.0,0.0,0.0,58.222565,0.0,227.78043,0.0,0.0,0.0,0.0,0.0,0.0,244.57062,0.0,0.0,0.0,368.15417,70.23604,0.0,0.0,89.53937,381.43304,135.70978
Gurdaspur,0.0,17.87145,0.0,0.0,0.0,383.11627,0.0,116.241196,130.49678,0.0,0.0,1.0198059,0.0,0.0,316.39133,0.0,0.0,28.06065,0.0,329.3943,0.0,0.0,108.39392,0.0,0.0,254.37906,0.0,69.61834,0.0,192.43076,225.6775,0.0,0.0,0.0,0.0,0.0,0.0,0.0,0.0,97.81399,0.0,0.0,0.0,0.0,90.20645,0.0,272.24496,0.0,0.0,0.0,0.0,0.0,0.0,297.51434,0.0,0.0,0.0,409.79388,108.76535,0.0,0.0,76.09335,456.22955,187.70143
Hoshiarpur,0.0,15.875311,0.0,0.0,0.0,382.71362,0.0,97.08687,103.0004,0.0,0.0,0.0,0.0,0.0,331.78488,0.0,0.0,31.707806,0.0,324.53235,0.0,0.0,85.24112,0.0,0.0,229.36276,0.0,68.42703,0.0,206.47266,241.50615,0.0,0.0,0.0,0.0,0.0,0.0,0.0,0.0,79.84978,0.0,0.0,0.0,0.0,76.180214,0.0,273.08127,0.0,0.0,0.0,0.0,0.0,0.0,297.93927,0.0,0.0,0.0,429.09897,85.02173,0.0,0.0,98.848206,454.27014,167.24995
Jalandhar,0.0,21.32295,0.0,0.0,0.0,385.80292,0.0,145.29167,172.53636,0.0,0.0,9.39624,0.0,0.0,294.89008,0.0,21.00708,23.097807,0.0,338.48178,0.0,0.0,143.32585,0.0,0.0,294.84927,0.0,72.72259,0.0,173.13496,202.52211,0.0,0.0,0.0,0.0,0.0,0.0,0.0,0.0,125.009514,0.0,0.0,0.0,0.0,113.02962,0.0,273.4714,0.0,0.0,0.0,0.0,0.0,0.0,299.99188,0.0,0.0,0.0,383.29483,143.78474,0.0,0.0,42.031433,462.46503,220.46529
Kapurthala,0.0,21.27481,0.0,0.0,0.0,392.8157,0.0,142.80911,168.41498,0.0,0.0,9.542412,0.0,0.0,304.9759,0.0,14.305405,25.419182,0.0,344.25467,0.0,0.0,140.05365,0.0,0.0,294.4539,0.0,74.18961,0.0,180.75414,210.69016,0.0,0.0,0.0,0.0,0.0,0.0,0.0,0.0,122.32195,0.0,0.0,0.0,0.0,111.669174,0.0,279.60138,0.0,0.0,0.0,0.0,0.0,0.0,307.13263,0.0,0.0,0.0,396.09323,139.70522,0.0,0.0,48.924072,471.45258,219.15962
Ludhiana,0.0,16.585636,0.0,0.0,0.0,367.72327,0.0,110.317535,122.265015,0.0,0.0,0.0,0.0,0.0,304.36298,0.0,0.0,25.258522,0.0,313.86456,0.0,0.0,101.46797,0.0,0.0,238.62914,0.0,65.0846,0.0,184.45819,218.55956,0.0,0.0,0.0,0.0,0.0,0.0,0.0,0.0,92.57483,0.0,0.0,0.0,0.0,83.4993,0.0,259.12988,0.0,0.0,0.0,0.0,0.0,0.0,281.32947,0.0,0.0,0.0,393.90936,103.681274,0.0,0.0,75.00752,434.9429,176.88498
Mansa,0.0,15.606375,0.0,0.0,0.0,347.5899,0.0,103.64105,114.514114,0.0,0.0,0.0,0.0,0.0,287.2981,0.0,0.0,21.96137,0.0,295.51862,0.0,0.0,93.53323,0.0,0.0,224.86223,0.0,62.045357,0.0,174.11789,206.90549,0.0,0.0,0.0,0.0,0.0,0.0,0.0,0.0,86.92905,0.0,0.0,0.0,0.0,79.41435,0.0,244.53345,0.0,0.0,0.0,0.0,0.0,0.0,264.7293,0.0,0.0,0.0,371.26065,95.53119,0.0,0.0,71.13365,410.21008,167.50717
Moga,0.0,11.846142,0.0,0.0,0.0,321.7993,0.0,78.96188,80.64409,0.0,0.0,0.0,0.0,0.0,279.0921,0.0,0.0,20.43727,0.0,266.8997,0.0,0.0,65.45056,0.0,0.0,180.45255,0.0,53.601154,0.0,170.95686,206.3321,0.0,0.0,0.0,0.0,0.0,0.0,0.0,0.0,65.08384,0.0,0.0,0.0,0.0,57.7613,0.0,223.00464,0.0,0.0,0.0,0.0,0.0,0.0,239.0405,0.0,0.0,0.0,360.18695,70.106964,0.0,0.0,87.394165,374.11694,134.55951
Muktsar,0.0,16.331337,0.0,0.0,0.0,342.76315,0.0,106.47188,119.571945,0.0,0.0,0.30176544,0.0,0.0,279.8844,0.0,0.0,20.97528,0.0,293.10938,0.0,0.0,97.17322,0.0,0.0,229.06349,0.0,62.539623,0.0,168.93704,200.34286,0.0,0.0,0.0,0.0,0.0,0.0,0.0,0.0,89.64309,0.0,0.0,0.0,0.0,82.62738,0.0,241.76071,0.0,0.0,0.0,0.0,0.0,0.0,262.61853,0.0,0.0,0.0,361.5633,98.07794,0.0,0.0,64.367035,405.94818,170.79977
Pathankot,0.0,18.24068,0.0,0.0,0.0,407.32172,0.0,113.16464,124.09874,0.0,0.0,1.988327,0.0,0.0,346.417,0.0,0.0,34.9562,0.0,350.1477,0.0,0.0,103.77983,0.0,0.0,259.85242,0.0,74.59264,0.0,214.61797,249.12798,0.0,0.0,0.0,0.0,0.0,0.0,0.0,0.0,94.10968,0.0,0.0,0.0,0.0,89.21692,0.0,293.02997,0.0,0.0,0.0,0.0,0.0,0.0,321.16336,0.0,0.0,0.0,447.96118,102.21881,0.0,0.0,93.32625,487.36176,188.8963
Patiala,0.0,19.74967,0.0,0.0,0.0,416.1096,0.0,120.15245,134.48355,0.0,0.0,9.208527,0.0,0.0,350.1186,0.0,0.0,35.471256,0.0,360.40048,0.0,0.0,110.09834,0.0,0.0,276.2038,0.0,79.62379,0.0,217.60754,250.787,0.0,0.0,0.0,0.0,0.0,0.0,0.0,0.0,100.10817,0.0,0.0,0.0,0.0,98.34691,0.0,302.2121,0.0,0.0,0.0,0.0,0.0,0.0,332.90384,0.0,0.0,0.0,452.56067,105.225815,0.0,0.0,88.19119,501.15396,201.01486
Rupnagar,0.0,16.291698,0.0,0.0,0.0,376.7669,0.0,106.08751,115.71777,0.0,0.0,0.0,0.0,0.0,317.87173,0.0,0.0,28.428062,0.0,320.58563,0.0,0.0,96.87993,0.0,0.0,235.58324,0.0,65.83739,0.0,194.45244,229.7686,0.0,0.0,0.0,0.0,0.0,0.0,0.0,0.0,88.77303,0.0,0.0,0.0,0.0,79.753456,0.0,265.99985,0.0,0.0,0.0,0.0,0.0,0.0,288.83804,0.0,0.0,0.0,411.243,99.36246,0.0,0.0,85.66722,445.99094,173.51341
Sahibzadaajitsinghnagar,0.0,23.230629,0.0,0.0,0.0,470.30048,0.0,140.27946,159.51404,0.0,0.0,17.096298,0.0,0.0,393.99197,0.0,0.0,45.374405,0.0,412.411,0.0,0.0,132.83069,0.0,0.0,323.5261,0.0,92.26431,0.0,246.50275,279.30188,0.0,0.0,0.0,0.0,0.0,0.0,0.0,0.0,117.09776,0.0,0.0,0.0,0.0,116.34569,0.0,346.29358,0.0,0.0,0.0,0.0,0.0,0.0,384.07687,0.0,0.0,0.0,509.71063,124.85939,0.0,0.0,94.24094,572.3401,233.04268
Sangrur,0.0,19.991955,0.0,0.0,0.0,387.01367,0.0,131.99315,153.50932,0.0,0.0,7.1933517,0.0,0.0,306.8214,0.0,3.4818268,25.371916,0.0,336.2749,0.0,0.0,126.29878,0.0,0.0,278.7219,0.0,72.73218,0.0,184.18901,214.9765,0.0,0.0,0.0,0.0,0.0,0.0,0.0,0.0,112.69644,0.0,0.0,0.0,0.0,104.134125,0.0,275.67322,0.0,0.0,0.0,0.0,0.0,0.0,301.74857,0.0,0.0,0.0,397.90063,125.85075,0.0,0.0,58.360428,463.29584,207.41418
Shahidbhagatsinghnagar,0.0,15.266182,0.0,0.0,0.0,364.3801,0.0,99.81116,107.67932,0.0,0.0,0.0,0.0,0.0,309.04337,0.0,0.0,26.417456,0.0,308.29514,0.0,0.0,89.57904,0.0,0.0,223.15334,0.0,63.16462,0.0,189.06711,224.23782,0.0,0.0,0.0,0.0,0.0,0.0,0.0,0.0,83.278244,0.0,0.0,0.0,0.0,74.93748,0.0,256.13913,0.0,0.0,0.0,0.0,0.0,0.0,277.59622,0.0,0.0,0.0,399.86777,92.443756,0.0,0.0,86.22319,429.605,164.87534
Tarntaran,0.0,17.276533,0.0,0.0,0.0,364.54565,0.0,113.655945,128.94159,0.0,0.0,0.0,0.0,0.0,297.14114,0.0,0.0,24.24279,0.0,312.5343,0.0,0.0,106.63454,0.0,0.0,245.56143,0.0,65.881294,0.0,179.39314,210.99098,0.0,0.0,0.0,0.0,0.0,0.0,0.0,0.0,97.07458,0.0,0.0,0.0,0.0,87.884445,0.0,257.26633,0.0,0.0,0.0,0.0,0.0,0.0,280.1617,0.0,0.0,0.0,385.17645,108.50134,0.0,0.0,68.79013,433.03528,182.6886
Ajmer,0.0,21.324574,0.0,0.0,0.0,470.9803,0.0,121.91229,132.5419,0.0,0.0,10.3582,0.0,0.0,410.64227,0.0,0.0,48.562965,0.0,408.3257,0.0,0.0,111.00897,0.0,0.0,296.88385,0.0,89.90913,0.0,259.6103,296.2307,0.0,0.0,0.0,0.0,0.0,0.0,0.0,0.0,99.20555,0.0,0.0,0.0,0.0,101.13536,0.0,346.04883,0.0,0.0,0.0,0.0,0.0,0.0,383.70343,0.0,0.0,0.0,530.8033,103.589645,0.0,0.0,117.28775,570.66455,211.81297
Alwar,0.0,59.44264,0.0,0.0,0.0,798.52124,0.0,357.76373,455.54184,0.0,0.0,118.39396,0.0,0.0,578.1244,0.0,96.23453,82.80714,0.0,755.3397,53.70233,0.0,377.4895,0.0,0.0,759.91174,0.0,191.28537,0.0,352.29858,365.70044,0.0,0.0,0.0,0.0,0.0,0.0,0.0,0.0,305.7566,0.0,0.0,0.0,0.0,320.21664,0.0,619.17584,0.0,0.0,0.0,0.0,0.0,0.0,715.51624,0.0,0.0,0.0,756.7543,334.61523,0.0,0.0,4.818115,1021.12317,549.25745
Banswara,0.0,19.52498,0.0,0.0,0.0,405.6021,0.0,120.88864,135.69444,0.0,0.0,8.837311,0.0,0.0,338.45648,0.0,0.0,32.795013,0.0,351.6476,0.0,0.0,111.08176,0.0,0.0,272.7162,0.0,77.52792,0.0,208.46623,241.55031,0.0,0.0,0.0,0.0,0.0,0.0,0.0,0.0,100.39484,0.0,0.0,0.0,0.0,98.31643,0.0,293.3952,0.0,0.0,0.0,0.0,0.0,0.0,323.5042,0.0,0.0,0.0,437.35223,106.83252,0.0,0.0,81.53352,487.45972,199.18547
Baran,0.0,22.145115,0.0,0.0,0.0,439.5061,0.0,136.39865,155.92639,0.0,0.0,12.698502,0.0,0.0,362.90707,0.0,0.0,38.237,0.0,384.2874,0.0,0.0,130.05692,0.0,0.0,305.43616,0.0,84.64959,0.0,223.65279,256.0852,0.0,0.0,0.0,0.0,0.0,0.0,0.0,0.0,114.479324,0.0,0.0,0.0,0.0,110.65712,0.0,319.76447,0.0,0.0,0.0,0.0,0.0,0.0,353.5444,0.0,0.0,0.0,469.70557,125.2567,0.0,0.0,82.29718,532.1513,222.25641
Barmer,0.0,29.030329,0.0,0.0,0.0,523.48334,0.0,174.95601,206.00739,0.0,0.0,30.598946,0.0,0.0,426.2241,0.0,0.0,54.095917,0.0,469.0232,0.0,0.0,174.60405,0.0,0.0,391.0819,0.0,106.26799,0.0,264.48557,294.9916,0.0,0.0,0.0,0.0,0.0,0.0,0.0,0.0,147.60915,0.0,0.0,0.0,0.0,144.93892,0.0,389.81714,0.0,0.0,0.0,0.0,0.0,0.0,436.70352,0.0,0.0,0.0,551.7127,163.20523,0.0,0.0,82.21945,645.9345,280.45282
Bharatpur,0.0,58.57307,0.0,0.0,0.0,755.1587,0.0,357.1046,458.0996,0.0,0.0,113.66724,0.0,0.0,529.3523,0.0,117.70813,71.65195,0.0,716.1759,77.78476,0.0,379.0022,0.0,0.0,741.93994,0.0,181.16493,0.0,317.16483,328.51532,0.0,0.0,0.0,0.0,0.0,0.0,0.0,0.0,307.64435,0.0,0.0,0.0,0.0,316.33765,0.0,582.1383,0.0,0.0,0.0,0.0,0.0,0.0,672.019,0.0,0.0,0.0,694.61633,340.33414,0.0,0.0,0.0,964.7059,540.2676
Bhilwara,0.0,23.909695,0.0,0.0,0.0,446.62238,0.0,152.21724,178.25569,0.0,0.0,16.198914,0.0,0.0,357.60184,0.0,0.31570435,36.464493,0.0,393.85312,0.0,0.0,148.7359,0.0,0.0,327.90668,0.0,86.691605,0.0,216.9923,248.84056,0.0,0.0,0.0,0.0,0.0,0.0,0.0,0.0,128.98941,0.0,0.0,0.0,0.0,122.5556,0.0,324.05032,0.0,0.0,0.0,0.0,0.0,0.0,359.16977,0.0,0.0,0.0,463.68466,144.2952,0.0,0.0,67.20352,541.79675,240.27663
Bikaner,0.0,22.930038,0.0,0.0,0.0,452.42474,0.0,139.95804,160.72437,0.0,0.0,15.698158,0.0,0.0,374.91797,0.0,0.0,43.009113,0.0,397.47253,0.0,0.0,134.95119,0.0,0.0,316.8026,0.0,88.33957,0.0,232.98381,264.09033,0.0,0.0,0.0,0.0,0.0,0.0,0.0,0.0,117.708786,0.0,0.0,0.0,0.0,114.26921,0.0,331.76062,0.0,0.0,0.0,0.0,0.0,0.0,367.9583,0.0,0.0,0.0,485.3424,128.78859,0.0,0.0,85.09163,550.83594,228.90831
Bundi,0.0,18.469063,0.0,0.0,0.0,416.48413,0.0,111.58354,121.52002,0.0,0.0,2.2374115,0.0,0.0,357.88507,0.0,0.0,37.138206,0.0,357.64957,0.0,0.0,101.40022,0.0,0.0,261.85965,0.0,76.79758,0.0,222.81741,258.02274,0.0,0.0,0.0,0.0,0.0,0.0,0.0,0.0,92.51204,0.0,0.0,0.0,0.0,89.16737,0.0,300.5139,0.0,0.0,0.0,0.0,0.0,0.0,330.1611,0.0,0.0,0.0,462.64575,99.27495,0.0,0.0,100.19382,499.45038,189.8776
Chittaurgarh,0.0,22.645561,0.0,0.0,0.0,447.2594,0.0,137.37575,157.13098,0.0,0.0,12.120544,0.0,0.0,370.3352,0.0,0.0,39.50321,0.0,390.53644,0.0,0.0,131.28242,0.0,0.0,309.34204,0.0,85.804985,0.0,228.73895,261.37958,0.0,0.0,0.0,0.0,0.0,0.0,0.0,0.0,115.7305,0.0,0.0,0.0,0.0,111.41548,0.0,325.4287,0.0,0.0,0.0,0.0,0.0,0.0,359.78198,0.0,0.0,0.0,480.0174,126.42737,0.0,0.0,85.374405,541.5331,224.97081
Churu,0.0,21.066233,0.0,0.0,0.0,483.46973,0.0,117.28697,125.72974,0.0,0.0,12.59182,0.0,0.0,429.3148,0.0,0.0,55.64193,0.0,420.30304,0.0,0.0,106.33212,0.0,0.0,298.2958,0.0,93.53198,0.0,275.10004,310.97144,0.0,0.0,0.0,0.0,0.0,0.0,0.0,0.0,94.664505,0.0,0.0,0.0,0.0,99.06151,0.0,358.8591,0.0,0.0,0.0,0.0,0.0,0.0,399.38586,0.0,0.0,0.0,554.13605,96.96666,0.0,0.0,129.92812,589.30347,209.79523
Dausa,0.0,10.854183,0.0,0.0,0.0,468.70013,0.0,42.551254,14.812256,0.0,0.0,0.0,0.0,0.0,477.83368,0.0,0.0,63.878857,0.0,389.7136,0.0,0.0,12.25827,0.0,0.0,185.46925,0.0,83.7106,0.0,317.28214,367.80832,0.0,0.0,0.0,0.0,0.0,0.0,0.0,0.0,20.636719,0.0,0.0,0.0,0.0,39.634277,0.0,347.81458,0.0,0.0,0.0,0.0,0.0,0.0,385.0642,0.0,0.0,0.0,612.34863,2.348053,0.0,0.0,213.12343,559.70447,120.46228
Dhaulpur,0.0,8.723156,0.0,0.0,0.0,375.0696,0.0,43.547028,24.224426,0.0,0.0,0.0,0.0,0.0,369.86646,0.0,0.0,39.500652,0.0,305.33246,0.0,0.0,19.421555,0.0,0.0,150.03069,0.0,61.475475,0.0,239.11919,284.51666,0.0,0.0,0.0,0.0,0.0,0.0,0.0,0.0,28.24205,0.0,0.0,0.0,0.0,32.76985,0.0,267.22415,0.0,0.0,0.0,0.0,0.0,0.0,289.85236,0.0,0.0,0.0,474.75375,20.269028,0.0,0.0,160.75038,438.21664,104.12709
Dungarpur,0.0,14.621912,0.0,0.0,0.0,362.2378,0.0,87.757935,91.37486,0.0,0.0,0.0,0.0,0.0,316.83054,0.0,0.0,28.17426,0.0,304.75446,0.0,0.0,74.101135,0.0,0.0,209.97319,0.0,64.07105,0.0,196.9936,232.6535,0.0,0.0,0.0,0.0,0.0,0.0,0.0,0.0,72.06299,0.0,0.0,0.0,0.0,68.64118,0.0,256.8571,0.0,0.0,0.0,0.0,0.0,0.0,279.37445,0.0,0.0,0.0,409.1497,74.62355,0.0,0.0,98.33412,427.88074,153.95811
Ganganagar,0.0,19.00579,0.0,0.0,0.0,391.08954,0.0,119.79962,135.49034,0.0,0.0,6.8501205,0.0,0.0,323.17783,0.0,0.0,31.339924,0.0,338.97324,0.0,0.0,112.09567,0.0,0.0,265.7826,0.0,73.83108,0.0,198.42105,229.845,0.0,0.0,0.0,0.0,0.0,0.0,0.0,0.0,100.49989,0.0,0.0,0.0,0.0,95.37917,0.0,281.67993,0.0,0.0,0.0,0.0,0.0,0.0,309.41074,0.0,0.0,0.0,417.72165,109.93382,0.0,0.0,75.32225,469.88687,194.62137
Hanumangarh,0.0,17.812485,0.0,0.0,0.0,390.61194,0.0,108.35504,119.662674,0.0,0.0,3.3864365,0.0,0.0,331.7679,0.0,0.0,33.64044,0.0,335.88104,0.0,0.0,99.0759,0.0,0.0,250.97998,0.0,72.73985,0.0,206.37303,238.68552,0.0,0.0,0.0,0.0,0.0,0.0,0.0,0.0,90.58719,0.0,0.0,0.0,0.0,86.65946,0.0,281.64377,0.0,0.0,0.0,0.0,0.0,0.0,308.91174,0.0,0.0,0.0,428.5704,97.15398,0.0,0.0,89.063385,468.71478,182.64473
Jaipur,0.0,45.877216,0.0,0.0,0.0,669.9852,0.0,278.13077,348.06012,0.0,0.0,78.185196,0.0,0.0,501.0594,0.0,56.02118,67.5446,0.0,622.05066,7.423462,0.0,289.82916,0.0,0.0,595.7232,0.0,151.83804,0.0,306.27362,326.43054,0.0,0.0,0.0,0.0,0.0,0.0,0.0,0.0,237.97241,0.0,0.0,0.0,0.0,243.27556,0.0,511.16254,0.0,0.0,0.0,0.0,0.0,0.0,584.2274,0.0,0.0,0.0,654.23236,262.21054,0.0,0.0,33.72592,845.8312,431.04535
Jaisalmer,0.0,29.107151,0.0,0.0,0.0,512.985,0.0,177.41489,210.56671,0.0,0.0,30.068115,0.0,0.0,411.93112,0.0,0.0,51.043762,0.0,460.03693,0.0,0.0,178.29814,0.0,0.0,390.26575,0.0,103.87962,0.0,254.15143,283.539,0.0,0.0,0.0,0.0,0.0,0.0,0.0,0.0,150.67947,0.0,0.0,0.0,0.0,145.98183,0.0,380.87634,0.0,0.0,0.0,0.0,0.0,0.0,425.95807,0.0,0.0,0.0,533.7507,168.1275,0.0,0.0,73.3226,632.51794,281.15717
Jalor,0.0,28.185495,0.0,0.0,0.0,533.6494,0.0,164.49532,190.45087,0.0,0.0,28.068176,0.0,0.0,446.24542,0.0,0.0,59.027767,0.0,475.49216,0.0,0.0,162.09967,0.0,0.0,381.07758,0.0,107.39208,0.0,280.5923,312.60037,0.0,0.0,0.0,0.0,0.0,0.0,0.0,0.0,137.84424,0.0,0.0,0.0,0.0,137.29642,0.0,398.7696,0.0,0.0,0.0,0.0,0.0,0.0,446.42816,0.0,0.0,0.0,577.17126,150.15096,0.0,0.0,100.63312,658.3466,270.98862
Jhalawar,0.0,23.15866,0.0,0.0,0.0,461.56656,0.0,136.16588,154.1091,0.0,0.0,14.670357,0.0,0.0,388.3548,0.0,0.0,44.632545,0.0,404.18097,0.0,0.0,129.71776,0.0,0.0,314.79803,0.0,89.49823,0.0,242.29468,274.81464,0.0,0.0,0.0,0.0,0.0,0.0,0.0,0.0,113.87689,0.0,0.0,0.0,0.0,111.6653,0.0,339.07816,0.0,0.0,0.0,0.0,0.0,0.0,375.74796,0.0,0.0,0.0,502.35855,122.940384,0.0,0.0,94.7782,561.47217,226.43826
Jhunjhunun,0.0,21.073639,0.0,0.0,0.0,533.1211,0.0,104.791016,104.22116,0.0,0.0,11.9331665,0.0,0.0,495.25653,0.0,0.0,70.13147,0.0,460.7333,0.0,0.0,89.507324,0.0,0.0,300.10034,0.0,102.722565,0.0,324.1162,363.99948,0.0,0.0,0.0,0.0,0.0,0.0,0.0,0.0,81.00191,0.0,0.0,0.0,0.0,92.30597,0.0,400.3598,0.0,0.0,0.0,0.0,0.0,0.0,446.86023,0.0,0.0,0.0,638.8226,76.46121,0.0,0.0,172.64664,651.6686,205.53471
Jodhpur,0.0,22.912754,0.0,0.0,0.0,474.07733,0.0,133.44246,149.50504,0.0,0.0,13.535957,0.0,0.0,404.73495,0.0,0.0,49.16656,0.0,414.58264,0.0,0.0,126.64044,0.0,0.0,314.74463,0.0,91.17813,0.0,254.58144,288.4357,0.0,0.0,0.0,0.0,0.0,0.0,0.0,0.0,111.09473,0.0,0.0,0.0,0.0,109.13576,0.0,349.08328,0.0,0.0,0.0,0.0,0.0,0.0,387.1602,0.0,0.0,0.0,523.35815,119.83678,0.0,0.0,105.44632,577.2501,224.85754
Karauli,0.0,14.314047,0.0,0.0,0.0,392.7361,0.0,85.1358,84.16089,0.0,0.0,0.0,0.0,0.0,354.03696,0.0,0.0,35.76389,0.0,330.62277,0.0,0.0,69.38121,0.0,0.0,214.64325,0.0,69.226265,0.0,222.68361,262.38235,0.0,0.0,0.0,0.0,0.0,0.0,0.0,0.0,67.28154,0.0,0.0,0.0,0.0,66.78482,0.0,280.71027,0.0,0.0,0.0,0.0,0.0,0.0,306.95184,0.0,0.0,0.0,456.28043,68.82202,0.0,0.0,119.498764,465.49936,154.75807
Kota,0.0,18.26647,0.0,0.0,0.0,416.90918,0.0,108.57893,117.074585,0.0,0.0,1.5684738,0.0,0.0,361.06384,0.0,0.0,38.087162,0.0,357.45627,0.0,0.0,97.989334,0.0,0.0,258.17902,0.0,76.664986,0.0,225.60936,260.97913,0.0,0.0,0.0,0.0,0.0,0.0,0.0,0.0,89.72963,0.0,0.0,0.0,0.0,86.689804,0.0,301.20615,0.0,0.0,0.0,0.0,0.0,0.0,330.74426,0.0,0.0,0.0,466.55438,95.7245,0.0,0.0,104.114105,499.99426,186.58205
Nagaur,0.0,21.42106,0.0,0.0,0.0,491.3214,0.0,119.309784,127.495544,0.0,0.0,13.253296,0.0,0.0,436.1677,0.0,0.0,55.645813,0.0,426.73245,0.0,0.0,107.12082,0.0,0.0,303.14746,0.0,95.31443,0.0,279.21893,315.91406,0.0,0.0,0.0,0.0,0.0,0.0,0.0,0.0,95.65102,0.0,0.0,0.0,0.0,101.453064,0.0,364.6906,0.0,0.0,0.0,0.0,0.0,0.0,406.09564,0.0,0.0,0.0,563.4088,96.95773,0.0,0.0,131.52759,598.0995,213.54305
Pali,0.0,22.199917,0.0,0.0,0.0,463.76285,0.0,130.73436,145.76517,0.0,0.0,10.883026,0.0,0.0,395.55597,0.0,0.0,46.483604,0.0,404.34543,0.0,0.0,123.41911,0.0,0.0,305.58752,0.0,88.093056,0.0,247.76187,282.4278,0.0,0.0,0.0,0.0,0.0,0.0,0.0,0.0,108.668,0.0,0.0,0.0,0.0,105.595764,0.0,339.74396,0.0,0.0,0.0,0.0,0.0,0.0,375.94427,0.0,0.0,0.0,511.379,117.90759,0.0,0.0,103.282104,562.7101,219.00342
Pratapgarh,0.0,25.93599,0.0,0.0,0.0,474.6797,0.0,159.64534,187.3005,0.0,0.0,22.376549,0.0,0.0,383.23434,0.0,0.0,42.69317,0.0,421.17313,0.0,0.0,156.74751,0.0,0.0,350.92676,0.0,94.40405,0.0,235.12964,266.17468,0.0,0.0,0.0,0.0,0.0,0.0,0.0,0.0,135.00496,0.0,0.0,0.0,0.0,131.03746,0.0,348.71753,0.0,0.0,0.0,0.0,0.0,0.0,388.18713,0.0,0.0,0.0,496.57425,148.93713,0.0,0.0,73.27147,580.0588,254.86394
Rajsamand,0.0,22.711824,0.0,0.0,0.0,447.46222,0.0,141.84904,162.69458,0.0,0.0,12.708466,0.0,0.0,367.88428,0.0,0.0,39.48014,0.0,392.3293,0.0,0.0,136.65681,0.0,0.0,313.71472,0.0,85.61387,0.0,225.82196,259.00262,0.0,0.0,0.0,0.0,0.0,0.0,0.0,0.0,119.286896,0.0,0.0,0.0,0.0,113.47923,0.0,325.22742,0.0,0.0,0.0,0.0,0.0,0.0,359.85724,0.0,0.0,0.0,476.20212,132.4684,0.0,0.0,80.74852,542.042,228.07999
Sawaimadhopur,0.0,16.9722,0.0,0.0,0.0,380.92035,0.0,108.04013,118.61476,0.0,0.0,0.0,0.0,0.0,320.8249,0.0,0.0,28.550138,0.0,324.8955,0.0,0.0,98.49379,0.0,0.0,241.633,0.0,68.04647,0.0,196.205,231.08237,0.0,0.0,0.0,0.0,0.0,0.0,0.0,0.0,90.38379,0.0,0.0,0.0,0.0,83.22342,0.0,269.92773,0.0,0.0,0.0,0.0,0.0,0.0,294.25824,0.0,0.0,0.0,414.98206,99.877,0.0,0.0,85.04352,452.35437,178.12103
Sikar,0.0,45.097057,0.0,0.0,0.0,656.7259,0.0,273.80792,342.733,0.0,0.0,74.46939,0.0,0.0,489.81696,0.0,56.9368,65.91305,0.0,609.1643,7.991455,0.0,286.3321,0.0,0.0,583.63806,0.0,147.51903,0.0,299.00775,318.98267,0.0,0.0,0.0,0.0,0.0,0.0,0.0,0.0,234.90201,0.0,0.0,0.0,0.0,237.44302,0.0,499.87112,0.0,0.0,0.0,0.0,0.0,0.0,570.08356,0.0,0.0,0.0,639.6696,260.80334,0.0,0.0,32.093536,828.26105,422.51898
Sirohi,0.0,28.626537,0.0,0.0,0.0,501.05536,0.0,175.81425,209.34433,0.0,0.0,27.165794,0.0,0.0,399.45514,0.0,4.720001,47.940495,0.0,448.46313,0.0,0.0,177.31631,0.0,0.0,383.3509,0.0,100.63988,0.0,245.13788,274.13608,0.0,0.0,0.0,0.0,0.0,0.0,0.0,0.0,150.58165,0.0,0.0,0.0,0.0,143.52803,0.0,370.22076,0.0,0.0,0.0,0.0,0.0,0.0,413.0421,0.0,0.0,0.0,517.84546,169.01968,0.0,0.0,68.959946,616.5991,277.37134
Tonk,0.0,22.083971,0.0,0.0,0.0,451.94952,0.0,133.07764,149.76288,0.0,0.0,11.786087,0.0,0.0,379.82175,0.0,0.0,41.090454,0.0,393.8966,0.0,0.0,124.82143,0.0,0.0,303.83456,0.0,86.48923,0.0,235.5934,270.38144,0.0,0.0,0.0,0.0,0.0,0.0,0.0,0.0,110.09897,0.0,0.0,0.0,0.0,108.280304,0.0,329.23376,0.0,0.0,0.0,0.0,0.0,0.0,364.56903,0.0,0.0,0.0,491.53317,119.093765,0.0,0.0,93.18172,546.5455,220.0364
Udaipur,0.0,18.285347,0.0,0.0,0.0,405.0173,0.0,108.83835,119.04729,0.0,0.0,0.15140533,0.0,0.0,346.89072,0.0,0.0,35.116768,0.0,346.6879,0.0,0.0,99.45946,0.0,0.0,254.459,0.0,73.83399,0.0,215.74727,249.9848,0.0,0.0,0.0,0.0,0.0,0.0,0.0,0.0,91.42847,0.0,0.0,0.0,0.0,85.96998,0.0,291.03687,0.0,0.0,0.0,0.0,0.0,0.0,318.57312,0.0,0.0,0.0,448.75342,98.49196,0.0,0.0,97.10184,484.79602,185.10141
Eastsikkim,0.0,23.944881,0.0,0.0,0.0,438.32983,0.0,152.56094,179.25253,0.0,0.0,19.892433,0.0,0.0,347.8754,0.0,3.7971802,33.97129,0.0,386.9887,0.0,0.0,147.30289,0.0,0.0,327.7382,0.0,87.340096,0.0,211.19516,241.58722,0.0,0.0,0.0,0.0,0.0,0.0,0.0,0.0,128.32802,0.0,0.0,0.0,0.0,125.40712,0.0,319.149,0.0,0.0,0.0,0.0,0.0,0.0,354.22232,0.0,0.0,0.0,451.09457,140.80487,0.0,0.0,60.75525,532.0009,240.93964
Northsikkim,0.0,18.408607,0.0,0.0,0.0,411.9997,0.0,111.932175,122.56488,0.0,0.0,6.03286,0.0,0.0,352.28763,0.0,0.0,35.373917,0.0,354.40665,0.0,0.0,99.879166,0.0,0.0,262.18982,0.0,77.800705,0.0,219.64304,254.63654,0.0,0.0,0.0,0.0,0.0,0.0,0.0,0.0,91.70036,0.0,0.0,0.0,0.0,91.91291,0.0,298.2813,0.0,0.0,0.0,0.0,0.0,0.0,328.3801,0.0,0.0,0.0,455.2099,95.67453,0.0,0.0,95.99379,494.42664,190.81407
Southsikkim,0.0,18.349915,0.0,0.0,0.0,413.4422,0.0,111.44502,121.29404,0.0,0.0,5.5809937,0.0,0.0,354.5848,0.0,0.0,35.951714,0.0,355.33148,0.0,0.0,99.0957,0.0,0.0,261.63312,0.0,77.959854,0.0,221.35971,256.4637,0.0,0.0,0.0,0.0,0.0,0.0,0.0,0.0,90.89708,0.0,0.0,0.0,0.0,91.20056,0.0,299.39557,0.0,0.0,0.0,0.0,0.0,0.0,329.55588,0.0,0.0,0.0,458.1008,94.86636,0.0,0.0,97.51848,495.906,190.07603
Westsikkim,0.0,23.407734,0.0,0.0,0.0,436.49646,0.0,150.97458,176.54459,0.0,0.0,18.796799,0.0,0.0,347.77142,0.0,1.7817383,34.363586,0.0,385.2776,0.0,0.0,145.54704,0.0,0.0,323.88153,0.0,86.40326,0.0,211.06682,242.10645,0.0,0.0,0.0,0.0,0.0,0.0,0.0,0.0,126.638626,0.0,0.0,0.0,0.0,123.161606,0.0,317.5985,0.0,0.0,0.0,0.0,0.0,0.0,352.35623,0.0,0.0,0.0,450.58466,139.57195,0.0,0.0,62.104294,529.32935,237.7216
Ariyalur,0.0,26.563965,0.0,0.0,0.0,513.3619,0.0,154.51714,176.43695,0.0,0.0,24.20266,0.0,0.0,431.88135,0.0,0.0,53.01555,0.0,454.53503,0.0,0.0,148.67035,0.0,0.0,358.29498,0.0,102.34826,0.0,269.91095,304.27722,0.0,0.0,0.0,0.0,0.0,0.0,0.0,0.0,127.688705,0.0,0.0,0.0,0.0,129.34865,0.0,381.1157,0.0,0.0,0.0,0.0,0.0,0.0,426.2038,0.0,0.0,0.0,558.4289,137.36006,0.0,0.0,101.06612,629.4035,256.06952
Chennai,0.0,21.68817,0.0,0.0,0.0,434.50497,0.0,130.12477,146.9845,0.0,0.0,10.631058,0.0,0.0,363.30798,0.0,0.0,38.48004,0.0,378.87497,0.0,0.0,123.12894,0.0,0.0,295.41522,0.0,82.95111,0.0,224.32901,257.29645,0.0,0.0,0.0,0.0,0.0,0.0,0.0,0.0,109.015,0.0,0.0,0.0,0.0,105.094055,0.0,316.10828,0.0,0.0,0.0,0.0,0.0,0.0,349.25986,0.0,0.0,0.0,469.76404,118.52106,0.0,0.0,87.25275,525.446,214.11429
Coimbatore,0.0,39.29559,0.0,0.0,0.0,631.2944,0.0,233.26503,283.5682,0.0,0.0,57.128777,0.0,0.0,496.62506,0.0,16.337463,66.126396,0.0,576.2269,0.0,0.0,237.97012,0.0,0.0,514.3901,0.0,136.3977,0.0,307.01312,334.13492,0.0,0.0,0.0,0.0,0.0,0.0,0.0,0.0,197.38928,0.0,0.0,0.0,0.0,201.17747,0.0,477.82947,0.0,0.0,0.0,0.0,0.0,0.0,541.97015,0.0,0.0,0.0,645.8342,216.461,0.0,0.0,68.96146,789.4372,369.7334
Cuddalore,0.0,23.325686,0.0,0.0,0.0,467.12265,0.0,137.94745,155.78925,0.0,0.0,14.51458,0.0,0.0,393.42758,0.0,0.0,44.99057,0.0,409.2425,0.0,0.0,131.38235,0.0,0.0,317.96967,0.0,90.316284,0.0,244.70029,278.33536,0.0,0.0,0.0,0.0,0.0,0.0,0.0,0.0,114.943344,0.0,0.0,0.0,0.0,112.87741,0.0,342.791,0.0,0.0,0.0,0.0,0.0,0.0,380.307,0.0,0.0,0.0,508.8662,124.68056,0.0,0.0,95.97987,567.9248,228.75232
Dharmapuri,0.0,20.915346,0.0,0.0,0.0,442.63745,0.0,126.16405,140.24713,0.0,0.0,6.878235,0.0,0.0,375.22064,0.0,0.0,40.691517,0.0,383.8351,0.0,0.0,118.40102,0.0,0.0,290.3811,0.0,82.66653,0.0,232.93512,267.74518,0.0,0.0,0.0,0.0,0.0,0.0,0.0,0.0,105.17873,0.0,0.0,0.0,0.0,100.718216,0.0,321.3352,0.0,0.0,0.0,0.0,0.0,0.0,354.01855,0.0,0.0,0.0,485.3411,115.040085,0.0,0.0,97.3443,533.85315,209.88548
Dindigul,0.0,35.22487,0.0,0.0,0.0,624.9561,0.0,196.5392,230.87119,0.0,0.0,52.28421,0.0,0.0,522.26685,0.0,0.0,73.53256,0.0,565.0145,0.0,0.0,193.0517,0.0,0.0,465.61615,0.0,134.81718,0.0,330.81097,361.96115,0.0,0.0,0.0,0.0,0.0,0.0,0.0,0.0,161.42593,0.0,0.0,0.0,0.0,175.17372,0.0,476.79895,0.0,0.0,0.0,0.0,0.0,0.0,542.45215,0.0,0.0,0.0,676.5265,168.32755,0.0,0.0,109.267944,780.7976,329.03525
Erode,0.0,24.749168,0.0,0.0,0.0,530.73315,0.0,140.60316,154.20401,0.0,0.0,20.09494,0.0,0.0,463.37613,0.0,0.0,59.862717,0.0,466.1172,0.0,0.0,130.72552,0.0,0.0,343.60132,0.0,104.167465,0.0,294.14566,332.54086,0.0,0.0,0.0,0.0,0.0,0.0,0.0,0.0,113.21306,0.0,0.0,0.0,0.0,118.3226,0.0,395.09042,0.0,0.0,0.0,0.0,0.0,0.0,441.50037,0.0,0.0,0.0,598.07544,118.56845,0.0,0.0,128.30914,649.314,242.42471
Kancheepuram,0.0,22.242722,0.0,0.0,0.0,436.38434,0.0,134.31258,153.2557,0.0,0.0,11.706474,0.0,0.0,361.55948,0.0,0.0,37.996822,0.0,381.4429,0.0,0.0,128.38335,0.0,0.0,301.7124,0.0,83.501015,0.0,222.50029,255.02507,0.0,0.0,0.0,0.0,0.0,0.0,0.0,0.0,113.108,0.0,0.0,0.0,0.0,108.360466,0.0,317.2298,0.0,0.0,0.0,0.0,0.0,0.0,350.65894,0.0,0.0,0.0,467.8801,123.82057,0.0,0.0,83.214325,528.20013,219.21767
Kanniyakumari,0.0,19.291943,0.0,0.0,0.0,494.39752,0.0,103.726685,100.64514,0.0,0.0,23.111404,0.0,0.0,456.54572,0.0,0.0,57.88606,0.0,429.89493,0.0,0.0,78.894196,0.0,0.0,285.3562,0.0,100.91063,0.0,296.1893,337.93832,0.0,0.0,0.0,0.0,0.0,0.0,0.0,0.0,73.01732,0.0,0.0,0.0,0.0,96.68935,0.0,373.90692,0.0,0.0,0.0,0.0,0.0,0.0,420.1511,0.0,0.0,0.0,585.5818,58.90091,0.0,0.0,149.0048,601.0486,196.60135
Karur,0.0,36.817455,0.0,0.0,0.0,616.05286,0.0,211.25258,253.53802,0.0,0.0,52.476814,0.0,0.0,498.17822,0.0,0.0,67.43959,0.0,558.6679,0.0,0.0,212.16693,0.0,0.0,481.76874,0.0,132.783,0.0,311.64166,339.5499,0.0,0.0,0.0,0.0,0.0,0.0,0.0,0.0,177.41893,0.0,0.0,0.0,0.0,185.27756,0.0,467.50067,0.0,0.0,0.0,0.0,0.0,0.0,530.49835,0.0,0.0,0.0,647.27405,190.28348,0.0,0.0,86.55792,769.4603,344.27478
Krishnagiri,0.0,20.522263,0.0,0.0,0.0,428.36902,0.0,126.58989,141.77438,0.0,0.0,5.638611,0.0,0.0,358.83014,0.0,0.0,36.855362,0.0,371.1829,0.0,0.0,119.47327,0.0,0.0,285.23212,0.0,79.56359,0.0,220.91364,255.10405,0.0,0.0,0.0,0.0,0.0,0.0,0.0,0.0,106.11485,0.0,0.0,0.0,0.0,100.06858,0.0,309.13507,0.0,0.0,0.0,0.0,0.0,0.0,339.8863,0.0,0.0,0.0,464.33255,117.33548,0.0,0.0,89.00809,515.26025,207.53748
Madurai,0.0,30.940407,0.0,0.0,0.0,559.7473,0.0,176.55486,206.23764,0.0,0.0,40.81424,0.0,0.0,465.33636,0.0,0.0,60.63927,0.0,501.98383,0.0,0.0,171.10895,0.0,0.0,412.34653,0.0,118.55638,0.0,292.6216,323.63382,0.0,0.0,0.0,0.0,0.0,0.0,0.0,0.0,145.30846,0.0,0.0,0.0,0.0,155.25194,0.0,422.52533,0.0,0.0,0.0,0.0,0.0,0.0,478.1067,0.0,0.0,0.0,602.96545,151.92087,0.0,0.0,97.46872,693.72864,293.86816
Nagappattinam,0.0,28.317865,0.0,0.0,0.0,506.79456,0.0,168.80667,197.89233,0.0,0.0,26.867447,0.0,0.0,412.0214,0.0,0.0,48.595222,0.0,451.57263,0.0,0.0,166.80211,0.0,0.0,375.48773,0.0,101.749245,0.0,254.0176,285.3984,0.0,0.0,0.0,0.0,0.0,0.0,0.0,0.0,142.20288,0.0,0.0,0.0,0.0,139.58556,0.0,375.02008,0.0,0.0,0.0,0.0,0.0,0.0,418.86743,0.0,0.0,0.0,533.74866,156.66856,0.0,0.0,80.00795,622.22156,270.8742
Namakkal,0.0,19.36671,0.0,0.0,0.0,492.73376,0.0,101.39615,100.97009,0.0,0.0,7.2269363,0.0,0.0,453.28333,0.0,0.0,58.50834,0.0,423.82483,0.0,0.0,85.58307,0.0,0.0,278.3189,0.0,93.47614,0.0,292.45663,332.97934,0.0,0.0,0.0,0.0,0.0,0.0,0.0,0.0,78.7751,0.0,0.0,0.0,0.0,87.06943,0.0,365.578,0.0,0.0,0.0,0.0,0.0,0.0,406.46988,0.0,0.0,0.0,584.04474,75.95459,0.0,0.0,154.77037,597.9372,193.5498
Perambalur,0.0,27.088455,0.0,0.0,0.0,504.8732,0.0,161.0259,186.66052,0.0,0.0,24.698662,0.0,0.0,416.4571,0.0,0.0,49.450466,0.0,448.19662,0.0,0.0,157.1342,0.0,0.0,363.73907,0.0,100.74789,0.0,257.9789,290.8872,0.0,0.0,0.0,0.0,0.0,0.0,0.0,0.0,134.53267,0.0,0.0,0.0,0.0,133.6261,0.0,373.4256,0.0,0.0,0.0,0.0,0.0,0.0,417.20697,0.0,0.0,0.0,539.0857,146.97173,0.0,0.0,88.51724,618.7759,261.71857
Pudukkottai,0.0,38.640076,0.0,0.0,0.0,582.8828,0.0,237.2444,292.50583,0.0,0.0,59.149788,0.0,0.0,440.11328,0.0,42.746338,54.54789,0.0,536.3513,0.0,0.0,243.48698,0.0,0.0,503.4244,0.0,128.37152,0.0,266.41977,290.13928,0.0,0.0,0.0,0.0,0.0,0.0,0.0,0.0,201.62906,0.0,0.0,0.0,0.0,203.3358,0.0,439.6846,0.0,0.0,0.0,0.0,0.0,0.0,499.6715,0.0,0.0,0.0,572.7815,223.30989,0.0,0.0,36.30951,729.04987,365.28772
Ramanathapuram,0.0,22.379871,0.0,0.0,0.0,476.1104,0.0,126.253845,138.87988,0.0,0.0,19.737022,0.0,0.0,413.47964,0.0,0.0,49.191475,0.0,416.30426,0.0,0.0,113.612885,0.0,0.0,310.0037,0.0,95.50553,0.0,262.062,297.08884,0.0,0.0,0.0,0.0,0.0,0.0,0.0,0.0,101.388626,0.0,0.0,0.0,0.0,109.94913,0.0,353.78992,0.0,0.0,0.0,0.0,0.0,0.0,395.52618,0.0,0.0,0.0,533.8598,101.133896,0.0,0.0,112.96422,580.4304,220.80408
Salem,0.0,20.402113,0.0,0.0,0.0,463.32608,0.0,117.81967,126.37125,0.0,0.0,7.056465,0.0,0.0,406.07562,0.0,0.0,47.637257,0.0,400.68237,0.0,0.0,106.99266,0.0,0.0,287.08807,0.0,86.90432,0.0,256.09973,293.42682,0.0,0.0,0.0,0.0,0.0,0.0,0.0,0.0,95.8445,0.0,0.0,0.0,0.0,95.93312,0.0,339.32468,0.0,0.0,0.0,0.0,0.0,0.0,375.16568,0.0,0.0,0.0,524.28876,101.299774,0.0,0.0,118.92459,560.0566,204.50414
Sivaganga,0.0,20.607332,0.0,0.0,0.0,491.43323,0.0,106.91998,110.32858,0.0,0.0,15.099686,0.0,0.0,446.85114,0.0,0.0,56.93565,0.0,425.451,0.0,0.0,90.410614,0.0,0.0,290.12683,0.0,97.15369,0.0,288.46393,326.7232,0.0,0.0,0.0,0.0,0.0,0.0,0.0,0.0,83.10193,0.0,0.0,0.0,0.0,95.967545,0.0,366.9494,0.0,0.0,0.0,0.0,0.0,0.0,410.4693,0.0,0.0,0.0,576.1509,76.86035,0.0,0.0,145.25551,598.90283,202.9095
Thanjavur,0.0,20.139849,0.0,0.0,0.0,486.71155,0.0,105.513504,107.608215,0.0,0.0,8.6072235,0.0,0.0,443.17297,0.0,0.0,56.644188,0.0,419.8217,0.0,0.0,91.20154,0.0,0.0,282.9768,0.0,92.87689,0.0,284.91345,323.71518,0.0,0.0,0.0,0.0,0.0,0.0,0.0,0.0,83.360016,0.0,0.0,0.0,0.0,90.08746,0.0,361.04218,0.0,0.0,0.0,0.0,0.0,0.0,401.40347,0.0,0.0,0.0,571.0499,81.82568,0.0,0.0,146.27953,591.4186,197.5532
Thenilgiris,0.0,40.688778,0.0,0.0,0.0,647.43866,0.0,239.56506,291.07468,0.0,0.0,56.884148,0.0,0.0,508.7798,0.0,17.816925,68.22862,0.0,590.1345,0.0,0.0,245.35309,0.0,0.0,527.25146,0.0,138.7407,0.0,315.14972,342.0359,0.0,0.0,0.0,0.0,0.0,0.0,0.0,0.0,203.4815,0.0,0.0,0.0,0.0,205.05615,0.0,490.02032,0.0,0.0,0.0,0.0,0.0,0.0,554.0696,0.0,0.0,0.0,662.1742,224.20624,0.0,0.0,70.483215,809.1182,378.71686
Theni,0.0,31.313374,0.0,0.0,0.0,570.67834,0.0,175.57747,203.99301,0.0,0.0,42.320488,0.0,0.0,478.91064,0.0,0.0,63.98755,0.0,512.0523,0.0,0.0,169.69363,0.0,0.0,415.5548,0.0,121.08221,0.0,302.61404,334.2385,0.0,0.0,0.0,0.0,0.0,0.0,0.0,0.0,143.68535,0.0,0.0,0.0,0.0,155.1682,0.0,432.2437,0.0,0.0,0.0,0.0,0.0,0.0,489.46454,0.0,0.0,0.0,620.006,149.05148,0.0,0.0,104.657074,708.3912,294.7072
Thiruvallur,0.0,21.98836,0.0,0.0,0.0,447.33948,0.0,128.88066,144.05328,0.0,0.0,12.233788,0.0,0.0,379.27863,0.0,0.0,42.24685,0.0,390.45544,0.0,0.0,120.86784,0.0,0.0,298.79007,0.0,85.94298,0.0,236.0331,269.91403,0.0,0.0,0.0,0.0,0.0,0.0,0.0,0.0,106.77637,0.0,0.0,0.0,0.0,105.10039,0.0,327.3847,0.0,0.0,0.0,0.0,0.0,0.0,362.6596,0.0,0.0,0.0,489.94763,114.57106,0.0,0.0,95.71825,542.2037,214.92703
Thiruvarur,0.0,27.66674,0.0,0.0,0.0,508.3417,0.0,164.02567,190.67319,0.0,0.0,25.745468,0.0,0.0,418.05783,0.0,0.0,50.335663,0.0,452.055,0.0,0.0,160.98808,0.0,0.0,369.90063,0.0,101.84312,0.0,259.04263,290.9566,0.0,0.0,0.0,0.0,0.0,0.0,0.0,0.0,137.67554,0.0,0.0,0.0,0.0,135.91283,0.0,376.7326,0.0,0.0,0.0,0.0,0.0,0.0,420.83896,0.0,0.0,0.0,541.07983,150.77803,0.0,0.0,86.91553,624.0979,265.8704
Thoothukkudi,0.0,23.910416,0.0,0.0,0.0,464.67902,0.0,143.68222,164.53229,0.0,0.0,24.400803,0.0,0.0,385.9223,0.0,0.0,42.57299,0.0,410.16815,0.0,0.0,134.1303,0.0,0.0,328.97308,0.0,94.763824,0.0,240.05537,272.39474,0.0,0.0,0.0,0.0,0.0,0.0,0.0,0.0,117.64676,0.0,0.0,0.0,0.0,123.13098,0.0,343.88177,0.0,0.0,0.0,0.0,0.0,0.0,384.5663,0.0,0.0,0.0,499.02545,122.22203,0.0,0.0,85.099884,566.7829,237.67978
Tiruchirappalli,0.0,39.170555,0.0,0.0,0.0,599.5819,0.0,234.64336,287.90338,0.0,0.0,57.46659,0.0,0.0,460.26224,0.0,32.953766,58.229553,0.0,549.1729,0.0,0.0,240.41104,0.0,0.0,505.1993,0.0,130.67648,0.0,281.06934,306.02893,0.0,0.0,0.0,0.0,0.0,0.0,0.0,0.0,199.16797,0.0,0.0,0.0,0.0,201.3653,0.0,452.32977,0.0,0.0,0.0,0.0,0.0,0.0,513.2611,0.0,0.0,0.0,599.3717,219.72705,0.0,0.0,48.795258,749.25195,365.534
Tirunelveli,0.0,23.883923,0.0,0.0,0.0,472.72327,0.0,142.1839,161.81836,0.0,0.0,25.442291,0.0,0.0,396.11108,0.0,0.0,44.684956,0.0,417.0155,0.0,0.0,131.44366,0.0,0.0,330.60065,0.0,96.88536,0.0,247.80725,280.61603,0.0,0.0,0.0,0.0,0.0,0.0,0.0,0.0,115.70747,0.0,0.0,0.0,0.0,123.266266,0.0,351.07388,0.0,0.0,0.0,0.0,0.0,0.0,393.02927,0.0,0.0,0.0,512.02704,118.33707,0.0,0.0,91.102554,577.10345,238.05603
Tiruppur,0.0,39.961628,0.0,0.0,0.0,653.38586,0.0,229.62265,276.4602,0.0,0.0,61.499588,0.0,0.0,525.7944,0.0,0.0,73.16989,0.0,596.46387,0.0,0.0,231.86853,0.0,0.0,519.50867,0.0,142.49292,0.0,328.8362,357.29446,0.0,0.0,0.0,0.0,0.0,0.0,0.0,0.0,191.57224,0.0,0.0,0.0,0.0,201.18625,0.0,498.23334,0.0,0.0,0.0,0.0,0.0,0.0,566.9748,0.0,0.0,0.0,682.6411,206.06339,0.0,0.0,84.79111,818.9686,370.1765
Tiruvannamalai,0.0,21.746721,0.0,0.0,0.0,433.50354,0.0,132.8814,151.20822,0.0,0.0,9.818039,0.0,0.0,359.36862,0.0,0.0,37.53321,0.0,378.08218,0.0,0.0,127.03934,0.0,0.0,298.03052,0.0,82.266655,0.0,220.95796,253.52396,0.0,0.0,0.0,0.0,0.0,0.0,0.0,0.0,112.08771,0.0,0.0,0.0,0.0,106.56228,0.0,314.38943,0.0,0.0,0.0,0.0,0.0,0.0,346.96808,0.0,0.0,0.0,465.22296,123.50995,0.0,0.0,83.7,523.87146,216.78065
Vellore,0.0,22.013767,0.0,0.0,0.0,458.08572,0.0,127.52133,141.6026,0.0,0.0,10.236191,0.0,0.0,391.89352,0.0,0.0,44.87946,0.0,398.76758,0.0,0.0,119.815994,0.0,0.0,300.68747,0.0,87.20586,0.0,244.95926,279.274,0.0,0.0,0.0,0.0,0.0,0.0,0.0,0.0,106.24173,0.0,0.0,0.0,0.0,103.840225,0.0,335.38748,0.0,0.0,0.0,0.0,0.0,0.0,371.13446,0.0,0.0,0.0,506.49277,114.20174,0.0,0.0,103.9285,555.4459,215.6576
Viluppuram,0.0,20.055635,0.0,0.0,0.0,432.02576,0.0,119.016556,131.14285,0.0,0.0,5.769043,0.0,0.0,369.43903,0.0,0.0,39.93098,0.0,373.52808,0.0,0.0,110.38252,0.0,0.0,278.71585,0.0,80.82089,0.0,230.08417,264.39377,0.0,0.0,0.0,0.0,0.0,0.0,0.0,0.0,99.1326,0.0,0.0,0.0,0.0,95.73222,0.0,313.69977,0.0,0.0,0.0,0.0,0.0,0.0,345.6478,0.0,0.0,0.0,477.6202,106.87865,0.0,0.0,99.848206,520.71893,201.18275
Virudunagar,0.0,21.597649,0.0,0.0,0.0,479.26135,0.0,119.23639,128.03885,0.0,0.0,18.302803,0.0,0.0,423.42114,0.0,0.0,51.554935,0.0,417.7392,0.0,0.0,104.81308,0.0,0.0,301.26752,0.0,95.61291,0.0,270.00934,306.4403,0.0,0.0,0.0,0.0,0.0,0.0,0.0,0.0,94.12285,0.0,0.0,0.0,0.0,104.45082,0.0,356.81088,0.0,0.0,0.0,0.0,0.0,0.0,398.971,0.0,0.0,0.0,546.1225,91.775375,0.0,0.0,123.3587,583.8102,213.04895
Adilabad,0.0,15.350849,0.0,0.0,0.0,351.20642,0.0,100.73219,110.096054,0.0,0.0,0.0,0.0,0.0,293.91043,0.0,0.0,22.958548,0.0,297.86502,0.0,0.0,89.82501,0.0,0.0,221.78561,0.0,62.242542,0.0,178.62683,212.58989,0.0,0.0,0.0,0.0,0.0,0.0,0.0,0.0,84.22012,0.0,0.0,0.0,0.0,77.097336,0.0,246.91324,0.0,0.0,0.0,0.0,0.0,0.0,267.88086,0.0,0.0,0.0,379.97885,91.56772,0.0,0.0,76.78337,413.76862,164.76086
Hyderabad,0.0,20.092567,0.0,0.0,0.0,417.74933,0.0,129.65279,146.71701,0.0,0.0,6.97348,0.0,0.0,344.03998,0.0,0.0,32.64943,0.0,362.30185,0.0,0.0,121.434326,0.0,0.0,285.1196,0.0,78.30683,0.0,210.21402,244.3849,0.0,0.0,0.0,0.0,0.0,0.0,0.0,0.0,108.82449,0.0,0.0,0.0,0.0,103.00713,0.0,300.45184,0.0,0.0,0.0,0.0,0.0,0.0,330.06946,0.0,0.0,0.0,445.227,119.15062,0.0,0.0,78.84305,501.00793,209.20822
Karimnagar,0.0,19.581463,0.0,0.0,0.0,382.4496,0.0,130.48761,151.20578,0.0,0.0,8.480949,0.0,0.0,303.85565,0.0,2.182373,24.533548,0.0,332.83435,0.0,0.0,123.47211,0.0,0.0,274.8245,0.0,72.455086,0.0,181.89832,213.54999,0.0,0.0,0.0,0.0,0.0,0.0,0.0,0.0,110.0373,0.0,0.0,0.0,0.0,103.569626,0.0,272.47546,0.0,0.0,0.0,0.0,0.0,0.0,299.43008,0.0,0.0,0.0,393.8878,121.72458,0.0,0.0,57.19713,457.1292,204.42204
Khammam,0.0,14.70606,0.0,0.0,0.0,358.3224,0.0,94.71823,101.30798,0.0,0.0,0.0,0.0,0.0,306.69284,0.0,0.0,26.14938,0.0,303.01367,0.0,0.0,82.28888,0.0,0.0,217.36131,0.0,64.08891,0.0,188.8609,223.3935,0.0,0.0,0.0,0.0,0.0,0.0,0.0,0.0,77.76174,0.0,0.0,0.0,0.0,74.144745,0.0,253.39352,0.0,0.0,0.0,0.0,0.0,0.0,276.10895,0.0,0.0,0.0,396.65567,82.79784,0.0,0.0,87.75279,423.0266,160.42755
Mahbubnagar,0.0,19.573677,0.0,0.0,0.0,382.82397,0.0,128.34796,147.91809,0.0,0.0,2.7524567,0.0,0.0,305.5292,0.0,1.3819122,24.289099,0.0,330.98032,0.0,0.0,122.65367,0.0,0.0,269.60526,0.0,69.69105,0.0,182.48224,214.99655,0.0,0.0,0.0,0.0,0.0,0.0,0.0,0.0,109.908264,0.0,0.0,0.0,0.0,98.73098,0.0,270.63416,0.0,0.0,0.0,0.0,0.0,0.0,294.92978,0.0,0.0,0.0,395.96057,124.08641,0.0,0.0,61.26364,456.0376,200.8229
Medak,0.0,21.007603,0.0,0.0,0.0,426.17053,0.0,133.9776,152.22676,0.0,0.0,9.289635,0.0,0.0,350.13998,0.0,0.0,34.18841,0.0,370.9172,0.0,0.0,126.24327,0.0,0.0,293.4757,0.0,80.39465,0.0,214.13768,248.386,0.0,0.0,0.0,0.0,0.0,0.0,0.0,0.0,111.71336,0.0,0.0,0.0,0.0,106.565475,0.0,307.3468,0.0,0.0,0.0,0.0,0.0,0.0,338.47745,0.0,0.0,0.0,453.40778,122.81854,0.0,0.0,77.973526,512.1216,214.83853
Nalgonda,0.0,18.926126,0.0,0.0,0.0,384.25067,0.0,126.272644,144.76099,0.0,0.0,4.1847916,0.0,0.0,309.60315,0.0,0.0,26.658384,0.0,333.02545,0.0,0.0,120.12244,0.0,0.0,268.2695,0.0,70.849304,0.0,186.16885,218.50583,0.0,0.0,0.0,0.0,0.0,0.0,0.0,0.0,107.036575,0.0,0.0,0.0,0.0,97.98359,0.0,273.0316,0.0,0.0,0.0,0.0,0.0,0.0,298.9292,0.0,0.0,0.0,400.90326,120.53337,0.0,0.0,64.58479,458.88153,198.7526
Nizamabad,0.0,19.047136,0.0,0.0,0.0,410.95,0.0,117.2668,131.13306,0.0,0.0,4.587044,0.0,0.0,345.77048,0.0,0.0,34.117832,0.0,353.9601,0.0,0.0,108.082855,0.0,0.0,268.98016,0.0,76.75499,0.0,214.1253,247.61154,0.0,0.0,0.0,0.0,0.0,0.0,0.0,0.0,98.65758,0.0,0.0,0.0,0.0,94.65036,0.0,296.04828,0.0,0.0,0.0,0.0,0.0,0.0,325.20712,0.0,0.0,0.0,447.75647,105.625,0.0,0.0,89.58589,492.95728,196.64221
Rangareddy,0.0,21.092762,0.0,0.0,0.0,414.36038,0.0,134.77219,155.16139,0.0,0.0,8.0434265,0.0,0.0,335.22757,0.0,0.0,30.452414,0.0,360.24936,0.0,0.0,128.3003,0.0,0.0,291.00134,0.0,77.74089,0.0,203.34706,236.42105,0.0,0.0,0.0,0.0,0.0,0.0,0.0,0.0,114.21391,0.0,0.0,0.0,0.0,106.78242,0.0,297.04572,0.0,0.0,0.0,0.0,0.0,0.0,326.14185,0.0,0.0,0.0,434.57132,126.34262,0.0,0.0,70.41043,497.17963,214.70584
Warangal,0.0,14.647247,0.0,0.0,0.0,356.83325,0.0,95.77553,102.67386,0.0,0.0,0.0,0.0,0.0,304.17914,0.0,0.0,25.314152,0.0,301.7698,0.0,0.0,83.230316,0.0,0.0,218.1239,0.0,63.88085,0.0,186.80847,221.29367,0.0,0.0,0.0,0.0,0.0,0.0,0.0,0.0,78.83416,0.0,0.0,0.0,0.0,74.99205,0.0,252.1597,0.0,0.0,0.0,0.0,0.0,0.0,274.5133,0.0,0.0,0.0,393.25845,84.01866,0.0,0.0,85.67711,420.95334,161.3092
Dhalai,0.0,22.29155,0.0,0.0,0.0,428.0859,0.0,140.88626,163.09715,0.0,0.0,13.749733,0.0,0.0,346.54004,0.0,0.0,34.583656,0.0,375.22192,0.0,0.0,135.01382,0.0,0.0,306.66528,0.0,82.85449,0.0,211.55258,243.38887,0.0,0.0,0.0,0.0,0.0,0.0,0.0,0.0,118.60863,0.0,0.0,0.0,0.0,113.648,0.0,310.28415,0.0,0.0,0.0,0.0,0.0,0.0,342.94305,0.0,0.0,0.0,448.82593,130.66356,0.0,0.0,70.10191,517.66077,224.72913
Gomati,0.0,21.40235,0.0,0.0,0.0,425.43958,0.0,132.80229,151.99324,0.0,0.0,11.650932,0.0,0.0,350.16446,0.0,0.0,35.607574,0.0,371.24933,0.0,0.0,125.8112,0.0,0.0,295.8747,0.0,81.8879,0.0,215.32118,247.47893,0.0,0.0,0.0,0.0,0.0,0.0,0.0,0.0,111.67369,0.0,0.0,0.0,0.0,107.77773,0.0,308.7146,0.0,0.0,0.0,0.0,0.0,0.0,340.94623,0.0,0.0,0.0,453.25552,121.54869,0.0,0.0,78.456375,514.09015,216.11377
Khowai,0.0,20.40421,0.0,0.0,0.0,420.50092,0.0,126.28131,142.6298,0.0,0.0,8.895912,0.0,0.0,350.12192,0.0,0.0,35.581196,0.0,365.04813,0.0,0.0,117.936005,0.0,0.0,284.2304,0.0,79.95145,0.0,216.16783,249.34293,0.0,0.0,0.0,0.0,0.0,0.0,0.0,0.0,105.50284,0.0,0.0,0.0,0.0,101.86141,0.0,304.4273,0.0,0.0,0.0,0.0,0.0,0.0,335.5568,0.0,0.0,0.0,453.00986,114.220535,0.0,0.0,83.78488,506.6092,207.36472
Northtripura,0.0,19.238037,0.0,0.0,0.0,429.83716,0.0,112.29237,122.500275,0.0,0.0,5.0656204,0.0,0.0,371.81378,0.0,0.0,40.808544,0.0,369.8249,0.0,0.0,101.63782,0.0,0.0,269.5593,0.0,80.59555,0.0,233.8875,268.7754,0.0,0.0,0.0,0.0,0.0,0.0,0.0,0.0,92.91496,0.0,0.0,0.0,0.0,91.58728,0.0,312.5101,0.0,0.0,0.0,0.0,0.0,0.0,344.2234,0.0,0.0,0.0,480.7386,97.58746,0.0,0.0,106.06627,517.82996,194.44618
Sipahijala,0.0,20.907104,0.0,0.0,0.0,420.73224,0.0,129.55898,147.5651,0.0,0.0,10.45076,0.0,0.0,347.64667,0.0,0.0,35.06923,0.0,366.36545,0.0,0.0,122.055374,0.0,0.0,289.69226,0.0,80.62289,0.0,213.94046,246.29062,0.0,0.0,0.0,0.0,0.0,0.0,0.0,0.0,108.786194,0.0,0.0,0.0,0.0,104.94765,0.0,304.9259,0.0,0.0,0.0,0.0,0.0,0.0,336.44824,0.0,0.0,0.0,449.87628,118.07782,0.0,0.0,79.81761,507.70715,211.58852
Southtripura,0.0,21.000809,0.0,0.0,0.0,422.2744,0.0,129.64735,147.067,0.0,0.0,10.666321,0.0,0.0,349.77826,0.0,0.0,35.279358,0.0,367.91214,0.0,0.0,121.76515,0.0,0.0,289.34048,0.0,80.68255,0.0,215.10777,248.3234,0.0,0.0,0.0,0.0,0.0,0.0,0.0,0.0,108.13576,0.0,0.0,0.0,0.0,104.64736,0.0,306.11157,0.0,0.0,0.0,0.0,0.0,0.0,337.78964,0.0,0.0,0.0,452.28256,117.511826,0.0,0.0,80.56441,509.32776,211.02293
Unokoti,0.0,19.134035,0.0,0.0,0.0,412.2522,0.0,117.45058,130.70917,0.0,0.0,5.5839615,0.0,0.0,347.99292,0.0,0.0,35.223137,0.0,355.57593,0.0,0.0,107.78487,0.0,0.0,269.3445,0.0,77.40894,0.0,215.91286,249.71281,0.0,0.0,0.0,0.0,0.0,0.0,0.0,0.0,97.90895,0.0,0.0,0.0,0.0,94.64548,0.0,297.76324,0.0,0.0,0.0,0.0,0.0,0.0,327.4559,0.0,0.0,0.0,450.1017,104.88927,0.0,0.0,89.98891,495.24207,196.37509
Westtripura,0.0,20.41812,0.0,0.0,0.0,416.9002,0.0,127.11946,143.98561,0.0,0.0,9.070953,0.0,0.0,345.49612,0.0,0.0,34.526577,0.0,362.14917,0.0,0.0,118.95697,0.0,0.0,283.9179,0.0,79.30824,0.0,212.7131,245.68848,0.0,0.0,0.0,0.0,0.0,0.0,0.0,0.0,106.26561,0.0,0.0,0.0,0.0,102.28908,0.0,301.46774,0.0,0.0,0.0,0.0,0.0,0.0,332.21204,0.0,0.0,0.0,447.02325,115.36482,0.0,0.0,80.72748,502.02213,207.46935
Agra,0.0,5.7194824,0.0,0.0,0.0,390.90515,0.0,17.737381,0.0,0.0,0.0,0.0,0.0,11.034271,411.05157,0.0,0.0,49.58114,0.0,314.8979,0.0,0.0,0.0,0.0,0.0,120.928345,0.0,63.645172,0.0,272.23697,322.6427,0.0,0.0,0.0,0.0,0.0,0.0,0.0,0.0,1.6210175,0.0,0.0,0.0,0.0,14.130371,0.0,282.85193,0.0,0.0,0.0,0.0,0.0,0.0,308.00763,0.0,0.0,0.0,525.52466,0.0,0.0,0.0,201.01802,456.90253,77.38721
Aligarh,0.0,54.5123,0.0,0.0,0.0,879.8325,0.0,297.28427,360.76907,0.0,0.0,115.05141,0.0,0.0,723.4006,0.0,0.0,116.337654,0.0,816.5215,0.0,0.0,298.42917,0.0,0.0,711.5188,0.0,207.29453,0.0,464.89505,491.13538,0.0,0.0,0.0,0.0,0.0,0.0,0.0,0.0,241.686,0.0,0.0,0.0,0.0,281.9521,0.0,692.8143,0.0,0.0,0.0,0.0,0.0,0.0,802.55096,0.0,0.0,0.0,939.44244,243.85309,0.0,0.0,122.474304,1122.731,498.11423
Allahabad,0.0,23.149803,0.0,0.0,0.0,432.35376,0.0,150.09698,175.68938,0.0,0.0,13.501633,0.0,0.0,342.89365,0.0,4.6847076,32.296448,0.0,379.6618,0.0,0.0,145.87592,0.0,0.0,318.24136,0.0,82.96319,0.0,206.82579,238.81662,0.0,0.0,0.0,0.0,0.0,0.0,0.0,0.0,127.47121,0.0,0.0,0.0,0.0,119.50422,0.0,311.54337,0.0,0.0,0.0,0.0,0.0,0.0,343.54953,0.0,0.0,0.0,444.74902,142.83862,0.0,0.0,61.873,521.8687,234.71141
Ambedkarnagar,0.0,20.779408,0.0,0.0,0.0,395.53952,0.0,131.59988,153.10567,0.0,0.0,14.705978,0.0,0.0,318.41626,0.0,0.0,30.406471,0.0,347.28223,0.0,0.0,125.57515,0.0,0.0,287.16663,0.0,78.0471,0.0,193.87881,222.73222,0.0,0.0,0.0,0.0,0.0,0.0,0.0,0.0,111.06821,0.0,0.0,0.0,0.0,107.87521,0.0,286.93063,0.0,0.0,0.0,0.0,0.0,0.0,317.79166,0.0,0.0,0.0,412.11612,120.42195,0.0,0.0,62.353836,478.28394,210.73358
Amethi,0.0,19.768373,0.0,0.0,0.0,395.01102,0.0,126.67728,144.50722,0.0,0.0,7.9365234,0.0,0.0,321.603,0.0,0.0,28.817043,0.0,343.10944,0.0,0.0,118.74959,0.0,0.0,273.8666,0.0,74.37297,0.0,195.23318,228.13358,0.0,0.0,0.0,0.0,0.0,0.0,0.0,0.0,105.91359,0.0,0.0,0.0,0.0,100.40112,0.0,283.13464,0.0,0.0,0.0,0.0,0.0,0.0,311.19513,0.0,0.0,0.0,416.2258,116.19231,0.0,0.0,68.93709,473.04395,201.76031
Amroha,0.0,55.70993,0.0,0.0,0.0,921.81323,0.0,300.19162,360.79297,0.0,0.0,121.643654,0.0,0.0,770.0135,0.0,0.0,127.71875,0.0,856.0485,0.0,0.0,299.60504,0.0,0.0,731.87177,0.0,217.66989,0.0,498.054,526.1404,0.0,0.0,0.0,0.0,0.0,0.0,0.0,0.0,240.91956,0.0,0.0,0.0,0.0,287.13828,0.0,729.4919,0.0,0.0,0.0,0.0,0.0,0.0,846.2462,0.0,0.0,0.0,998.2014,240.26648,0.0,0.0,142.28299,1178.3711,508.31433
Auraiya,0.0,14.323303,0.0,0.0,0.0,335.01764,0.0,95.77249,103.75119,0.0,0.0,0.0,0.0,0.0,279.60553,0.0,0.0,19.62691,0.0,281.5565,0.0,0.0,85.197845,0.0,0.0,207.16743,0.0,56.96535,0.0,168.64159,202.87729,0.0,0.0,0.0,0.0,0.0,0.0,0.0,0.0,80.73534,0.0,0.0,0.0,0.0,70.61846,0.0,232.55553,0.0,0.0,0.0,0.0,0.0,0.0,249.77129,0.0,0.0,0.0,361.3787,89.92381,0.0,0.0,74.45683,391.7828,155.20366
Azamgarh,0.0,20.641697,0.0,0.0,0.0,403.71548,0.0,130.9035,150.43146,0.0,0.0,12.529587,0.0,0.0,328.6789,0.0,0.0,32.170956,0.0,353.65002,0.0,0.0,124.39232,0.0,0.0,286.35388,0.0,78.16818,0.0,200.41989,231.28578,0.0,0.0,0.0,0.0,0.0,0.0,0.0,0.0,109.78197,0.0,0.0,0.0,0.0,105.66795,0.0,292.49695,0.0,0.0,0.0,0.0,0.0,0.0,323.3155,0.0,0.0,0.0,424.88406,120.09079,0.0,0.0,68.51434,487.31137,209.38846
Baghpat,0.0,11.222797,0.0,0.0,0.0,507.94513,0.0,33.757477,0.0,0.0,0.0,0.0,0.0,1.4537048,530.43054,0.0,0.0,77.63305,0.0,424.79297,0.0,0.0,0.3984375,0.0,0.0,192.59518,0.0,93.7188,0.0,357.494,409.03668,0.0,0.0,0.0,0.0,0.0,0.0,0.0,0.0,10.102264,0.0,0.0,0.0,0.0,37.44516,0.0,384.1113,0.0,0.0,0.0,0.0,0.0,0.0,428.21832,0.0,0.0,0.0,678.72473,0.0,0.0,0.0,245.0448,612.75757,119.65019
Bahraich,0.0,16.911823,0.0,0.0,0.0,352.86176,0.0,111.31207,125.96925,0.0,0.0,4.4710007,0.0,0.0,287.30627,0.0,0.0,22.48152,0.0,303.86627,0.0,0.0,101.68144,0.0,0.0,240.71765,0.0,66.336784,0.0,173.6706,204.78625,0.0,0.0,0.0,0.0,0.0,0.0,0.0,0.0,93.00948,0.0,0.0,0.0,0.0,88.736404,0.0,250.74957,0.0,0.0,0.0,0.0,0.0,0.0,274.5996,0.0,0.0,0.0,371.44113,100.29942,0.0,0.0,63.55345,419.53458,178.8646
Ballia,0.0,15.876699,0.0,0.0,0.0,353.13138,0.0,103.0804,113.492935,0.0,0.0,0.0,0.0,0.0,294.23785,0.0,0.0,22.69568,0.0,300.75034,0.0,0.0,91.82945,0.0,0.0,227.04376,0.0,63.852654,0.0,178.62694,212.30205,0.0,0.0,0.0,0.0,0.0,0.0,0.0,0.0,86.00512,0.0,0.0,0.0,0.0,80.41045,0.0,249.3292,0.0,0.0,0.0,0.0,0.0,0.0,271.34195,0.0,0.0,0.0,380.12894,92.242615,0.0,0.0,74.43703,417.11694,168.60266
Balrampur,0.0,17.805658,0.0,0.0,0.0,355.01303,0.0,111.965546,129.57535,0.0,0.0,11.530849,0.0,0.0,288.24823,0.0,0.0,24.436134,0.0,308.17322,0.0,0.0,102.94368,0.0,0.0,251.40602,0.0,71.13269,0.0,176.43015,203.04305,0.0,0.0,0.0,0.0,0.0,0.0,0.0,0.0,94.886734,0.0,0.0,0.0,0.0,95.276566,0.0,256.4403,0.0,0.0,0.0,0.0,0.0,0.0,283.70322,0.0,0.0,0.0,373.2386,97.970856,0.0,0.0,62.205963,427.01147,186.0929
Banda,0.0,18.665777,0.0,0.0,0.0,405.08255,0.0,116.509415,128.64395,0.0,0.0,3.1266632,0.0,0.0,341.14423,0.0,0.0,32.124546,0.0,348.32114,0.0,0.0,106.075,0.0,0.0,262.60156,0.0,74.6934,0.0,209.76457,245.19717,0.0,0.0,0.0,0.0,0.0,0.0,0.0,0.0,96.54158,0.0,0.0,0.0,0.0,92.23928,0.0,290.49377,0.0,0.0,0.0,0.0,0.0,0.0,318.54614,0.0,0.0,0.0,441.07468,104.24336,0.0,0.0,87.51611,483.90506,192.29214
Barabanki,0.0,15.714193,0.0,0.0,0.0,357.51074,0.0,101.52475,110.84477,0.0,0.0,0.0,0.0,0.0,300.77576,0.0,0.0,24.931877,0.0,304.763,0.0,0.0,89.81267,0.0,0.0,226.52812,0.0,64.92461,0.0,183.94397,217.89677,0.0,0.0,0.0,0.0,0.0,0.0,0.0,0.0,83.72975,0.0,0.0,0.0,0.0,79.44524,0.0,253.49818,0.0,0.0,0.0,0.0,0.0,0.0,276.50427,0.0,0.0,0.0,388.45224,89.42772,0.0,0.0,78.694824,423.0794,167.28358
Bareilly,0.0,59.325462,0.0,0.0,0.0,876.6361,0.0,339.40134,421.83133,0.0,0.0,127.075516,0.0,0.0,684.7318,0.0,28.620758,107.908264,0.0,824.0165,0.0,0.0,349.5592,0.0,0.0,766.948,0.0,210.0201,0.0,431.70892,452.21268,0.0,0.0,0.0,0.0,0.0,0.0,0.0,0.0,281.1648,0.0,0.0,0.0,0.0,313.6292,0.0,688.9332,0.0,0.0,0.0,0.0,0.0,0.0,799.2357,0.0,0.0,0.0,890.8524,295.36835,0.0,0.0,69.47824,1122.8151,543.22675
Basti,0.0,20.298645,0.0,0.0,0.0,384.701,0.0,130.24402,151.76099,0.0,0.0,15.279999,0.0,0.0,307.69485,0.0,0.0,28.056664,0.0,337.97464,0.0,0.0,123.57144,0.0,0.0,281.75122,0.0,76.43906,0.0,186.51523,215.10484,0.0,0.0,0.0,0.0,0.0,0.0,0.0,0.0,109.46303,0.0,0.0,0.0,0.0,107.137375,0.0,278.66315,0.0,0.0,0.0,0.0,0.0,0.0,308.84067,0.0,0.0,0.0,398.07285,118.17119,0.0,0.0,57.573715,464.52222,207.36894
Bijnor,0.0,32.363144,0.0,0.0,0.0,632.22656,0.0,175.22379,198.87903,0.0,0.0,53.325363,0.0,0.0,548.8784,0.0,0.0,79.51832,0.0,568.1095,0.0,0.0,163.75623,0.0,0.0,441.62952,0.0,137.86194,0.0,354.08545,388.37854,0.0,0.0,0.0,0.0,0.0,0.0,0.0,0.0,138.10379,0.0,0.0,0.0,0.0,163.27362,0.0,486.45685,0.0,0.0,0.0,0.0,0.0,0.0,554.7904,0.0,0.0,0.0,709.3297,134.02826,0.0,0.0,137.70407,788.98346,307.98535
Budaun,0.0,53.22905,0.0,0.0,0.0,837.5219,0.0,296.89172,362.62292,0.0,0.0,109.76388,0.0,0.0,676.252,0.0,0.0,105.787704,0.0,778.51074,0.0,0.0,300.01767,0.0,0.0,692.4758,0.0,196.75464,0.0,430.75827,455.80453,0.0,0.0,0.0,0.0,0.0,0.0,0.0,0.0,243.21484,0.0,0.0,0.0,0.0,276.9197,0.0,656.4947,0.0,0.0,0.0,0.0,0.0,0.0,759.28864,0.0,0.0,0.0,878.714,249.98883,0.0,0.0,100.10617,1067.1042,487.80573
Bulandshahr,0.0,56.562412,0.0,0.0,0.0,964.9381,0.0,297.4689,353.7367,0.0,0.0,126.43138,0.0,0.0,821.1507,0.0,0.0,138.68886,0.0,894.1301,0.0,0.0,293.33057,0.0,0.0,745.6337,0.0,228.00458,0.0,535.1645,566.0432,0.0,0.0,0.0,0.0,0.0,0.0,0.0,0.0,235.46649,0.0,0.0,0.0,0.0,289.33395,0.0,766.2811,0.0,0.0,0.0,0.0,0.0,0.0,890.1471,0.0,0.0,0.0,1063.644,228.84918,0.0,0.0,168.88995,1234.0679,514.3023
Chandauli,0.0,32.586193,0.0,0.0,0.0,523.257,0.0,201.806,244.8092,0.0,0.0,42.55375,0.0,0.0,403.12128,0.0,25.297974,47.809784,0.0,475.32037,0.0,0.0,204.50244,0.0,0.0,430.15045,0.0,110.86424,0.0,244.95424,270.7555,0.0,0.0,0.0,0.0,0.0,0.0,0.0,0.0,171.16888,0.0,0.0,0.0,0.0,169.50348,0.0,390.7354,0.0,0.0,0.0,0.0,0.0,0.0,439.93225,0.0,0.0,0.0,523.6361,190.3659,0.0,0.0,47.409515,648.4169,312.22906
Chitrakoot,0.0,19.027925,0.0,0.0,0.0,390.61868,0.0,123.009415,140.30779,0.0,0.0,0.15222168,0.0,0.0,317.7699,0.0,0.0,26.455643,0.0,335.4863,0.0,0.0,116.02527,0.0,0.0,264.95428,0.0,70.48001,0.0,191.89589,225.69084,0.0,0.0,0.0,0.0,0.0,0.0,0.0,0.0,105.364655,0.0,0.0,0.0,0.0,95.10127,0.0,276.14905,0.0,0.0,0.0,0.0,0.0,0.0,300.89453,0.0,0.0,0.0,412.22073,117.770386,0.0,0.0,72.12442,464.8957,197.15674
Deoria,0.0,16.386734,0.0,0.0,0.0,352.83585,0.0,106.331696,118.28909,0.0,0.0,0.5970764,0.0,0.0,291.41803,0.0,0.0,22.67571,0.0,301.74893,0.0,0.0,95.86691,0.0,0.0,231.52466,0.0,64.394,0.0,176.52664,209.49849,0.0,0.0,0.0,0.0,0.0,0.0,0.0,0.0,88.457016,0.0,0.0,0.0,0.0,83.066826,0.0,249.44629,0.0,0.0,0.0,0.0,0.0,0.0,272.03412,0.0,0.0,0.0,376.66678,95.73717,0.0,0.0,70.070694,417.62378,171.94289
Etah,0.0,29.240938,0.0,0.0,0.0,540.0543,0.0,172.51978,201.44205,0.0,0.0,37.078804,0.0,0.0,446.25552,0.0,0.0,56.1124,0.0,483.05975,0.0,0.0,166.58276,0.0,0.0,397.34387,0.0,113.35728,0.0,279.39847,310.96274,0.0,0.0,0.0,0.0,0.0,0.0,0.0,0.0,141.90111,0.0,0.0,0.0,0.0,150.24828,0.0,405.3247,0.0,0.0,0.0,0.0,0.0,0.0,457.55478,0.0,0.0,0.0,578.44885,149.43114,0.0,0.0,91.793976,666.7075,284.6042
Etawah,0.0,14.9569645,0.0,0.0,0.0,328.6196,0.0,102.476,114.48189,0.0,0.0,0.0,0.0,0.0,266.27158,0.0,0.0,16.60207,0.0,277.16864,0.0,0.0,94.140335,0.0,0.0,213.879,0.0,55.859283,0.0,158.1285,190.99998,0.0,0.0,0.0,0.0,0.0,0.0,0.0,0.0,87.97416,0.0,0.0,0.0,0.0,75.20891,0.0,226.42068,0.0,0.0,0.0,0.0,0.0,0.0,242.75244,0.0,0.0,0.0,344.7989,99.99106,0.0,0.0,62.884796,384.1944,161.79276
Faizabad,0.0,20.121248,0.0,0.0,0.0,391.84067,0.0,128.18916,148.15611,0.0,0.0,12.676247,0.0,0.0,316.94705,0.0,0.0,29.69471,0.0,342.63974,0.0,0.0,121.22472,0.0,0.0,280.25653,0.0,76.658066,0.0,193.16777,222.69673,0.0,0.0,0.0,0.0,0.0,0.0,0.0,0.0,107.86496,0.0,0.0,0.0,0.0,104.680855,0.0,283.41245,0.0,0.0,0.0,0.0,0.0,0.0,313.32193,0.0,0.0,0.0,410.21112,116.67598,0.0,0.0,64.55168,472.4461,205.92506
Farrukhabad,0.0,5.6616516,0.0,0.0,0.0,397.42325,0.0,13.4908905,0.0,0.0,0.0,0.0,0.0,18.178345,422.29956,0.0,0.0,52.209606,0.0,320.56915,0.0,0.0,0.0,0.0,0.0,118.770676,0.0,65.7783,0.0,281.30206,332.42834,0.0,0.0,0.0,0.0,0.0,0.0,0.0,0.0,0.0,0.0,0.0,0.0,0.0,12.524155,0.0,289.6057,0.0,0.0,0.0,0.0,0.0,0.0,316.47205,0.0,0.0,0.0,539.56305,0.0,2.239502,0.0,209.12218,465.6022,74.33333
Fatehpur,0.0,19.070992,0.0,0.0,0.0,395.5373,0.0,122.96777,138.73637,0.0,0.0,3.6372223,0.0,0.0,324.6848,0.0,0.0,28.37623,0.0,341.1295,0.0,0.0,114.33159,0.0,0.0,267.2169,0.0,72.80707,0.0,197.09578,231.27628,0.0,0.0,0.0,0.0,0.0,0.0,0.0,0.0,103.13304,0.0,0.0,0.0,0.0,96.35268,0.0,281.97372,0.0,0.0,0.0,0.0,0.0,0.0,308.6201,0.0,0.0,0.0,420.32623,113.67514,0.0,0.0,74.415695,471.7782,197.35126
Firozabad,0.0,5.3813915,0.0,0.0,0.0,394.35767,0.0,13.833954,0.0,0.0,0.0,0.0,0.0,16.701508,418.497,0.0,0.0,51.609276,0.0,317.59235,0.0,0.0,0.0,0.0,0.0,117.29738,0.0,64.42847,0.0,278.30215,329.32465,0.0,0.0,0.0,0.0,0.0,0.0,0.0,0.0,0.0,0.0,0.0,0.0,0.0,11.581802,0.0,286.34915,0.0,0.0,0.0,0.0,0.0,0.0,312.31354,0.0,0.0,0.0,534.7887,0.0,0.28138733,0.0,207.58296,461.42462,73.66855
Gautambuddhanagar,0.0,61.69355,0.0,0.0,0.0,998.8351,0.0,327.49973,396.58008,0.0,0.0,139.59782,0.0,0.0,832.45764,0.0,0.0,140.47421,0.0,930.6984,0.0,0.0,327.88483,0.0,0.0,803.10486,0.0,239.47491,0.0,540.2465,566.7204,0.0,0.0,0.0,0.0,0.0,0.0,0.0,0.0,263.05466,0.0,0.0,0.0,0.0,317.8006,0.0,794.4046,0.0,0.0,0.0,0.0,0.0,0.0,924.57996,0.0,0.0,0.0,1080.5688,259.4343,0.0,0.0,149.59372,1281.4365,557.5305
Ghaziabad,0.0,60.56433,0.0,0.0,0.0,939.33826,0.0,335.51044,411.3827,0.0,0.0,133.46317,0.0,0.0,759.39923,0.0,0.0,124.77841,0.0,879.5336,0.0,0.0,341.4623,0.0,0.0,787.88367,0.0,224.98337,0.0,485.97476,509.39413,0.0,0.0,0.0,0.0,0.0,0.0,0.0,0.0,273.84637,0.0,0.0,0.0,0.0,316.61496,0.0,743.091,0.0,0.0,0.0,0.0,0.0,0.0,863.3819,0.0,0.0,0.0,986.2468,280.60812,0.0,0.0,108.4595,1204.5824,552.10626
Ghazipur,0.0,19.417797,0.0,0.0,0.0,420.44592,0.0,114.08902,125.4501,0.0,0.0,8.155289,0.0,0.0,360.9163,0.0,0.0,39.22,0.0,363.95435,0.0,0.0,104.09204,0.0,0.0,270.3969,0.0,79.98211,0.0,226.01671,259.44748,0.0,0.0,0.0,0.0,0.0,0.0,0.0,0.0,94.252594,0.0,0.0,0.0,0.0,93.47844,0.0,306.62524,0.0,0.0,0.0,0.0,0.0,0.0,338.53967,0.0,0.0,0.0,466.11285,98.76523,0.0,0.0,98.34743,507.2306,194.67776
Gonda,0.0,16.737637,0.0,0.0,0.0,357.2758,0.0,106.041534,118.33124,0.0,0.0,6.2201233,0.0,0.0,297.06818,0.0,0.0,25.314226,0.0,307.63574,0.0,0.0,94.827805,0.0,0.0,237.40855,0.0,68.264145,0.0,182.05052,213.16801,0.0,0.0,0.0,0.0,0.0,0.0,0.0,0.0,87.36874,0.0,0.0,0.0,0.0,86.52712,0.0,256.1917,0.0,0.0,0.0,0.0,0.0,0.0,281.71783,0.0,0.0,0.0,383.71558,91.291046,0.0,0.0,71.70813,426.0563,174.8779
Gorakhpur,0.0,16.022556,0.0,0.0,0.0,358.05652,0.0,100.58058,110.17293,0.0,0.0,0.77069855,0.0,0.0,302.16937,0.0,0.0,25.95241,0.0,305.79736,0.0,0.0,89.313965,0.0,0.0,227.95741,0.0,65.8978,0.0,185.54575,218.26459,0.0,0.0,0.0,0.0,0.0,0.0,0.0,0.0,83.35158,0.0,0.0,0.0,0.0,79.97137,0.0,255.1415,0.0,0.0,0.0,0.0,0.0,0.0,278.92322,0.0,0.0,0.0,390.2887,88.12442,0.0,0.0,79.78648,425.20877,167.78711
Hamirpur,0.0,14.624619,0.0,0.0,0.0,369.50885,0.0,88.988266,91.75757,0.0,0.0,0.0,0.0,0.0,323.66846,0.0,0.0,28.66198,0.0,310.2702,0.0,0.0,74.9482,0.0,0.0,211.6674,0.0,64.33137,0.0,201.31847,238.24606,0.0,0.0,0.0,0.0,0.0,0.0,0.0,0.0,72.59721,0.0,0.0,0.0,0.0,68.60753,0.0,261.71063,0.0,0.0,0.0,0.0,0.0,0.0,283.60983,0.0,0.0,0.0,418.17557,75.87048,0.0,0.0,101.23593,435.35358,155.11974
Hapur,0.0,55.790146,0.0,0.0,0.0,963.81226,0.0,291.6678,345.2262,0.0,0.0,124.91992,0.0,0.0,825.0735,0.0,0.0,139.92604,0.0,892.0754,0.0,0.0,286.49506,0.0,0.0,737.5604,0.0,227.38155,0.0,538.78076,570.23804,0.0,0.0,0.0,0.0,0.0,0.0,0.0,0.0,230.0344,0.0,0.0,0.0,0.0,284.7748,0.0,765.9254,0.0,0.0,0.0,0.0,0.0,0.0,889.5322,0.0,0.0,0.0,1068.2164,222.094,0.0,0.0,175.45349,1232.4241,507.5639
Hardoi,0.0,12.526161,0.0,0.0,0.0,347.87775,0.0,77.827255,77.28296,0.0,0.0,0.0,0.0,0.0,309.76724,0.0,0.0,27.289873,0.0,290.60208,0.0,0.0,62.29857,0.0,0.0,190.91527,0.0,60.58145,0.0,193.33957,229.7714,0.0,0.0,0.0,0.0,0.0,0.0,0.0,0.0,62.482056,0.0,0.0,0.0,0.0,60.336876,0.0,246.0758,0.0,0.0,0.0,0.0,0.0,0.0,266.8109,0.0,0.0,0.0,399.02618,63.4384,0.0,0.0,102.72983,408.76566,139.52708
Hathras,0.0,56.844646,0.0,0.0,0.0,773.8855,0.0,340.56992,432.00488,0.0,0.0,112.31751,0.0,0.0,565.6898,0.0,84.94214,80.5383,0.0,730.20483,42.132782,0.0,357.6272,0.0,0.0,726.5516,0.0,184.55254,0.0,345.4538,360.57404,0.0,0.0,0.0,0.0,0.0,0.0,0.0,0.0,289.9779,0.0,0.0,0.0,0.0,304.90582,0.0,599.3763,0.0,0.0,0.0,0.0,0.0,0.0,692.4258,0.0,0.0,0.0,739.75525,316.2164,0.0,0.0,12.194611,988.0045,524.62744
Jalaun,0.0,17.56064,0.0,0.0,0.0,364.0285,0.0,117.689545,133.76073,0.0,0.0,0.5892334,0.0,0.0,293.8703,0.0,0.0,23.059387,0.0,312.95227,0.0,0.0,110.438385,0.0,0.0,249.63669,0.0,66.02932,0.0,176.3311,208.28993,0.0,0.0,0.0,0.0,0.0,0.0,0.0,0.0,100.12703,0.0,0.0,0.0,0.0,90.52859,0.0,256.90543,0.0,0.0,0.0,0.0,0.0,0.0,279.38776,0.0,0.0,0.0,380.3399,112.24925,0.0,0.0,63.631653,432.20157,185.97356
Jaunpur,0.0,19.900331,0.0,0.0,0.0,415.51788,0.0,123.28581,138.23174,0.0,0.0,8.230499,0.0,0.0,347.57962,0.0,0.0,35.202972,0.0,360.57318,0.0,0.0,114.629776,0.0,0.0,278.2688,0.0,78.681335,0.0,214.52208,247.90561,0.0,0.0,0.0,0.0,0.0,0.0,0.0,0.0,102.53436,0.0,0.0,0.0,0.0,99.15641,0.0,300.8217,0.0,0.0,0.0,0.0,0.0,0.0,331.39005,0.0,0.0,0.0,449.2537,110.93451,0.0,0.0,84.78671,500.0387,202.56393
Jhansi,0.0,15.807505,0.0,0.0,0.0,426.3542,0.0,89.36,87.83618,0.0,0.0,0.0,0.0,0.0,388.6556,0.0,0.0,45.36075,0.0,362.40698,0.0,0.0,73.62242,0.0,0.0,236.64711,0.0,78.08554,0.0,248.7624,286.7522,0.0,0.0,0.0,0.0,0.0,0.0,0.0,0.0,70.42746,0.0,0.0,0.0,0.0,73.28569,0.0,311.61478,0.0,0.0,0.0,0.0,0.0,0.0,342.35654,0.0,0.0,0.0,500.45868,69.468704,0.0,0.0,132.69589,511.2825,166.90698
Kannauj,0.0,14.166883,0.0,0.0,0.0,334.53577,0.0,94.806015,102.36769,0.0,0.0,0.0,0.0,0.0,279.97772,0.0,0.0,19.638794,0.0,281.02057,0.0,0.0,83.96353,0.0,0.0,205.49106,0.0,56.8536,0.0,168.87103,203.46373,0.0,0.0,0.0,0.0,0.0,0.0,0.0,0.0,79.57541,0.0,0.0,0.0,0.0,69.88721,0.0,232.05072,0.0,0.0,0.0,0.0,0.0,0.0,249.4703,0.0,0.0,0.0,361.84204,88.550735,0.0,0.0,75.36928,391.06314,153.96521
Kanpurdehat,0.0,17.724848,0.0,0.0,0.0,366.19855,0.0,118.24109,134.39479,0.0,0.0,0.6918335,0.0,0.0,295.73166,0.0,0.0,23.033081,0.0,314.79443,0.0,0.0,110.81552,0.0,0.0,250.74472,0.0,66.37785,0.0,177.3167,209.72948,0.0,0.0,0.0,0.0,0.0,0.0,0.0,0.0,100.37625,0.0,0.0,0.0,0.0,91.01556,0.0,258.26556,0.0,0.0,0.0,0.0,0.0,0.0,281.0863,0.0,0.0,0.0,382.87036,112.47865,0.0,0.0,64.12741,434.67984,186.90996
Kanpurnagar,0.0,24.053587,0.0,0.0,0.0,407.81625,0.0,162.14883,195.28639,0.0,0.0,18.005524,0.0,0.0,305.69495,0.0,31.413437,24.858677,0.0,362.3028,0.0,0.0,161.5247,0.0,0.0,327.43634,0.0,80.09971,0.0,178.9378,207.15047,0.0,0.0,0.0,0.0,0.0,0.0,0.0,0.0,139.45212,0.0,0.0,0.0,0.0,128.78275,0.0,292.2099,0.0,0.0,0.0,0.0,0.0,0.0,322.67792,0.0,0.0,0.0,397.13446,158.93095,0.0,0.0,33.141937,493.03754,244.24161
Kasganj,0.0,53.07775,0.0,0.0,0.0,788.3551,0.0,307.46994,382.0199,0.0,0.0,105.83013,0.0,0.0,611.0503,0.0,32.959106,90.926636,0.0,736.2941,0.0,0.0,315.96866,0.0,0.0,686.6898,0.0,185.5347,0.0,382.16736,403.51575,0.0,0.0,0.0,0.0,0.0,0.0,0.0,0.0,256.73636,0.0,0.0,0.0,0.0,280.52136,0.0,613.3731,0.0,0.0,0.0,0.0,0.0,0.0,708.4009,0.0,0.0,0.0,795.91064,272.0394,0.0,0.0,60.57718,1003.7886,489.86487
Kaushambi,0.0,18.931091,0.0,0.0,0.0,401.01526,0.0,121.3161,135.69684,0.0,0.0,2.1763916,0.0,0.0,332.0995,0.0,0.0,29.54081,0.0,344.91833,0.0,0.0,112.05771,0.0,0.0,265.46378,0.0,73.07939,0.0,202.38156,237.86589,0.0,0.0,0.0,0.0,0.0,0.0,0.0,0.0,101.30722,0.0,0.0,0.0,0.0,94.38844,0.0,285.63385,0.0,0.0,0.0,0.0,0.0,0.0,312.23294,0.0,0.0,0.0,429.80212,111.590485,0.0,0.0,79.737564,477.7772,195.7523
Kushinagar,0.0,16.477335,0.0,0.0,0.0,350.30475,0.0,108.140625,121.60542,0.0,0.0,1.0320206,0.0,0.0,286.76694,0.0,0.0,22.102411,0.0,300.0066,0.0,0.0,98.73605,0.0,0.0,233.82704,0.0,64.25824,0.0,173.22302,205.14485,0.0,0.0,0.0,0.0,0.0,0.0,0.0,0.0,90.66259,0.0,0.0,0.0,0.0,84.662,0.0,247.39816,0.0,0.0,0.0,0.0,0.0,0.0,269.8875,0.0,0.0,0.0,371.08582,98.93347,0.0,0.0,66.493225,415.16895,174.17136
Lakhimpurkheri,0.0,10.482412,0.0,0.0,0.0,396.97015,0.0,51.569275,34.57611,0.0,0.0,0.0,0.0,0.0,389.15338,0.0,0.0,45.599518,0.0,330.2556,0.0,0.0,26.334442,0.0,0.0,174.9931,0.0,71.316154,0.0,254.05338,297.38422,0.0,0.0,0.0,0.0,0.0,0.0,0.0,0.0,32.74681,0.0,0.0,0.0,0.0,45.126816,0.0,290.31436,0.0,0.0,0.0,0.0,0.0,0.0,319.65652,0.0,0.0,0.0,498.75723,19.88063,0.0,0.0,161.22523,470.83252,119.375565
Lalitpur,0.0,31.53925,0.0,0.0,0.0,564.91223,0.0,189.05339,222.95773,0.0,0.0,38.746544,0.0,0.0,460.06384,0.0,0.0,59.811398,0.0,507.79822,0.0,0.0,187.65057,0.0,0.0,426.21243,0.0,117.25502,0.0,287.29852,318.0478,0.0,0.0,0.0,0.0,0.0,0.0,0.0,0.0,158.1361,0.0,0.0,0.0,0.0,160.25648,0.0,424.15784,0.0,0.0,0.0,0.0,0.0,0.0,476.57294,0.0,0.0,0.0,595.8795,172.11356,0.0,0.0,87.18472,699.57336,305.0487
Lucknow,0.0,16.110653,0.0,0.0,0.0,355.89264,0.0,104.749374,116.0957,0.0,0.0,0.0,0.0,0.0,295.55563,0.0,0.0,23.46422,0.0,303.44098,0.0,0.0,94.27902,0.0,0.0,230.62018,0.0,64.586395,0.0,179.78642,212.77548,0.0,0.0,0.0,0.0,0.0,0.0,0.0,0.0,87.67439,0.0,0.0,0.0,0.0,81.85343,0.0,251.53769,0.0,0.0,0.0,0.0,0.0,0.0,273.84772,0.0,0.0,0.0,382.23074,94.70961,0.0,0.0,73.97371,421.17346,171.27136
Maharajganj,0.0,16.903486,0.0,0.0,0.0,351.1058,0.0,110.41324,125.00874,0.0,0.0,3.804596,0.0,0.0,286.055,0.0,0.0,22.247015,0.0,302.15198,0.0,0.0,101.07785,0.0,0.0,238.99715,0.0,65.6823,0.0,172.70842,203.76068,0.0,0.0,0.0,0.0,0.0,0.0,0.0,0.0,92.59488,0.0,0.0,0.0,0.0,87.7962,0.0,249.21808,0.0,0.0,0.0,0.0,0.0,0.0,272.81317,0.0,0.0,0.0,369.9602,100.068634,0.0,0.0,63.72885,417.3273,177.66928
Mahoba,0.0,24.579903,0.0,0.0,0.0,458.84375,0.0,151.75539,177.27618,0.0,0.0,19.378677,0.0,0.0,371.3609,0.0,0.0,39.800716,0.0,404.92026,0.0,0.0,147.5187,0.0,0.0,335.1506,0.0,90.82291,0.0,228.04486,258.68747,0.0,0.0,0.0,0.0,0.0,0.0,0.0,0.0,128.45682,0.0,0.0,0.0,0.0,124.97383,0.0,335.93124,0.0,0.0,0.0,0.0,0.0,0.0,372.9788,0.0,0.0,0.0,481.33807,140.67918,0.0,0.0,73.8512,558.9076,244.241
Mainpuri,0.0,13.034567,0.0,0.0,0.0,340.73175,0.0,84.34967,86.98691,0.0,0.0,0.0,0.0,0.0,295.75156,0.0,0.0,23.29304,0.0,284.20728,0.0,0.0,71.27048,0.0,0.0,193.67262,0.0,57.33329,0.0,181.4583,217.98077,0.0,0.0,0.0,0.0,0.0,0.0,0.0,0.0,69.526024,0.0,0.0,0.0,0.0,62.235405,0.0,237.39478,0.0,0.0,0.0,0.0,0.0,0.0,255.64026,0.0,0.0,0.0,381.7053,75.36896,0.0,0.0,91.669846,398.2766,143.70651
Mathura,0.0,59.003643,0.0,0.0,0.0,792.67096,0.0,352.24524,448.15475,0.0,0.0,117.647545,0.0,0.0,576.423,0.0,91.72577,82.66208,0.0,749.328,49.39447,0.0,370.93323,0.0,0.0,750.96484,0.0,190.08307,0.0,351.97266,365.58304,0.0,0.0,0.0,0.0,0.0,0.0,0.0,0.0,300.49847,0.0,0.0,0.0,0.0,316.16864,0.0,615.01544,0.0,0.0,0.0,0.0,0.0,0.0,711.10474,0.0,0.0,0.0,754.4528,327.64563,0.0,0.0,7.8561096,1013.56067,542.3606
Mau,0.0,20.696863,0.0,0.0,0.0,390.0015,0.0,133.90973,156.08218,0.0,0.0,11.867325,0.0,0.0,310.0208,0.0,2.8997955,27.19674,0.0,341.48865,0.0,0.0,128.24783,0.0,0.0,285.08072,0.0,75.41119,0.0,186.61223,216.4944,0.0,0.0,0.0,0.0,0.0,0.0,0.0,0.0,113.48482,0.0,0.0,0.0,0.0,107.40012,0.0,280.28757,0.0,0.0,0.0,0.0,0.0,0.0,309.00964,0.0,0.0,0.0,401.46402,125.0634,0.0,0.0,57.04724,469.23795,210.66797
Meerut,0.0,59.93365,0.0,0.0,0.0,845.5331,0.0,347.3429,436.8663,0.0,0.0,124.79653,0.0,0.0,641.3984,0.0,57.173584,98.3389,0.0,797.1243,12.412781,0.0,362.23877,0.0,0.0,767.14166,0.0,203.21088,0.0,400.04123,416.0575,0.0,0.0,0.0,0.0,0.0,0.0,0.0,0.0,292.23672,0.0,0.0,0.0,0.0,317.5291,0.0,662.02313,0.0,0.0,0.0,0.0,0.0,0.0,766.8831,0.0,0.0,0.0,836.53613,312.21393,0.0,0.0,42.656372,1083.6605,547.64795
Mirzapur,0.0,24.659554,0.0,0.0,0.0,450.35577,0.0,158.08461,186.24727,0.0,0.0,20.96167,0.0,0.0,356.8305,0.0,5.102936,35.87798,0.0,398.84335,0.0,0.0,154.059,0.0,0.0,338.64774,0.0,89.5718,0.0,216.39789,247.27293,0.0,0.0,0.0,0.0,0.0,0.0,0.0,0.0,133.29272,0.0,0.0,0.0,0.0,129.25705,0.0,328.21933,0.0,0.0,0.0,0.0,0.0,0.0,364.57913,0.0,0.0,0.0,462.54294,147.55281,0.0,0.0,61.336105,547.6529,248.502
Moradabad,0.0,58.20793,0.0,0.0,0.0,894.8971,0.0,325.6618,400.4827,0.0,0.0,124.84314,0.0,0.0,717.1643,0.0,1.8709106,115.79219,0.0,837.25073,0.0,0.0,332.64645,0.0,0.0,756.0353,0.0,213.08107,0.0,456.90387,479.48575,0.0,0.0,0.0,0.0,0.0,0.0,0.0,0.0,267.38763,0.0,0.0,0.0,0.0,304.39014,0.0,705.19025,0.0,0.0,0.0,0.0,0.0,0.0,817.936,0.0,0.0,0.0,932.04333,276.9039,0.0,0.0,96.450836,1145.6866,531.74536
Muzaffarnagar,0.0,14.389603,0.0,0.0,0.0,444.7105,0.0,74.972534,64.16681,0.0,0.0,1.5928574,0.0,0.0,423.67078,0.0,0.0,52.886852,0.0,377.51312,0.0,0.0,52.542725,0.0,0.0,223.71532,0.0,82.959076,0.0,275.3564,318.33966,0.0,0.0,0.0,0.0,0.0,0.0,0.0,0.0,52.376923,0.0,0.0,0.0,0.0,65.09363,0.0,329.06433,0.0,0.0,0.0,0.0,0.0,0.0,364.73883,0.0,0.0,0.0,543.41766,43.210083,0.0,0.0,159.58223,534.1174,153.30717
Pilibhit,0.0,58.41355,0.0,0.0,0.0,778.76843,0.0,349.2295,445.2778,0.0,0.0,119.10473,0.0,0.0,563.63495,0.0,93.718506,81.17543,0.0,737.91504,54.29706,0.0,367.94125,0.0,0.0,744.4888,0.0,188.4743,0.0,344.30182,356.11395,0.0,0.0,0.0,0.0,0.0,0.0,0.0,0.0,298.19653,0.0,0.0,0.0,0.0,314.6521,0.0,605.6682,0.0,0.0,0.0,0.0,0.0,0.0,700.9224,0.0,0.0,0.0,737.49384,324.0775,0.0,0.0,3.3259888,997.4236,537.59717
Pratapgarh,0.0,19.603209,0.0,0.0,0.0,403.90497,0.0,122.89699,138.90517,0.0,0.0,5.2299576,0.0,0.0,333.60138,0.0,0.0,30.729969,0.0,348.6641,0.0,0.0,114.37628,0.0,0.0,272.1131,0.0,75.30005,0.0,204.2412,237.69553,0.0,0.0,0.0,0.0,0.0,0.0,0.0,0.0,103.28261,0.0,0.0,0.0,0.0,97.72899,0.0,289.45862,0.0,0.0,0.0,0.0,0.0,0.0,317.46863,0.0,0.0,0.0,432.02698,112.477264,0.0,0.0,78.801025,483.49026,200.24048
Raebareli,0.0,19.470167,0.0,0.0,0.0,391.96262,0.0,127.90723,146.2725,0.0,0.0,6.1838455,0.0,0.0,316.9036,0.0,0.0,27.393091,0.0,339.9421,0.0,0.0,120.449875,0.0,0.0,273.6452,0.0,73.21008,0.0,191.23146,224.04657,0.0,0.0,0.0,0.0,0.0,0.0,0.0,0.0,107.73211,0.0,0.0,0.0,0.0,100.61445,0.0,279.75528,0.0,0.0,0.0,0.0,0.0,0.0,306.84692,0.0,0.0,0.0,410.34082,119.398224,0.0,0.0,66.25247,468.5332,202.43942
Rampur,0.0,56.345627,0.0,0.0,0.0,910.95825,0.0,307.48102,372.6034,0.0,0.0,121.71996,0.0,0.0,751.0877,0.0,0.0,123.41181,0.0,847.65283,0.0,0.0,309.47778,0.0,0.0,737.5874,0.0,215.45322,0.0,483.50928,509.79367,0.0,0.0,0.0,0.0,0.0,0.0,0.0,0.0,249.06049,0.0,0.0,0.0,0.0,291.74445,0.0,719.62506,0.0,0.0,0.0,0.0,0.0,0.0,834.569,0.0,0.0,0.0,974.49084,251.83429,0.0,0.0,127.52194,1164.8768,514.5928
Saharanpur,0.0,21.480276,0.0,0.0,0.0,396.31674,0.0,138.96976,163.15529,0.0,0.0,15.425438,0.0,0.0,312.1642,0.0,6.335663,26.595238,0.0,347.94025,0.0,0.0,132.5303,0.0,0.0,295.18936,0.0,78.15172,0.0,187.86249,217.45898,0.0,0.0,0.0,0.0,0.0,0.0,0.0,0.0,117.52945,0.0,0.0,0.0,0.0,113.47747,0.0,285.81622,0.0,0.0,0.0,0.0,0.0,0.0,315.68906,0.0,0.0,0.0,404.4382,127.802444,0.0,0.0,53.54184,477.64658,218.71533
Sambhal,0.0,55.97868,0.0,0.0,0.0,942.651,0.0,297.7327,355.95624,0.0,0.0,123.358246,0.0,0.0,795.5198,0.0,0.0,133.27159,0.0,874.1147,0.0,0.0,295.47528,0.0,0.0,737.2891,0.0,222.54486,0.0,516.7153,546.0919,0.0,0.0,0.0,0.0,0.0,0.0,0.0,0.0,237.58643,0.0,0.0,0.0,0.0,287.39362,0.0,747.24384,0.0,0.0,0.0,0.0,0.0,0.0,867.3535,0.0,0.0,0.0,1030.8827,233.89325,0.0,0.0,156.60672,1205.3191,510.2686
Santkabirnagar,0.0,16.30948,0.0,0.0,0.0,357.2205,0.0,102.31383,112.49498,0.0,0.0,3.3927765,0.0,0.0,300.40277,0.0,0.0,25.842035,0.0,306.3714,0.0,0.0,90.77046,0.0,0.0,230.66574,0.0,66.77984,0.0,184.30568,216.72623,0.0,0.0,0.0,0.0,0.0,0.0,0.0,0.0,84.03741,0.0,0.0,0.0,0.0,82.0895,0.0,255.41342,0.0,0.0,0.0,0.0,0.0,0.0,280.07092,0.0,0.0,0.0,387.72003,88.24039,0.0,0.0,76.75365,424.8947,169.49686
Santravidasnagar,0.0,24.383913,0.0,0.0,0.0,453.3479,0.0,152.55858,178.09161,0.0,0.0,18.849747,0.0,0.0,364.8719,0.0,0.0,38.07404,0.0,400.0735,0.0,0.0,148.06082,0.0,0.0,332.34732,0.0,89.263016,0.0,223.08203,254.37607,0.0,0.0,0.0,0.0,0.0,0.0,0.0,0.0,128.56139,0.0,0.0,0.0,0.0,124.369835,0.0,330.89096,0.0,0.0,0.0,0.0,0.0,0.0,366.9179,0.0,0.0,0.0,472.71902,141.70604,0.0,0.0,69.915436,551.0857,242.69766
Shahjahanpur,0.0,29.626778,0.0,0.0,0.0,587.07947,0.0,163.07793,184.81787,0.0,0.0,44.388863,0.0,0.0,507.76065,0.0,0.0,70.49127,0.0,524.63885,0.0,0.0,151.67563,0.0,0.0,406.98145,0.0,126.07327,0.0,326.08032,359.86395,0.0,0.0,0.0,0.0,0.0,0.0,0.0,0.0,129.66594,0.0,0.0,0.0,0.0,149.89867,0.0,448.17346,0.0,0.0,0.0,0.0,0.0,0.0,509.1817,0.0,0.0,0.0,656.58026,126.7247,0.0,0.0,127.925934,728.90027,285.5763
Shamli,0.0,19.678953,0.0,0.0,0.0,394.26077,0.0,128.17216,146.39241,0.0,0.0,9.294434,0.0,0.0,320.029,0.0,0.0,29.24796,0.0,343.46042,0.0,0.0,120.70813,0.0,0.0,276.64484,0.0,75.04012,0.0,194.17131,226.09868,0.0,0.0,0.0,0.0,0.0,0.0,0.0,0.0,107.09514,0.0,0.0,0.0,0.0,102.0144,0.0,283.4437,0.0,0.0,0.0,0.0,0.0,0.0,311.83002,0.0,0.0,0.0,413.69022,118.02518,0.0,0.0,66.89865,473.28473,203.51988
Shravasti,0.0,17.142002,0.0,0.0,0.0,353.8054,0.0,110.89711,125.185425,0.0,0.0,8.984638,0.0,0.0,289.67267,0.0,0.0,23.707949,0.0,306.3707,0.0,0.0,99.98424,0.0,0.0,242.68517,0.0,68.574,0.0,176.13596,206.79163,0.0,0.0,0.0,0.0,0.0,0.0,0.0,0.0,91.01536,0.0,0.0,0.0,0.0,90.64077,0.0,253.81296,0.0,0.0,0.0,0.0,0.0,0.0,279.76028,0.0,0.0,0.0,374.04047,95.69296,0.0,0.0,63.5356,422.23932,179.23393
Siddharthnagar,0.0,16.870262,0.0,0.0,0.0,355.12042,0.0,107.022064,119.82045,0.0,0.0,7.1449547,0.0,0.0,294.1946,0.0,0.0,24.819454,0.0,306.48373,0.0,0.0,96.00462,0.0,0.0,238.24576,0.0,68.15944,0.0,179.76814,210.70311,0.0,0.0,0.0,0.0,0.0,0.0,0.0,0.0,88.12359,0.0,0.0,0.0,0.0,87.38647,0.0,254.7842,0.0,0.0,0.0,0.0,0.0,0.0,280.47693,0.0,0.0,0.0,379.81317,92.21448,0.0,0.0,69.22728,423.74756,175.49593
Sitapur,0.0,16.923399,0.0,0.0,0.0,350.182,0.0,112.36467,127.61984,0.0,0.0,2.2379227,0.0,0.0,282.89526,0.0,0.0,20.874733,0.0,300.71005,0.0,0.0,103.427765,0.0,0.0,239.50258,0.0,64.61961,0.0,169.96118,201.3631,0.0,0.0,0.0,0.0,0.0,0.0,0.0,0.0,94.67264,0.0,0.0,0.0,0.0,88.07926,0.0,247.1774,0.0,0.0,0.0,0.0,0.0,0.0,269.52716,0.0,0.0,0.0,366.15494,103.54883,0.0,0.0,61.187378,415.0236,178.86215
Sonbhadra,0.0,19.171877,0.0,0.0,0.0,414.685,0.0,113.05977,124.31262,0.0,0.0,9.0868225,0.0,0.0,354.6767,0.0,0.0,36.70143,0.0,357.9565,0.0,0.0,101.448105,0.0,0.0,267.4978,0.0,79.92879,0.0,221.91788,255.11407,0.0,0.0,0.0,0.0,0.0,0.0,0.0,0.0,92.38583,0.0,0.0,0.0,0.0,94.447685,0.0,302.05884,0.0,0.0,0.0,0.0,0.0,0.0,333.63913,0.0,0.0,0.0,458.35376,95.478745,0.0,0.0,95.49609,499.5689,193.87936
Sultanpur,0.0,19.93086,0.0,0.0,0.0,404.0373,0.0,126.25345,144.01309,0.0,0.0,10.600403,0.0,0.0,332.37915,0.0,0.0,32.946396,0.0,352.3063,0.0,0.0,118.89674,0.0,0.0,280.5418,0.0,77.87805,0.0,203.89503,234.98418,0.0,0.0,0.0,0.0,0.0,0.0,0.0,0.0,105.9422,0.0,0.0,0.0,0.0,102.3824,0.0,292.65833,0.0,0.0,0.0,0.0,0.0,0.0,323.1488,0.0,0.0,0.0,429.89868,114.945816,0.0,0.0,74.40556,487.16144,205.02283
Unnao,0.0,20.152485,0.0,0.0,0.0,391.4537,0.0,130.09805,150.88863,0.0,0.0,8.664421,0.0,0.0,313.70587,0.0,0.0,27.23854,0.0,340.56012,0.0,0.0,123.91745,0.0,0.0,279.78656,0.0,74.553276,0.0,189.52777,220.11649,0.0,0.0,0.0,0.0,0.0,0.0,0.0,0.0,110.817444,0.0,0.0,0.0,0.0,104.18793,0.0,280.3419,0.0,0.0,0.0,0.0,0.0,0.0,308.0504,0.0,0.0,0.0,406.5945,122.05301,0.0,0.0,62.779526,469.88586,207.26207
Varanasi,0.0,19.978806,0.0,0.0,0.0,438.11615,0.0,118.88954,130.35287,0.0,0.0,9.516525,0.0,0.0,376.90088,0.0,0.0,42.134277,0.0,379.9783,0.0,0.0,108.52965,0.0,0.0,282.04074,0.0,83.744026,0.0,236.34123,270.9142,0.0,0.0,0.0,0.0,0.0,0.0,0.0,0.0,97.494156,0.0,0.0,0.0,0.0,97.741394,0.0,320.47272,0.0,0.0,0.0,0.0,0.0,0.0,354.4259,0.0,0.0,0.0,486.60614,102.65245,0.0,0.0,102.65839,529.5497,202.61046
Almora,0.0,13.140276,0.0,0.0,0.0,380.72565,0.0,76.44646,71.92474,0.0,0.0,0.0,0.0,0.0,348.87006,0.0,0.0,34.15113,0.0,320.48892,0.0,0.0,55.14435,0.0,0.0,202.46225,0.0,70.48175,0.0,221.22597,261.0527,0.0,0.0,0.0,0.0,0.0,0.0,0.0,0.0,56.065125,0.0,0.0,0.0,0.0,65.27563,0.0,275.10208,0.0,0.0,0.0,0.0,0.0,0.0,303.24478,0.0,0.0,0.0,448.714,49.39862,0.0,0.0,120.84625,450.80225,145.14844
Bageshwar,0.0,16.588924,0.0,0.0,0.0,349.6208,0.0,109.330215,123.68541,0.0,0.0,4.560402,0.0,0.0,283.91498,0.0,0.0,18.92653,0.0,299.18225,0.0,0.0,97.173706,0.0,0.0,237.32092,0.0,66.52089,0.0,170.82207,202.7379,0.0,0.0,0.0,0.0,0.0,0.0,0.0,0.0,90.61742,0.0,0.0,0.0,0.0,89.72054,0.0,247.1569,0.0,0.0,0.0,0.0,0.0,0.0,271.15128,0.0,0.0,0.0,367.9928,94.97749,0.0,0.0,63.134583,413.77588,178.37746
Chamoli,0.0,16.286703,0.0,0.0,0.0,352.63995,0.0,108.05794,120.26306,0.0,0.0,3.7766037,0.0,0.0,289.45123,0.0,0.0,19.939827,0.0,301.5963,0.0,0.0,94.78705,0.0,0.0,234.34904,0.0,66.36643,0.0,174.31807,208.02199,0.0,0.0,0.0,0.0,0.0,0.0,0.0,0.0,88.06032,0.0,0.0,0.0,0.0,87.61598,0.0,249.41632,0.0,0.0,0.0,0.0,0.0,0.0,273.5385,0.0,0.0,0.0,374.3977,92.5999,0.0,0.0,66.68143,416.5839,175.3874
Chamoli,0.0,16.55535,0.0,0.0,0.0,350.0911,0.0,110.968216,124.99684,0.0,0.0,4.0125656,0.0,0.0,283.77768,0.0,0.0,18.535515,0.0,299.79358,0.0,0.0,98.64374,0.0,0.0,237.4211,0.0,65.97043,0.0,169.80013,202.89471,0.0,0.0,0.0,0.0,0.0,0.0,0.0,0.0,91.23054,0.0,0.0,0.0,0.0,89.76115,0.0,246.83038,0.0,0.0,0.0,0.0,0.0,0.0,270.64316,0.0,0.0,0.0,367.4721,96.94205,0.0,0.0,61.763412,413.5385,178.4899
Champawat,0.0,35.519745,0.0,0.0,0.0,551.2317,0.0,217.57675,268.1493,0.0,0.0,56.795364,0.0,0.0,419.23224,0.0,33.49655,49.334328,0.0,504.23132,0.0,0.0,219.13062,0.0,0.0,469.03613,0.0,123.29108,0.0,255.65143,278.8055,0.0,0.0,0.0,0.0,0.0,0.0,0.0,0.0,183.66666,0.0,0.0,0.0,0.0,191.61139,0.0,415.53546,0.0,0.0,0.0,0.0,0.0,0.0,473.0545,0.0,0.0,0.0,546.6874,197.45496,0.0,0.0,40.635864,687.3867,341.79736
Dehradun,0.0,21.15172,0.0,0.0,0.0,396.8098,0.0,139.35689,162.85983,0.0,0.0,15.814262,0.0,0.0,313.06967,0.0,5.514145,26.249474,0.0,348.64377,0.0,0.0,132.12164,0.0,0.0,294.6665,0.0,78.38544,0.0,187.70422,218.40366,0.0,0.0,0.0,0.0,0.0,0.0,0.0,0.0,116.65138,0.0,0.0,0.0,0.0,113.81246,0.0,285.9087,0.0,0.0,0.0,0.0,0.0,0.0,316.47827,0.0,0.0,0.0,405.44492,126.95299,0.0,0.0,53.461212,477.64465,218.38232
Garhwal,0.0,19.599285,0.0,0.0,0.0,415.48236,0.0,119.31801,133.61409,0.0,0.0,14.52066,0.0,0.0,350.2618,0.0,0.0,34.540543,0.0,361.09918,0.0,0.0,106.6376,0.0,0.0,277.46887,0.0,82.42281,0.0,217.7791,251.1876,0.0,0.0,0.0,0.0,0.0,0.0,0.0,0.0,97.011185,0.0,0.0,0.0,0.0,102.01525,0.0,303.20087,0.0,0.0,0.0,0.0,0.0,0.0,337.06287,0.0,0.0,0.0,452.7975,98.05234,0.0,0.0,87.36278,501.1081,202.2012
Hardwar,0.0,18.502321,0.0,0.0,0.0,421.30518,0.0,109.56024,118.0968,0.0,0.0,10.688942,0.0,0.0,365.8944,0.0,0.0,38.91648,0.0,364.02048,0.0,0.0,95.22113,0.0,0.0,265.0117,0.0,81.80401,0.0,230.30536,265.53546,0.0,0.0,0.0,0.0,0.0,0.0,0.0,0.0,87.68501,0.0,0.0,0.0,0.0,92.81378,0.0,308.48767,0.0,0.0,0.0,0.0,0.0,0.0,341.83002,0.0,0.0,0.0,471.83908,87.20131,0.0,0.0,103.21002,507.51013,190.62802
Nainital,0.0,34.284843,0.0,0.0,0.0,567.0369,0.0,206.40408,248.97415,0.0,0.0,55.030388,0.0,0.0,448.29364,0.0,8.717041,56.31387,0.0,516.3413,0.0,0.0,204.22443,0.0,0.0,458.1011,0.0,125.552246,0.0,277.47858,304.1076,0.0,0.0,0.0,0.0,0.0,0.0,0.0,0.0,170.87627,0.0,0.0,0.0,0.0,182.88675,0.0,429.75146,0.0,0.0,0.0,0.0,0.0,0.0,489.2849,0.0,0.0,0.0,582.33954,181.13312,0.0,0.0,63.454376,706.4536,330.07443
Pithoragarh,0.0,14.976603,0.0,0.0,0.0,363.04773,0.0,95.18443,100.677246,0.0,0.0,1.769661,0.0,0.0,312.41757,0.0,0.0,25.287762,0.0,308.30698,0.0,0.0,78.55322,0.0,0.0,220.83856,0.0,67.84049,0.0,192.4608,228.74806,0.0,0.0,0.0,0.0,0.0,0.0,0.0,0.0,74.94206,0.0,0.0,0.0,0.0,78.53314,0.0,258.85004,0.0,0.0,0.0,0.0,0.0,0.0,284.57953,0.0,0.0,0.0,403.17145,74.916306,0.0,0.0,88.120605,429.05255,162.9098
Pithoragarh,0.0,16.553432,0.0,0.0,0.0,350.1255,0.0,111.038895,125.08095,0.0,0.0,4.036049,0.0,0.0,283.77753,0.0,0.0,18.543978,0.0,299.85495,0.0,0.0,98.72261,0.0,0.0,237.5056,0.0,65.97984,0.0,169.78125,202.88814,0.0,0.0,0.0,0.0,0.0,0.0,0.0,0.0,91.28086,0.0,0.0,0.0,0.0,89.8038,0.0,246.86034,0.0,0.0,0.0,0.0,0.0,0.0,270.6865,0.0,0.0,0.0,367.46155,97.02202,0.0,0.0,61.70575,413.5897,178.5466
Rudraprayag,0.0,16.031847,0.0,0.0,0.0,355.2862,0.0,104.711685,115.17667,0.0,0.0,2.9488983,0.0,0.0,295.2846,0.0,0.0,21.355171,0.0,303.13974,0.0,0.0,90.74437,0.0,0.0,230.91591,0.0,66.59925,0.0,179.04141,213.17209,0.0,0.0,0.0,0.0,0.0,0.0,0.0,0.0,84.91156,0.0,0.0,0.0,0.0,85.081764,0.0,251.86188,0.0,0.0,0.0,0.0,0.0,0.0,276.09015,0.0,0.0,0.0,381.72327,88.3772,0.0,0.0,72.2442,419.7288,172.14987
Tehrigarhwal,0.0,15.662439,0.0,0.0,0.0,361.39102,0.0,100.84248,109.08238,0.0,0.0,2.291977,0.0,0.0,305.678,0.0,0.0,24.204866,0.0,307.9825,0.0,0.0,86.22269,0.0,0.0,228.22017,0.0,67.52722,0.0,187.1246,221.87679,0.0,0.0,0.0,0.0,0.0,0.0,0.0,0.0,81.25156,0.0,0.0,0.0,0.0,82.228165,0.0,257.4579,0.0,0.0,0.0,0.0,0.0,0.0,282.31836,0.0,0.0,0.0,394.6656,83.53844,0.0,0.0,80.562485,427.6499,168.84325
Udhamsinghnagar,0.0,30.364548,0.0,0.0,0.0,694.53,0.0,149.21005,154.98672,0.0,0.0,53.6728,0.0,0.0,643.3257,0.0,0.0,101.26578,0.0,619.0491,0.0,0.0,128.13223,0.0,0.0,429.51492,0.0,150.41736,0.0,424.80695,467.17853,0.0,0.0,0.0,0.0,0.0,0.0,0.0,0.0,108.12518,0.0,0.0,0.0,0.0,147.72975,0.0,540.84015,0.0,0.0,0.0,0.0,0.0,0.0,619.12683,0.0,0.0,0.0,828.36847,91.29062,0.0,0.0,203.98938,867.46747,289.5006
Uttarkashi,0.0,16.323551,0.0,0.0,0.0,353.96503,0.0,106.57594,118.8188,0.0,0.0,1.6686325,0.0,0.0,291.276,0.0,0.0,20.437098,0.0,301.67026,0.0,0.0,94.23906,0.0,0.0,233.2223,0.0,65.84301,0.0,175.92474,209.09232,0.0,0.0,0.0,0.0,0.0,0.0,0.0,0.0,88.025665,0.0,0.0,0.0,0.0,85.99832,0.0,249.79788,0.0,0.0,0.0,0.0,0.0,0.0,273.24655,0.0,0.0,0.0,377.32687,93.13431,0.0,0.0,69.54913,418.16992,174.73193
Uttarkashi,0.0,16.41769,0.0,0.0,0.0,348.5084,0.0,111.47653,125.58171,0.0,0.0,5.0317535,0.0,0.0,281.75934,0.0,0.0,17.733532,0.0,298.68396,0.0,0.0,98.38823,0.0,0.0,237.44666,0.0,66.203575,0.0,168.19955,201.60909,0.0,0.0,0.0,0.0,0.0,0.0,0.0,0.0,91.03774,0.0,0.0,0.0,0.0,90.76058,0.0,245.73488,0.0,0.0,0.0,0.0,0.0,0.0,269.85986,0.0,0.0,0.0,364.73508,96.15802,0.0,0.0,59.973328,411.43323,178.80804
Alipurduar,0.0,28.082537,0.0,0.0,0.0,482.91324,0.0,182.98178,218.6101,0.0,0.0,31.565636,0.0,0.0,373.50333,0.0,19.243164,38.915653,0.0,433.79932,0.0,0.0,181.19238,0.0,0.0,383.6398,0.0,98.925446,0.0,224.68062,254.81917,0.0,0.0,0.0,0.0,0.0,0.0,0.0,0.0,153.63416,0.0,0.0,0.0,0.0,150.66489,0.0,355.20694,0.0,0.0,0.0,0.0,0.0,0.0,396.93497,0.0,0.0,0.0,484.42014,171.36801,0.0,0.0,48.801865,591.2479,280.96082
Bankura,0.0,27.321459,0.0,0.0,0.0,492.70782,0.0,166.40865,195.62112,0.0,0.0,26.804031,0.0,0.0,398.26733,0.0,0.0,46.55919,0.0,439.25272,0.0,0.0,164.12538,0.0,0.0,367.83612,0.0,99.471634,0.0,245.32375,275.6914,0.0,0.0,0.0,0.0,0.0,0.0,0.0,0.0,140.08965,0.0,0.0,0.0,0.0,137.80502,0.0,364.30832,0.0,0.0,0.0,0.0,0.0,0.0,407.10138,0.0,0.0,0.0,516.03143,154.15955,0.0,0.0,74.82637,604.4559,265.83167
Barddhaman,0.0,21.609379,0.0,0.0,0.0,445.11072,0.0,130.99297,147.47586,0.0,0.0,11.955307,0.0,0.0,374.54498,0.0,0.0,41.41601,0.0,388.6075,0.0,0.0,123.48215,0.0,0.0,300.6308,0.0,85.65037,0.0,232.56474,265.9318,0.0,0.0,0.0,0.0,0.0,0.0,0.0,0.0,109.1057,0.0,0.0,0.0,0.0,106.66214,0.0,325.0518,0.0,0.0,0.0,0.0,0.0,0.0,360.09906,0.0,0.0,0.0,484.28534,117.91496,0.0,0.0,92.1682,539.2946,217.09442
Birbhum,0.0,23.375486,0.0,0.0,0.0,410.6364,0.0,152.96143,182.34279,0.0,0.0,15.586205,0.0,0.0,316.7277,0.0,18.725006,28.111153,0.0,362.99683,0.0,0.0,151.32019,0.0,0.0,316.96423,0.0,79.98112,0.0,188.1507,217.07515,0.0,0.0,0.0,0.0,0.0,0.0,0.0,0.0,131.27914,0.0,0.0,0.0,0.0,121.769585,0.0,295.0639,0.0,0.0,0.0,0.0,0.0,0.0,326.12234,0.0,0.0,0.0,411.3125,148.57109,0.0,0.0,45.888763,496.59875,235.02759
Dakshindinajpur,0.0,22.883734,0.0,0.0,0.0,470.3668,0.0,137.05028,154.33063,0.0,0.0,18.195328,0.0,0.0,397.41675,0.0,0.0,45.355175,0.0,412.1429,0.0,0.0,127.459274,0.0,0.0,319.35596,0.0,93.10712,0.0,248.69148,282.69623,0.0,0.0,0.0,0.0,0.0,0.0,0.0,0.0,112.38063,0.0,0.0,0.0,0.0,115.42299,0.0,346.78284,0.0,0.0,0.0,0.0,0.0,0.0,386.11334,0.0,0.0,0.0,514.0115,118.09575,0.0,0.0,97.61438,572.17163,229.87968
Darjiling,0.0,22.620422,0.0,0.0,0.0,439.08838,0.0,144.50203,166.9622,0.0,0.0,18.105667,0.0,0.0,356.32144,0.0,0.0,36.258854,0.0,386.42422,0.0,0.0,137.12,0.0,0.0,316.22266,0.0,86.86066,0.0,218.05609,250.44017,0.0,0.0,0.0,0.0,0.0,0.0,0.0,0.0,119.9435,0.0,0.0,0.0,0.0,118.900696,0.0,320.24707,0.0,0.0,0.0,0.0,0.0,0.0,355.76895,0.0,0.0,0.0,461.18423,130.28398,0.0,0.0,71.22276,532.18097,231.1294
Haora,0.0,22.110722,0.0,0.0,0.0,456.72144,0.0,130.55457,146.39563,0.0,0.0,12.929649,0.0,0.0,387.82275,0.0,0.0,44.892254,0.0,398.93524,0.0,0.0,123.00516,0.0,0.0,304.90656,0.0,88.05268,0.0,242.62625,276.133,0.0,0.0,0.0,0.0,0.0,0.0,0.0,0.0,108.479034,0.0,0.0,0.0,0.0,106.97916,0.0,335.10724,0.0,0.0,0.0,0.0,0.0,0.0,371.55646,0.0,0.0,0.0,501.42627,116.45285,0.0,0.0,98.97063,554.6506,218.90112
Hugli,0.0,22.113914,0.0,0.0,0.0,451.1521,0.0,132.84372,149.89273,0.0,0.0,13.274544,0.0,0.0,379.76953,0.0,0.0,42.901306,0.0,394.56723,0.0,0.0,125.65173,0.0,0.0,305.62408,0.0,87.12169,0.0,236.37343,269.5838,0.0,0.0,0.0,0.0,0.0,0.0,0.0,0.0,110.58913,0.0,0.0,0.0,0.0,108.476715,0.0,330.33215,0.0,0.0,0.0,0.0,0.0,0.0,366.22876,0.0,0.0,0.0,491.0744,119.45395,0.0,0.0,93.10199,547.5044,220.22049
Jalpaiguri,0.0,21.173492,0.0,0.0,0.0,462.99396,0.0,121.81555,133.30695,0.0,0.0,11.753723,0.0,0.0,401.0336,0.0,0.0,46.269226,0.0,401.20496,0.0,0.0,110.37839,0.0,0.0,296.48798,0.0,89.687935,0.0,253.63794,288.2943,0.0,0.0,0.0,0.0,0.0,0.0,0.0,0.0,99.69681,0.0,0.0,0.0,0.0,102.74367,0.0,340.62396,0.0,0.0,0.0,0.0,0.0,0.0,377.50662,0.0,0.0,0.0,518.5021,102.52083,0.0,0.0,112.39526,561.17584,212.397
Kochbihar,0.0,28.198687,0.0,0.0,0.0,507.05737,0.0,175.63379,206.5769,0.0,0.0,31.289154,0.0,0.0,406.95282,0.0,0.0,46.813923,0.0,453.67206,0.0,0.0,172.1353,0.0,0.0,383.7455,0.0,103.5268,0.0,249.81618,281.56442,0.0,0.0,0.0,0.0,0.0,0.0,0.0,0.0,146.24667,0.0,0.0,0.0,0.0,146.31479,0.0,375.83032,0.0,0.0,0.0,0.0,0.0,0.0,420.65405,0.0,0.0,0.0,527.08295,160.32558,0.0,0.0,71.23013,622.3167,277.78204
Kolkata,0.0,22.726088,0.0,0.0,0.0,449.2715,0.0,137.12845,156.63126,0.0,0.0,13.978508,0.0,0.0,373.74567,0.0,0.0,41.665504,0.0,393.7571,0.0,0.0,131.37933,0.0,0.0,310.9572,0.0,86.89789,0.0,231.63063,263.85342,0.0,0.0,0.0,0.0,0.0,0.0,0.0,0.0,115.17691,0.0,0.0,0.0,0.0,111.55261,0.0,328.48193,0.0,0.0,0.0,0.0,0.0,0.0,364.0161,0.0,0.0,0.0,483.69266,125.615906,0.0,0.0,86.8121,545.6054,224.84712
Maldah,0.0,26.395393,0.0,0.0,0.0,481.55206,0.0,163.93767,191.99658,0.0,0.0,27.297714,0.0,0.0,387.83246,0.0,0.0,42.490993,0.0,428.5504,0.0,0.0,158.74388,0.0,0.0,359.59232,0.0,97.90092,0.0,237.84576,269.4488,0.0,0.0,0.0,0.0,0.0,0.0,0.0,0.0,136.44995,0.0,0.0,0.0,0.0,137.04762,0.0,355.37494,0.0,0.0,0.0,0.0,0.0,0.0,397.1189,0.0,0.0,0.0,502.2768,148.14236,0.0,0.0,70.80531,588.8366,261.24182
Murshidabad,0.0,18.85728,0.0,0.0,0.0,400.48975,0.0,117.490326,130.81038,0.0,0.0,5.7569275,0.0,0.0,335.30917,0.0,0.0,31.427912,0.0,345.5873,0.0,0.0,107.33963,0.0,0.0,264.63724,0.0,75.1765,0.0,206.0242,239.9344,0.0,0.0,0.0,0.0,0.0,0.0,0.0,0.0,97.45805,0.0,0.0,0.0,0.0,94.49577,0.0,288.1993,0.0,0.0,0.0,0.0,0.0,0.0,316.79034,0.0,0.0,0.0,433.51608,104.39604,0.0,0.0,83.18678,479.4458,193.77086
Nadia,0.0,18.465916,0.0,0.0,0.0,409.05554,0.0,107.346436,116.66348,0.0,0.0,2.6471252,0.0,0.0,352.69818,0.0,0.0,35.916832,0.0,350.50708,0.0,0.0,96.37767,0.0,0.0,255.11224,0.0,75.71775,0.0,220.32559,254.95828,0.0,0.0,0.0,0.0,0.0,0.0,0.0,0.0,88.905365,0.0,0.0,0.0,0.0,86.79571,0.0,295.399,0.0,0.0,0.0,0.0,0.0,0.0,324.35547,0.0,0.0,0.0,456.05536,93.32916,0.0,0.0,100.302536,490.19513,185.00116
North24Parganas,0.0,22.960526,0.0,0.0,0.0,444.9927,0.0,141.34006,162.7724,0.0,0.0,15.058975,0.0,0.0,365.57565,0.0,0.0,39.626877,0.0,391.02142,0.0,0.0,136.21362,0.0,0.0,314.75714,0.0,86.45152,0.0,225.0284,256.80057,0.0,0.0,0.0,0.0,0.0,0.0,0.0,0.0,118.95955,0.0,0.0,0.0,0.0,114.65531,0.0,324.75958,0.0,0.0,0.0,0.0,0.0,0.0,360.01913,0.0,0.0,0.0,473.22452,130.64977,0.0,0.0,79.30611,540.29596,228.50323
Pashchimmedinipur,0.0,27.713488,0.0,0.0,0.0,503.2861,0.0,167.3275,196.18668,0.0,0.0,28.969917,0.0,0.0,409.52954,0.0,0.0,49.330597,0.0,449.22162,0.0,0.0,164.60767,0.0,0.0,374.02255,0.0,102.41572,0.0,253.62,283.92664,0.0,0.0,0.0,0.0,0.0,0.0,0.0,0.0,140.28711,0.0,0.0,0.0,0.0,139.85098,0.0,373.84265,0.0,0.0,0.0,0.0,0.0,0.0,418.4481,0.0,0.0,0.0,530.3842,153.17746,0.0,0.0,79.37399,618.69214,269.2616
Purbamedinipur,0.0,26.879112,0.0,0.0,0.0,501.21625,0.0,160.20366,185.98007,0.0,0.0,26.155792,0.0,0.0,413.17514,0.0,0.0,50.281044,0.0,445.5639,0.0,0.0,156.38164,0.0,0.0,363.00043,0.0,100.92356,0.0,257.16705,288.45212,0.0,0.0,0.0,0.0,0.0,0.0,0.0,0.0,133.80844,0.0,0.0,0.0,0.0,133.58331,0.0,372.06732,0.0,0.0,0.0,0.0,0.0,0.0,415.8693,0.0,0.0,0.0,534.9101,145.42198,0.0,0.0,87.04796,615.1209,260.5459
Puruliya,0.0,25.033972,0.0,0.0,0.0,488.5705,0.0,147.73203,168.29541,0.0,0.0,22.719719,0.0,0.0,409.52554,0.0,0.0,48.51156,0.0,431.46368,0.0,0.0,140.51398,0.0,0.0,340.89062,0.0,97.51268,0.0,255.85904,289.01288,0.0,0.0,0.0,0.0,0.0,0.0,0.0,0.0,121.70824,0.0,0.0,0.0,0.0,124.00633,0.0,362.10303,0.0,0.0,0.0,0.0,0.0,0.0,404.0556,0.0,0.0,0.0,529.56445,129.6383,0.0,0.0,94.831116,596.9947,244.30061
South24Parganas,0.0,22.980068,0.0,0.0,0.0,450.5158,0.0,139.01527,159.28244,0.0,0.0,14.637245,0.0,0.0,373.56085,0.0,0.0,41.608345,0.0,395.30875,0.0,0.0,133.59512,0.0,0.0,314.00903,0.0,87.34304,0.0,231.24812,263.27625,0.0,0.0,0.0,0.0,0.0,0.0,0.0,0.0,116.88722,0.0,0.0,0.0,0.0,113.11081,0.0,329.46637,0.0,0.0,0.0,0.0,0.0,0.0,365.2392,0.0,0.0,0.0,483.52075,127.72371,0.0,0.0,85.19092,547.3966,227.18265
Uttardinajpur,0.0,22.784313,0.0,0.0,0.0,480.89984,0.0,130.80486,145.5951,0.0,0.0,17.10852,0.0,0.0,413.73428,0.0,0.0,49.39753,0.0,419.82928,0.0,0.0,120.39868,0.0,0.0,315.90408,0.0,94.87424,0.0,261.75223,296.32385,0.0,0.0,0.0,0.0,0.0,0.0,0.0,0.0,106.85484,0.0,0.0,0.0,0.0,111.50906,0.0,355.60608,0.0,0.0,0.0,0.0,0.0,0.0,396.15533,0.0,0.0,0.0,535.1858,110.33232,0.0,0.0,110.91469,585.78577,225.9814
