District,Age,Obese(%),Cholesterol(%),PM2.5,NO2,SO2,Population_Density,Sleep_Hours,NDVI
Nicobarislands,48.36358873165277,17.219431431897313,23.81258547551581,48.05328475210434,19.015224424452033,9.905972083984867,940.8527739534734,7.835804588580955,0.5302467668848928
Northandmiddleandaman,48.444724779649135,17.579967584663187,24.09084091736314,44.409491911991495,17.44289352010432,9.066551350004852,801.9442186352803,7.839339286964886,0.5920489505852875
Southandaman,48.84079608468681,17.33086557428633,23.99099586344108,48.62209170996989,19.150222514215823,10.136634790944997,940.4233479163481,7.860955738830854,0.5204882781122362
Anantapur,49.63265306122449,16.79795918367347,22.855102040816327,48.861224489795916,19.26734693877551,10.381632653061224,788.3265306122449,7.887755102040816,0.5174489795918368
Chittoor,49.755102040816325,18.838775510204083,24.526530612244898,70.16530612244898,27.016326530612243,15.995918367346938,1528.6734693877552,7.8612244897959185,0.15236734693877552
Eastgodavari,47.87313186705423,17.525264814970264,24.361815068001352,51.748395396133596,20.760429149553456,11.08484669813511,998.9736313187857,7.817400811643587,0.4745206727679446
Guntur,46.42857142857143,15.957142857142857,22.610204081632656,55.57551020408163,22.857142857142858,12.03265306122449,812.3877551020408,7.86734693877551,0.41918367346938773
Krishna,46.32,17.77,24.03,44.81399999999999,18.016,9.464,799.58,7.85,0.59402
Kurnool,47.72,16.43,23.081999999999997,42.066,16.374000000000002,8.454,802.9,7.79,0.61564
Nellore,44.38,16.236,22.261999999999997,36.705999999999996,14.744000000000002,6.877999999999999,778.24,7.8,0.73072
Prakasam,48.58,17.594,23.96,53.163999999999994,21.064,11.092,806.24,7.774,0.46631999999999996
Srikakulam,50.30612244897959,17.783673469387754,25.114285714285714,36.104081632653056,14.338775510204082,6.593877551020409,820.5714285714286,7.779591836734694,0.7501224489795918
Visakhapatnam,49.38775510204081,17.312244897959182,24.248979591836736,66.36530612244898,26.26938775510204,14.575510204081633,1514.4489795918366,7.853061224489796,0.21646938775510202
Vizianagaram,47.91836734693877,17.238775510204082,23.377551020408163,48.046938775510206,19.142857142857142,10.455102040816326,801.7551020408164,7.90204081632653,0.5134693877551021
Westgodavari,47.18723408331221,17.350001495536755,24.114881003374425,50.35898606296587,20.352397093966065,10.735365775419941,910.5816976467638,7.819773339343527,0.5037985473830566
Y.S.R.,47.86134397902429,17.18125628355409,23.302044009083595,50.14017522875824,19.673232512802144,10.550940349831652,955.7619997135104,7.824581668151185,0.49736345738026627
Anjaw,45.51020408163265,16.022448979591836,23.526530612244898,68.0530612244898,25.857142857142858,15.50204081632653,1491.6326530612246,7.895918367346939,0.1696734693877551
Anjaw,45.51020408163265,16.022448979591836,23.526530612244898,68.0530612244898,25.857142857142858,15.50204081632653,1491.6326530612246,7.895918367346939,0.1696734693877551
Changlang,47.36734693877551,18.351020408163265,24.467346938775513,41.891836734693875,15.859183673469389,7.991836734693878,789.1632653061224,7.906122448979591,0.6458775510204081
Dibangvalley,46.084851248295394,16.971470862317254,23.32683031249031,65.57605108446896,26.466009759476524,14.324397505094085,1357.6560945925903,7.812024524883797,0.24166274125961967
Eastkameng,49.409906765595494,17.978341459952418,25.129644980450323,63.760572013912224,25.00564584958139,14.135526069343488,1388.525958978845,7.785169586175065,0.26304299112614027
Eastsiang,48.53525621628594,17.672390684037246,25.056317363246265,51.91375176603616,21.423222959919773,10.569102676212903,1031.1306609034823,7.803041860983512,0.47913491087701027
Eastsiang,48.83449147824773,17.817019487981483,25.232146245635168,53.22801552551189,22.017666791719883,10.937599243687655,1071.7384088961066,7.802096132046473,0.4559755170897407
Kurungkumey,49.43422777423953,17.9798813476702,25.266703135602647,58.172164543737665,23.1295964537675,12.676113933167349,1221.5038503149794,7.776886160653033,0.358543114882511
Lohit,45.32,17.456,22.581999999999997,73.074,30.56,15.968,1455.56,7.787999999999999,0.12964
Lohit,45.32,17.456,22.581999999999997,73.074,30.56,15.968,1455.56,7.787999999999999,0.12964
Longding,50.88,17.982,25.914,59.058,23.766,13.17,1449.08,7.812,0.3222
Lowerdibangvalley,46.55203711931748,17.109612365741125,23.60999697060426,59.566237726728446,24.402289267247088,12.596614846741057,1182.4306066079612,7.803021126095573,0.3504845382631695
Lowerdibangvalley,46.280682947169616,17.11088149893222,23.428464434478737,62.31417513929108,25.533207207457714,13.321837566404147,1244.233530800766,7.8057269902684,0.30337980132295
Lowersubansiri,48.66623865159356,17.856435010600183,25.028754887270097,52.25311892883662,21.346644252188135,11.007987622369441,1054.0613142125612,7.789640093085516,0.4623645157051156
Namsai,49.52,17.628,25.034000000000002,38.71,16.028,7.066,787.6,7.7,0.71852
Papumpare,49.01226500522582,17.86622574683293,24.99364378712118,52.43513386951125,21.05763700600713,11.311049532720846,1036.5936623072068,7.784105613875507,0.4553256269306398
Tawang,51.26,17.4,25.074,65.53,25.498,14.542,1495.82,7.758000000000001,0.22678
Tirap,50.16,17.848,24.514,61.756,24.761999999999997,13.174000000000001,1544.66,7.782,0.31968
Uppersiang,48.605402184892625,17.786285192533054,25.052653553007094,53.99348899296023,22.34894788715622,11.120327949541588,1085.3086891636576,7.798895727969897,0.4441297436201191
Uppersubansiri,49.02796050864048,17.96168681057357,25.22645737301192,53.096620880532214,21.75471777049901,11.149669384131224,1089.5146904130113,7.796469979635717,0.4495334380123071
Westkameng,49.224924741601654,17.600477129609,24.600227219522665,61.55418321126297,24.144738577964397,13.390277504741123,1305.1382126492422,7.798915301034869,0.3032380324024438
Westsiang,48.830882565980595,17.692895801732927,25.34979885670509,54.93442006669461,22.621893097265527,11.5825958050695,1110.050505602124,7.813911306611355,0.4181188421456033
Baksa,47.36734693877551,17.17142857142857,22.563265306122446,55.69795918367347,23.212244897959184,12.118367346938774,775.6122448979592,7.818367346938776,0.39818367346938777
Barpeta,45.87755102040816,16.381632653061224,22.528571428571432,59.493877551020404,24.312244897959182,12.902040816326531,1475.0,7.908163265306122,0.3478775510204081
Bongaigaon,50.183673469387756,17.76734693877551,25.80816326530612,62.179591836734694,24.297959183673466,14.126530612244899,1512.1224489795918,7.691836734693877,0.2856734693877551
Cachar,49.51020408163265,16.759183673469387,24.377551020408163,46.25714285714285,18.146938775510204,9.093877551020409,797.9795918367347,7.816326530612245,0.5763673469387754
Chirang,50.83673469387755,18.16938775510204,26.075510204081635,48.36734693877551,20.408163265306122,10.516326530612243,794.9387755102041,7.726530612244899,0.5123877551020408
Darrang,45.326530612244895,17.09591836734694,22.587755102040816,54.90816326530612,22.05918367346939,11.36734693877551,794.6326530612245,7.869387755102041,0.4422448979591837
Dhemaji,51.183673469387756,18.475510204081633,26.406122448979595,69.11224489795919,29.140816326530615,15.56734693877551,1494.5102040816328,7.824489795918367,0.17181632653061227
Dhubri,48.204081632653065,18.402040816326533,24.508163265306123,63.31836734693877,24.95714285714286,13.928571428571429,1495.9795918367347,7.781632653061225,0.26102040816326527
Dibrugarh,50.38775510204081,18.908163265306122,26.93469387755102,36.94897959183673,14.844897959183672,6.26530612244898,765.3877551020408,7.777551020408164,0.7378367346938774
Dimahasao,47.04865838186192,16.992516838759084,23.276519466949047,52.025070028812735,21.152725244701024,10.696883037640934,1026.644397617648,7.8340306281656,0.47662254083219985
Goalpara,52.02040816326531,18.442857142857143,24.281632653061223,71.68571428571428,28.763265306122452,15.869387755102041,1484.4897959183672,7.73469387755102,0.11748979591836736
Golaghat,51.0,17.177551020408163,24.502040816326527,44.08571428571428,18.479591836734695,9.49795918367347,792.0612244897959,7.826530612244898,0.5895714285714285
Hailakandi,48.244897959183675,17.895918367346937,24.589795918367347,43.583673469387755,18.577551020408162,8.434693877551021,769.5714285714286,7.744897959183674,0.6216122448979592
Jorhat,48.95918367346939,18.444897959183674,24.281632653061223,39.25714285714285,15.29795918367347,7.379591836734694,800.4081632653061,7.816326530612245,0.6885102040816327
Kamrup,46.850024769559504,17.418143951028174,23.152379010929575,60.737729980320005,24.681146341277874,13.076809448200631,1277.4626953328002,7.85682965310334,0.32525613822270155
Kamrupmetropolitan,46.7632159941905,17.228185369532056,23.122729081266176,54.16793716905177,21.851834866926286,11.40143066360595,1035.528470019953,7.841236910367267,0.43408334965675494
Karbianglong,48.67549904225522,17.793223587816367,24.155886493417157,56.2332946340801,22.515878318673522,12.141707295663435,1184.0038718166734,7.832513272580182,0.3950999200632079
Karimganj,45.857142857142854,17.357142857142858,22.418367346938776,45.67551020408163,18.889795918367348,8.887755102040817,780.6530612244898,7.873469387755102,0.5781632653061224
Kokrajhar,51.38775510204081,16.718367346938777,25.908163265306122,40.244897959183675,15.808163265306122,7.53265306122449,797.9591836734694,7.779591836734694,0.6559591836734695
Lakhimpur,46.1,17.08,24.041999999999998,47.97,19.324,10.57,817.88,7.724,0.5219400000000001
Morigaon,46.64,16.686,22.854,38.698,15.554,7.4239999999999995,804.02,7.806,0.6847799999999999
Nagaon,48.82,18.298,23.92,63.416000000000004,25.518,14.094000000000001,1473.0,7.858,0.27068000000000003
Nalbari,45.92,17.93,23.64,62.338,25.212,13.334000000000001,1526.64,7.8839999999999995,0.30376000000000003
Sivasagar,48.326530612244895,16.857142857142858,24.114285714285714,68.03469387755102,28.210204081632654,14.593877551020409,1502.3265306122448,7.853061224489796,0.20416326530612244
Sonitpur,50.204081632653065,18.726530612244897,26.644897959183673,68.56938775510204,26.226530612244897,15.079591836734693,1517.938775510204,7.777551020408164,0.19348979591836735
Tinsukia,46.54,16.434,24.311999999999998,48.096000000000004,19.408,9.606,831.6,7.896,0.53368
Udalguri,50.06,17.682000000000002,24.45,69.446,27.61,15.665999999999999,1545.58,7.822,0.1562
Araria,50.44897959183673,16.975510204081633,24.53673469387755,46.042857142857144,18.053061224489795,8.375510204081632,824.204081632653,7.804081632653061,0.5925102040816326
Arwal,46.0,16.481632653061226,22.359183673469385,69.7673469387755,27.96326530612245,15.544897959183674,1481.857142857143,7.814285714285714,0.18061224489795918
Aurangabad,53.7979797979798,30.82626262626263,37.144444444444446,68.91313131313132,27.16262626262626,15.080808080808081,2621.787878787879,7.0323232323232325,0.19984848484848486
Banka,49.61224489795919,16.791836734693877,24.120408163265306,38.46122448979592,15.06326530612245,7.7326530612244895,800.2857142857143,7.714285714285714,0.6926530612244898
Begusarai,45.326530612244895,17.302040816326528,23.544897959183675,55.165306122448975,22.281632653061223,12.26530612244898,813.8979591836735,7.885714285714285,0.412734693877551
Bhagalpur,50.795918367346935,18.64081632653061,25.020408163265305,51.744897959183675,20.29795918367347,11.028571428571428,802.4285714285714,7.855102040816326,0.4681224489795918
Bhojpur,51.57142857142857,18.722448979591835,25.971428571428568,39.97142857142857,16.514285714285716,7.489795918367347,798.8775510204082,7.8591836734693885,0.6876122448979591
Buxar,47.204081632653065,16.520408163265305,22.46326530612245,47.493877551020404,18.622448979591837,10.812244897959182,791.5714285714286,7.840816326530612,0.5038775510204082
Darbhanga,48.02040816326531,16.655102040816328,23.187755102040818,40.59591836734694,16.351020408163265,7.851020408163265,795.1632653061224,7.777551020408164,0.6650204081632652
Gaya,45.36734693877551,17.224489795918366,23.844897959183676,71.7265306122449,27.859183673469385,15.906122448979591,1199.5714285714287,7.836734693877551,0.13640816326530614
Gopalganj,45.244897959183675,16.871428571428574,23.655102040816324,47.765306122448976,18.985714285714284,9.320408163265306,829.8979591836735,7.789795918367346,0.5611224489795918
Jamui,54.59183673469388,20.318367346938775,28.271428571428572,60.891836734693875,24.53469387755102,12.540816326530612,1495.265306122449,7.763265306122449,0.33195918367346944
Jehanabad,51.285714285714285,19.428571428571427,26.044897959183675,59.94081632653061,24.351020408163265,12.591836734693878,1500.4489795918366,7.779591836734694,0.33895918367346944
Kaimur,44.204081632653065,16.102040816326532,21.83877551020408,62.648979591836735,25.3,13.357142857142858,1532.857142857143,7.848979591836735,0.292265306122449
Katihar,48.04081632653061,17.832653061224487,24.724489795918366,64.63265306122449,25.897959183673468,13.96938775510204,1502.061224489796,7.822448979591837,0.2759795918367347
Khagaria,51.02040816326531,18.06326530612245,25.089795918367347,43.244897959183675,17.075510204081635,8.906122448979591,802.204081632653,7.791836734693878,0.6203673469387755
Kishanganj,48.93877551020408,18.481632653061226,24.797959183673466,37.320408163265306,15.916326530612244,7.495918367346939,814.0,7.718367346938775,0.7075714285714285
Lakhisarai,51.74,18.076,25.8,65.51,25.494,14.58,1474.9,7.763999999999999,0.23484
Madhepura,52.68,18.94,27.226,60.646,23.854,13.456,1476.24,7.797999999999999,0.31366
Madhubani,48.74,17.546,23.715999999999998,53.20399999999999,21.426,11.414000000000001,816.14,7.766,0.46198
Munger,47.82,17.296000000000003,24.105999999999998,50.308,19.962,10.472000000000001,780.18,7.7860000000000005,0.51086
Muzaffarpur,48.9,18.254,24.91,66.226,26.394000000000002,14.842,1485.04,7.812,0.21600000000000003
Nalanda,46.7,16.652,23.16,63.972,26.38,13.972000000000001,1528.0,7.79,0.27344
Nawada,49.46,17.11,23.954,58.092,23.014,12.31,1470.12,7.843999999999999,0.37964
Pashchimchamparan,47.47317865280518,17.1484695283142,23.910157153082533,44.99410048731037,18.19235179998293,9.127953285080372,802.6720066685135,7.791163496992218,0.5917161920467738
Patna,52.44,18.21,25.276,55.166000000000004,22.868000000000002,11.838,1503.52,7.796,0.43496
Purbachamparan,47.478264643098655,17.095690501665707,24.022352774534333,47.42311705094753,19.300416693975265,9.778312811556667,922.3043890286182,7.806692352717668,0.543216010641178
Purnia,46.7,19.36,26.19,68.188,28.058000000000003,14.212,1516.3,7.742000000000001,0.22664
Rohtas,46.816326530612244,17.010204081632654,23.202040816326534,48.481632653061226,18.53673469387755,9.779591836734694,787.9591836734694,7.889795918367348,0.5346734693877552
Saharsa,44.714285714285715,18.136734693877553,24.702040816326534,48.3530612244898,19.648979591836735,9.814285714285713,797.4897959183673,7.818367346938776,0.5534081632653062
Samastipur,52.734693877551024,18.49795918367347,26.038775510204083,54.59183673469388,21.96938775510204,12.038775510204081,788.1020408163265,7.822448979591837,0.46869387755102043
Saran,50.285714285714285,18.455102040816325,24.973469387755102,49.61836734693878,19.393877551020406,10.56326530612245,792.4285714285714,7.706122448979592,0.5381632653061225
Sheikhpura,46.244897959183675,16.630612244897957,25.287755102040816,68.81836734693877,28.053061224489795,14.608163265306121,1516.9591836734694,7.838775510204082,0.2109387755102041
Sheohar,46.714285714285715,16.35918367346939,23.928571428571427,35.93265306122449,15.412244897959184,6.791836734693878,785.2448979591836,7.83469387755102,0.737938775510204
Sitamarhi,49.44897959183673,17.181632653061225,24.702040816326534,52.66122448979592,21.091836734693878,11.03061224489796,793.4897959183673,7.724489795918367,0.45963265306122447
Siwan,47.755102040816325,17.242857142857144,22.871428571428574,39.51632653061225,16.332653061224487,8.346938775510203,793.0204081632653,7.869387755102041,0.6506734693877552
Supaul,48.326530612244895,16.051020408163264,22.99591836734694,51.522448979591836,20.375510204081632,11.028571428571428,810.265306122449,7.73469387755102,0.4769387755102041
Vaishali,47.38775510204081,16.720408163265304,23.238775510204082,47.446938775510205,19.104081632653063,9.644897959183673,801.2857142857143,7.879591836734694,0.5712857142857143
Chandigarh,49.49970794183168,17.285996893830852,24.233767830478424,52.11613289966722,21.521493211372853,11.101779505022126,1032.689452958194,7.812256984679034,0.4785277072699613
Balod,44.57142857142857,15.630612244897959,21.348979591836734,51.78775510204081,20.76530612244898,10.438775510204081,819.5102040816327,7.863265306122449,0.4749183673469388
Balodabazar,48.3221878262916,17.820780121619148,25.092253477673285,47.79265118947584,19.055913997446016,9.606713269900347,608.7490002604995,7.794261833415449,0.5484669005740126
Balrampur,43.51020408163265,16.314285714285713,21.632653061224488,32.957142857142856,13.185714285714287,6.236734693877551,831.0,7.953061224489796,0.782795918367347
Bastar,50.36734693877551,18.508163265306123,25.679591836734694,72.73673469387755,28.324489795918367,16.66938775510204,1489.5510204081634,7.716326530612245,0.1310408163265306
Bemetara,49.734693877551024,17.340816326530614,25.989795918367346,56.30816326530612,22.953061224489797,12.13265306122449,783.1836734693877,7.761224489795919,0.40824489795918373
Bijapur,48.41414141414141,18.215151515151515,25.268686868686867,35.00303030303031,13.92020202020202,6.86969696969697,776.1212121212121,7.793939393939394,0.7421919191919192
Bilaspur,48.22222222222222,17.29090909090909,24.016161616161614,55.025252525252526,21.62929292929293,12.170707070707072,281.3333333333333,7.79090909090909,0.4013333333333333
Dantewada,47.83673469387755,16.871428571428574,24.989795918367346,48.27142857142857,19.661224489795917,10.177551020408163,781.3061224489796,7.724489795918367,0.5428775510204081
Dhamtari,51.16326530612245,17.685714285714287,25.251020408163264,61.82244897959184,23.920408163265304,14.097959183673469,1492.5510204081634,7.90204081632653,0.28475510204081633
Durg,54.53061224489796,19.057142857142857,27.49591836734694,41.391836734693875,15.857142857142858,8.910204081632653,499.8979591836735,7.63265306122449,0.6375510204081634
Gariaband,49.775510204081634,18.428571428571427,24.906122448979595,53.72244897959184,21.687755102040818,10.93265306122449,805.1020408163265,7.783673469387755,0.4757142857142857
Janjgir-Champa,49.299050393976394,17.399832240221446,24.618787926663433,46.80210813572428,18.586716355867257,9.612394180757892,702.1949654603707,7.779651629697483,0.5546542302444863
Jashpur,46.734693877551024,16.887755102040817,23.132653061224488,70.8204081632653,30.781632653061223,15.977551020408162,1467.9591836734694,7.920408163265306,0.1673061224489796
Kabeerdham,50.76958521168458,18.059793936396915,26.050626249905715,55.57596299314836,22.247264516007252,11.851353930568663,932.3970264049251,7.779173070084204,0.4118423353701872
Kondagaon,48.42857142857143,17.642857142857142,24.002040816326527,42.416326530612245,15.846938775510203,8.534693877551021,806.9183673469388,7.763265306122449,0.6281428571428571
Korba,47.83673469387755,15.538775510204081,22.98775510204082,37.261224489795914,15.555102040816328,7.26530612244898,776.795918367347,7.771428571428571,0.7047346938775509
Koriya,50.714285714285715,18.918367346938776,26.051020408163264,42.604081632653056,17.824489795918367,8.583673469387756,787.9387755102041,7.8061224489795915,0.6451632653061224
Mahasamund,51.96,19.352,27.191999999999997,44.236000000000004,17.706,8.404,799.48,7.742000000000001,0.61458
Mungeli,51.06,18.366,26.278000000000002,39.906,15.898,7.67,792.62,7.818,0.6761400000000001
Narayanpur,47.08,15.992,23.092,48.98,18.874000000000002,10.138,802.34,7.832000000000001,0.52164
Raigarh,48.36,17.112000000000002,23.618000000000002,55.263999999999996,21.3,11.89,808.92,7.7860000000000005,0.4164
Raipur,41.06,16.282,21.764,46.244,18.192,8.792,337.72,7.87,0.58446
Rajnandgaon,49.24,17.764,24.156,59.582,23.418000000000003,12.776,1481.74,7.9,0.34962000000000004
Sukma,47.36734693877551,18.23061224489796,25.04285714285714,44.3,18.077551020408162,9.155102040816328,806.5918367346939,7.748979591836735,0.621734693877551
Surajpur,49.22,18.496,25.874000000000002,37.782,13.91,7.626,796.64,7.744,0.69152
Surguja,49.26,17.718,24.566,66.646,26.378,14.806,1452.54,7.906000000000001,0.20904
Uttarbastarkanker,47.772545222887494,16.793099112607983,23.388254077903387,52.00546539882336,20.211600509065963,10.934640464265309,1022.7753716803751,7.846878807894224,0.4673027191164986
Dadraandnagarhaveli,47.758136636016204,19.393654133174802,25.594560774630658,43.79502743592829,17.273236055437735,9.163697165299462,1496.3558289282857,7.615503844683386,0.5884327346168666
Daman,48.42932828471379,18.5127229092684,25.1368690646631,49.179174226685234,19.625618958336364,10.516602435783051,1818.4031426197591,7.69731761011426,0.4983159105548654
Diu,47.564007550429324,19.159614409432187,25.200361614955952,55.73814063618443,22.428444260228158,11.999255687531685,1307.3343348137312,7.702740827356043,0.4031795302318142
Northgoa,49.033758576048164,19.37771169233924,26.099084383584337,54.398201411617144,21.9378889048995,11.092507559289286,1316.220448220662,7.704771284620125,0.44825780767881784
Southgoa,48.312181023421914,20.030213136411994,26.303621540336795,57.7365491732154,23.307596875247015,11.927263194582517,1427.110008892341,7.649118244325578,0.39467843170203276
Ahmadabad,47.4607572802124,16.67031734858537,23.26979644703259,56.53921069983506,22.610929019806164,12.010774230492723,1057.6584634441474,7.878451896246223,0.39347620507653797
Amreli,50.38775510204081,18.989795918367346,26.15714285714286,39.244897959183675,15.651020408163264,8.148979591836735,800.8367346938776,7.822448979591837,0.690530612244898
Anand,48.183673469387756,16.659183673469386,23.261224489795918,55.48367346938775,21.783673469387757,11.96326530612245,787.8775510204082,7.873469387755102,0.41422448979591836
Aravalli,46.04081632653061,17.377551020408163,23.459183673469386,54.70204081632653,21.86122448979592,11.183673469387756,813.2244897959183,7.851020408163265,0.45846938775510204
Banaskantha,45.91836734693877,17.099999999999998,22.514285714285716,69.83061224489795,29.514285714285716,14.869387755102041,1474.0204081632653,7.822448979591837,0.19444897959183674
Bharuch,49.244897959183675,19.293877551020408,25.248979591836736,51.936734693877554,21.016326530612243,10.96734693877551,779.3469387755102,7.757142857142858,0.47822448979591836
Bhavnagar,50.734693877551024,18.369387755102043,25.602040816326532,49.82857142857143,20.144897959183673,10.687755102040818,818.9183673469388,7.826530612244898,0.48446938775510207
Botad,47.44897959183673,17.363265306122447,25.10816326530612,56.463265306122445,23.01224489795918,11.93265306122449,1467.5102040816328,7.871428571428571,0.3769183673469388
Chhotaudaipur,46.989127172779426,19.85433690442038,25.380578966355714,53.57243022351262,21.5942184780333,11.369896820271189,1365.9506599742883,7.664225968660492,0.43566244336063964
Dahod,50.02040816326531,18.97142857142857,24.702040816326534,44.87142857142857,18.910204081632653,9.085714285714285,773.3877551020408,7.842857142857143,0.5823673469387755
Devbhumidwarka,47.00707447427286,18.657183710732014,24.648821643564943,50.23210316035381,20.584166985439264,10.684422529734597,1199.822565505989,7.735138002634961,0.48851288925000147
Gandhinagar,48.142857142857146,16.257142857142856,23.510204081632654,67.72244897959183,27.979591836734695,15.022448979591838,1551.6326530612246,7.855102040816326,0.20210204081632654
Girsomnath,46.73074002813315,18.714736741083883,24.496529020360068,59.04027958445901,23.749833733504758,12.790608005668695,1368.1371514212542,7.71409389432774,0.34719127184388693
Jamnagar,45.0,16.557142857142857,21.983673469387757,37.57959183673469,15.920408163265307,7.7877551020408164,795.2857142857143,7.9367346938775505,0.6924285714285715
Junagadh,43.673469387755105,16.510204081632654,21.34285714285714,71.91836734693878,28.806122448979593,15.946938775510203,1511.6530612244899,7.808163265306123,0.12644897959183674
Kachchh,46.939194135749865,18.983167204732094,24.787556990142132,51.426039756776134,20.536145946930723,11.074069326012937,1257.99328474997,7.731822254400625,0.462224245300939
Kheda,50.6530612244898,18.0,23.86530612244898,56.20612244897959,22.06122448979592,11.36122448979592,812.4081632653061,7.879591836734694,0.44334693877551024
Mahesana,47.43760710224125,16.879292737436455,23.18972870502937,61.58362768211572,24.834717626094232,13.31665634415473,1250.6674519665717,7.843731718954815,0.3162410141730957
Mahisagar,47.78,18.588,24.622,36.5,14.388,6.876,780.96,7.76,0.74422
Morbi,51.28,18.938,26.078000000000003,46.74,18.682000000000002,10.446,805.54,7.816,0.50818
Narmada,45.12,16.076,23.721999999999998,65.232,25.554000000000002,14.45,1512.08,7.8,0.2332
Navsari,47.28,17.137999999999998,23.878,56.076,23.608,11.776,791.48,7.756,0.3995
Panchmahals,48.447086079252124,20.350783717437313,25.69614831755974,46.72671728835959,18.715049252954472,9.31133045652709,1071.6670824675537,7.6759129803442825,0.5776065785007837
Patan,46.76,16.722,22.73,62.53,24.162,13.568,1512.96,7.88,0.312
Porbandar,48.7,16.6,24.014,43.416000000000004,18.227999999999998,8.78,793.24,7.867999999999999,0.6184
Rajkot,46.38,28.084,32.164,68.378,27.224,14.85,2738.22,7.0,0.19419999999999998
Sabarkantha,49.06122448979592,17.3265306122449,23.406122448979595,52.11020408163265,20.238775510204082,11.340816326530613,800.2244897959183,7.808163265306123,0.45040816326530614
Surat,52.76,31.088,35.394,71.99,29.201999999999998,15.924000000000001,9065.24,7.162000000000001,0.14738
Surendranagar,43.96,15.636,21.494,48.476000000000006,19.034000000000002,10.062000000000001,808.64,7.906000000000001,0.5086400000000001
Tapi,49.9,18.83,25.204,60.843999999999994,24.084,13.06,1509.06,7.874,0.32020000000000004
Thedangs,48.72320661468324,21.7347308920917,27.22835287805827,55.23809745250715,22.308249835861,11.844633550975173,2499.297359000351,7.57244950897337,0.41008793138079624
Vadodara,46.55102040816327,29.10408163265306,31.985714285714284,45.481632653061226,17.697959183673472,8.953061224489796,2302.734693877551,6.995918367346939,0.6038775510204082
Valsad,47.87755102040816,16.091836734693878,23.585714285714285,39.00816326530612,15.39795918367347,8.518367346938776,789.5714285714286,7.718367346938775,0.6380204081632652
Ambala,50.285714285714285,17.93673469387755,24.179591836734694,55.80612244897959,22.402040816326533,11.424489795918367,1631.2244897959183,7.857142857142857,0.44179591836734694
Bhiwani,42.61224489795919,17.76530612244898,21.642857142857142,69.56530612244897,29.171428571428574,15.220408163265304,1509.2244897959183,7.761224489795919,0.18106122448979592
Faridabad,48.183673469387756,31.328571428571426,36.334693877551025,58.42040816326531,23.681632653061225,12.422448979591838,3859.4489795918366,6.983673469387755,0.36106122448979594
Fatehabad,51.42857142857143,16.665306122448982,26.112244897959183,55.15102040816327,22.916326530612245,12.346938775510203,803.2244897959183,7.791836734693878,0.4003061224489796
Gurgaon,53.857142857142854,31.081632653061224,36.45510204081633,66.01224489795918,25.226530612244897,14.814285714285713,4443.040816326531,7.09795918367347,0.2103673469387755
Hisar,45.285714285714285,16.695918367346938,23.081632653061224,42.33061224489796,16.79795918367347,7.914285714285715,794.8775510204082,7.86734693877551,0.628
Jhajjar,47.42857142857143,16.942857142857143,24.446938775510205,53.638775510204084,21.13469387755102,11.13469387755102,808.6326530612245,7.879591836734694,0.467469387755102
Jind,48.714285714285715,17.353061224489796,24.814285714285717,43.861224489795916,16.959183673469386,7.8591836734693885,783.3469387755102,7.738775510204081,0.6425510204081633
Kaithal,47.97959183673469,17.069387755102042,22.606122448979594,36.43469387755102,14.348979591836736,7.620408163265306,753.2448979591836,7.83469387755102,0.7163469387755101
Karnal,51.59183673469388,17.418367346938776,23.828571428571426,37.64489795918367,15.859183673469389,7.342857142857143,797.3673469387755,7.755102040816326,0.7333061224489796
Kurukshetra,46.8,16.802,23.024,55.198,22.51,11.04,775.92,7.83,0.45956
Mahendragarh,48.86,18.242,26.29,66.906,27.954,14.864,1509.42,7.778,0.20716
Mewat,49.50917279161029,23.364685545943676,29.584058954762146,55.74036847274646,22.294323350933325,12.049415731286157,2265.628798330683,7.456348888730469,0.4033977479783137
Palwal,46.9,16.222,22.916,55.386,23.06,12.208,778.18,7.8420000000000005,0.41716000000000003
Panchkula,50.66,17.076,24.544,46.571999999999996,20.1,9.874,807.92,7.766,0.5777
Panipat,43.88,16.284000000000002,23.441999999999997,51.106,19.838,10.767999999999999,804.1,7.9,0.49368
Rewari,51.84,18.727999999999998,26.05,41.606,16.34,8.564,789.46,7.646,0.6294
Rohtak,46.857142857142854,19.114285714285714,24.944897959183674,40.922448979591834,16.244897959183675,8.338775510204082,804.7551020408164,7.779591836734694,0.6553469387755102
Sirsa,44.36734693877551,15.39795918367347,20.208163265306123,40.885714285714286,16.255102040816325,7.308163265306123,787.530612244898,7.844897959183674,0.6789591836734693
Sonipat,48.775510204081634,16.1734693877551,23.775510204081634,66.12244897959184,26.577551020408162,14.291836734693877,1495.8979591836735,7.779591836734694,0.22546938775510203
Yamunanagar,48.04,17.11,24.22,39.694,15.484000000000002,8.097999999999999,827.04,7.87,0.69074
Bilaspur,48.22222222222222,17.29090909090909,24.016161616161614,55.025252525252526,21.62929292929293,12.170707070707072,281.3333333333333,7.79090909090909,0.4013333333333333
Chamba,49.46938775510204,17.395918367346937,24.016326530612243,53.91836734693877,22.081632653061224,11.516326530612243,800.1020408163265,7.795918367346939,0.4196122448979592
Hamirpur,50.142857142857146,17.751020408163264,25.151020408163266,46.851020408163265,18.710204081632654,10.051020408163266,806.0816326530612,7.775510204081633,0.5352040816326531
Kangra,48.265306122448976,16.49795918367347,23.718367346938777,60.71224489795919,24.177551020408163,13.808163265306122,1507.2857142857142,7.8,0.3059795918367347
Kinnaur,49.59183673469388,18.808163265306124,26.085714285714285,36.695918367346934,14.448979591836734,7.0632653061224495,795.9591836734694,7.812244897959184,0.7392857142857143
Kinnaur,49.59183673469388,18.808163265306124,26.085714285714285,36.695918367346934,14.448979591836734,7.0632653061224495,795.9591836734694,7.812244897959184,0.7392857142857143
Kinnaur,49.59183673469388,18.808163265306124,26.085714285714285,36.695918367346934,14.448979591836734,7.0632653061224495,795.9591836734694,7.812244897959184,0.7392857142857143
Kullu,46.36,16.02,22.654,65.5,26.448,14.65,1482.06,7.79,0.2314
Lahul&Spiti,49.05781075366749,17.76707138976489,24.851513048560914,50.75349914059486,20.37397981912958,10.627927902814964,1008.4690355510502,7.7859089403278094,0.4940044816286554
Lahul&Spiti,49.2266129749524,18.421993781119706,25.685363422977293,41.4835896867612,16.353247374877125,8.31467221867365,871.918196948284,7.807638761940814,0.653269593205741
Mandi,52.12,19.072,26.97,49.31,19.652,9.72,812.88,7.722,0.5455599999999999
Shimla,49.285714285714285,17.714285714285715,25.614285714285714,57.31428571428572,21.985714285714284,12.381632653061226,842.5510204081633,7.785714285714286,0.3570816326530612
Sirmaur,47.12244897959184,17.575510204081635,23.56122448979592,33.13673469387755,13.46938775510204,6.697959183673469,800.0204081632653,7.781632653061225,0.7632040816326531
Solan,48.59183673469388,17.008163265306123,24.163265306122447,70.02448979591837,28.377551020408163,15.369387755102041,1521.8367346938776,7.8979591836734695,0.17981632653061225
Una,45.2,17.604,24.49,39.492,16.016,8.036,795.96,7.94,0.66836
Anantnag,48.09971863716143,17.084057491695393,24.014604757630323,53.48923724389842,21.590657339721567,11.647036607550572,1059.0665254126834,7.81726121658182,0.42849604251018936
Badgam,48.98003340588951,17.578886696214575,24.72537195684488,50.70633224058646,20.415765920003015,10.812665094246189,954.3279335829496,7.807539130680593,0.48222351429806826
Bandipore,48.0336022365899,17.07397049026679,24.012052678460154,53.43404692461782,21.559702837457614,11.638356463755908,1065.801182699623,7.818228216953867,0.42952845884402024
Baramulla,48.98328287989221,17.589098794132454,24.743283934751393,50.61487161112249,20.375118393172187,10.787388441947098,953.3453009485366,7.80755748912325,0.48397774558491374
Doda,49.01101714556061,17.5111947066175,24.58944613600703,51.485296897488595,20.768927603929303,11.015249246497136,954.1954640954112,7.805940036459889,0.4675433272033639
Ganderbal,48.04988689623113,17.07659457422477,24.01298479664416,53.444932587653085,21.566131672518825,11.639908911624698,1064.142135584692,7.818006847827106,0.42931897713834155
Jammu,48.2971866236383,17.28161800737932,24.24416287234718,51.555883290923155,20.702974262440364,11.196279702526454,878.5714182172509,7.820345669889172,0.4601411866216624
Kargil,49.22346673067084,17.302273947751715,24.38016525247433,55.39661381667243,22.31678474391671,11.994814286808271,1064.833228773728,7.780563653292977,0.4032102669234365
Kathua,48.38226916358317,17.25239243088823,24.206209048866224,52.124524244667064,20.956594166032968,11.33383856981144,909.3812965019833,7.817860121787804,0.4505116892634844
Kishtwar,48.196305106179786,17.09074269287257,24.002555299687696,53.71799739358741,21.700229053985403,11.692799639561494,1050.0479900328658,7.814988407115869,0.4245320097548709
Kulgam,48.9718892949126,17.565506892737506,24.702520071611083,50.81315345803715,20.463226497174233,10.84293031203653,955.8022200262914,7.807636690350721,0.4801463250570921
Kupwara,48.991530410838585,17.596949512764017,24.756257007688077,50.56443898412574,20.35261467130813,10.772343713874182,952.3878136135849,7.807388790029772,0.484991773661725
Leh(Ladakh),48.66418237572584,17.491708632461695,24.477179243605708,50.929603086304475,20.4328009696635,10.870627478600541,1067.2857949042711,7.801720943310455,0.48281063980131206
Poonch,48.32024209784737,17.289132055286395,24.248124249177575,51.55022695182906,20.698510872430997,11.192933242582367,867.5712006142426,7.819507636401862,0.46019386542227986
Pulwama,48.997883266139546,17.573879590636462,24.71321514524732,50.8172405085219,20.4653064513645,10.839434862733908,953.7779902383022,7.80692581681643,0.48023988703938836
Rajouri,48.31143760696197,17.2870437952054,24.247113637295648,51.5445093692022,20.696969697054207,11.192016998187036,870.8967819188503,7.819833074642726,0.4603059557849686
Ramban,48.97132163937056,17.546196647363534,24.66740816434978,51.0054530528865,20.54895178334293,10.894845369043864,957.2548599522061,7.807433121765359,0.4764981097329992
Reasi,48.34365931117685,17.282116167625308,24.236878188262327,51.69104609010853,20.76606108522311,11.224712401473827,876.9277659829594,7.8190112597572625,0.45781650521377026
Samba,48.29614006179491,17.273905399850005,24.23799704666082,51.631819274653736,20.736443072157826,11.21640341894481,887.8913337466936,7.820408840212549,0.4588740692626888
Shupiyan,48.980102796229986,17.570987363128946,24.711014835730335,50.785873421030075,20.451188859031987,10.834113467529706,954.9274084940591,7.807445603149287,0.48071643662014335
Srinagar,48.99776903967353,17.580702207677316,24.72585372043811,50.74866656863263,20.434582894145763,10.821007926650553,953.3776863434734,7.807003698363792,0.4815431437485604
Udhampur,48.93134852504509,17.521762418615783,24.634172730365375,51.121986189103225,20.597024690776163,10.934288611826815,963.3915002534719,7.808307039163715,0.4741116900825277
Bokaro,49.46938775510204,17.977551020408164,25.563265306122446,61.68979591836735,24.695918367346938,13.902040816326531,1488.9183673469388,7.855102040816326,0.3099591836734694
Chatra,49.30612244897959,17.489795918367346,25.181632653061225,49.07142857142857,20.453061224489797,9.746938775510204,796.1836734693877,7.76530612244898,0.5520204081632654
Deoghar,46.61224489795919,16.836734693877553,22.50408163265306,63.97142857142857,26.589795918367347,13.73469387755102,1455.3265306122448,7.86734693877551,0.28420408163265304
Dhanbad,48.673469387755105,17.540816326530614,24.33061224489796,64.08163265306122,25.546938775510203,14.575510204081633,1491.3061224489795,7.8591836734693885,0.2550204081632653
Dumka,45.06122448979592,16.836734693877553,22.689795918367345,43.06122448979592,17.946938775510205,8.724489795918368,805.3877551020408,7.914285714285715,0.6141020408163266
Garhwa,49.63265306122449,17.26734693877551,25.408163265306122,50.77346938775511,19.97142857142857,10.410204081632653,794.1836734693877,7.7673469387755105,0.511
Giridih,48.55102040816327,17.251020408163264,23.953061224489797,63.75714285714285,24.761224489795918,13.957142857142857,1513.204081632653,7.679591836734694,0.2990204081632653
Godda,50.857142857142854,18.918367346938776,26.148979591836735,61.01632653061225,24.057142857142857,14.146938775510206,1491.3265306122448,7.726530612244899,0.3006938775510204
Gumla,48.0,17.883673469387755,23.60408163265306,66.55918367346939,25.20612244897959,14.73469387755102,1508.1836734693877,7.783673469387755,0.2313469387755102
Hazaribagh,51.816326530612244,17.930612244897958,24.324489795918367,45.99183673469388,18.146938775510204,8.918367346938776,803.1632653061224,7.791836734693878,0.6010408163265306
Jamtara,49.06122448979592,19.06122448979592,25.555102040816326,51.90816326530612,19.485714285714284,10.293877551020408,787.4285714285714,7.812244897959184,0.5035102040816327
Khunti,45.69387755102041,16.051020408163264,22.075510204081635,60.05102040816327,24.8,12.63469387755102,1502.591836734694,7.781632653061225,0.34983673469387755
Kodarma,50.01009645568305,17.716505341514704,24.889388908203713,59.148170424121396,23.492458908149626,12.4276493829797,1369.0168936017203,7.785551735135546,0.3699574819554339
Latehar,48.08,17.052,24.715999999999998,61.074,24.156,12.66,1485.64,7.7,0.32098
Lohardaga,49.48,17.958,24.284000000000002,35.662,14.25,6.898,787.04,7.68,0.7378
Pakur,47.64,16.816,23.331999999999997,50.772,20.444000000000003,11.18,806.1,7.796,0.46572
Palamu,48.48,17.69,24.464000000000002,72.498,29.998,16.048,1475.0,7.68,0.13083999999999998
Pashchimisinghbhum,47.06855291557908,16.92172793182825,23.269466654927378,52.26058144653999,20.708189467489905,11.069364165001994,1109.1826433850756,7.789923848399826,0.4624129365545226
Purbisinghbhum,48.251724445855835,17.18841369102676,24.03276440855754,53.47325965379383,21.432095609885568,11.547038834839778,1228.0749942442337,7.81078628534643,0.43790816090574197
Ramgarh,49.04,17.994,24.694000000000003,39.1,15.424000000000001,8.12,796.52,7.776,0.66542
Ranchi,48.56,16.476,23.612,40.711999999999996,15.932,8.107999999999999,802.6,7.78,0.6354
Sahibganj,52.89795918367347,18.089795918367347,26.014285714285716,34.751020408163264,13.13469387755102,6.379591836734694,804.5102040816327,7.7306122448979595,0.7537959183673469
Saraikela-Kharsawan,48.11792037891169,17.09543214377425,23.904561043520143,52.7048259440307,21.150030422669953,11.302797967288535,1209.4888473998399,7.80558741736862,0.45130444634745803
Simdega,45.40816326530612,17.051020408163264,23.332653061224487,50.74285714285715,19.832653061224487,10.985714285714284,759.8979591836735,7.826530612244898,0.48820408163265305
Bagalkot,49.224489795918366,19.128571428571426,25.812244897959182,60.3530612244898,24.2,13.210204081632652,1530.734693877551,7.771428571428571,0.30481632653061225
Bangalore,49.423883666579144,17.49853740591566,25.18247228438737,54.54046042540518,21.593415466135376,11.892553723003934,956.7982746189646,7.808342917676031,0.4283192917621847
Bangalorerural,48.74263235379507,17.120307586301397,24.54759684588176,49.660004178419186,19.747297572133583,10.601547218250507,807.0830014590757,7.82064174953783,0.5078268905210173
Belgaum,50.3469387755102,17.8,24.648979591836735,70.24489795918367,28.928571428571427,14.679591836734692,1928.0204081632653,7.83469387755102,0.19428571428571428
Bellary,51.40816326530612,17.514285714285716,24.218367346938777,42.18163265306123,17.075510204081635,8.587755102040816,775.4285714285714,7.683673469387755,0.6383265306122449
Bidar,50.97959183673469,18.29591836734694,25.66122448979592,65.66530612244898,26.775510204081634,14.312244897959182,1461.2857142857142,7.775510204081633,0.23730612244897958
Bijapur,48.41414141414141,18.215151515151515,25.268686868686867,35.00303030303031,13.92020202020202,6.86969696969697,776.1212121212121,7.793939393939394,0.7421919191919192
Chamrajnagar,49.994963968025225,17.608956035747504,25.18408681579721,59.40340336993018,23.825916020384664,12.906013769933262,1147.5388509203688,7.809514724982154,0.3467516108232629
Chikballapura,48.6750211999466,17.28212764107261,24.145644490235135,53.364063151470205,20.847861404448302,11.529580347480781,920.1698752568972,7.839640324558325,0.45026469969753263
Chikmagalur,48.55387703002735,17.639016889321212,25.033178918717724,57.22504637941129,22.93980955430606,12.347463946268007,1277.592347150323,7.81656905075624,0.37941859605503386
Chitradurga,48.285714285714285,17.142857142857142,24.818367346938775,44.734693877551024,18.70408163265306,9.255102040816327,805.6530612244898,7.785714285714286,0.5614285714285715
Dakshinakannada,49.35070291117754,18.266740425873966,25.390957681065522,57.79450204827054,23.26560686581994,12.335642365594369,1286.1790118335944,7.864187005984191,0.3704371629524037
Davanagere,51.12244897959184,17.99591836734694,26.175510204081633,36.53877551020408,14.346938775510203,7.220408163265306,819.6734693877551,7.7306122448979595,0.7400816326530613
Dharwad,48.795918367346935,30.3265306122449,33.42857142857143,70.9265306122449,28.816326530612244,14.853061224489794,2093.4897959183672,6.891836734693877,0.18910204081632653
Gadag,50.63265306122449,18.746938775510205,26.763265306122452,55.7,23.228571428571428,12.191836734693878,1497.2244897959183,7.848979591836735,0.37879591836734694
Gulbarga,50.973558649622085,18.346148260152663,25.497196785021497,50.156501985176234,20.295157458187518,10.785369994715001,943.2287639399525,7.776797058844345,0.48589402109624086
Hassan,50.326530612244895,17.67142857142857,25.90408163265306,69.21836734693878,27.616326530612245,15.33265306122449,1521.4897959183672,7.753061224489795,0.18912244897959182
Haveri,40.16326530612245,15.816326530612244,21.375510204081635,66.98367346938775,26.679591836734694,15.018367346938774,1478.8979591836735,7.871428571428571,0.23140816326530614
Kodagu,55.83673469387755,20.3,29.044897959183675,42.43877551020408,16.70408163265306,8.587755102040816,793.4285714285714,7.759183673469387,0.6271224489795918
Kolar,46.857142857142854,16.66938775510204,23.481632653061222,50.09591836734693,18.942857142857143,10.373469387755103,794.2448979591836,7.83265306122449,0.5343265306122449
Koppal,45.69387755102041,16.432653061224492,23.5734693877551,47.69183673469388,17.369387755102043,10.312244897959184,820.9591836734694,7.857142857142857,0.5205510204081633
Mandya,45.16,16.65,23.366,50.5,20.514,10.96,807.22,7.837999999999999,0.46854
Mysore,49.926948056188984,18.030239785820918,25.491512798723242,56.21518683748085,22.49685307643793,12.02498453760364,1075.6019702680792,7.831079952586665,0.3978537276054907
Raichur,50.44,17.25,24.578000000000003,50.86,19.608,10.618,795.9,7.81,0.46726
Ramanagara,52.48,17.974,26.954,51.21,20.706,11.274000000000001,828.52,7.782,0.47954
Shimoga,46.048103251189644,18.73624589693093,25.026117955167404,57.648734307535605,22.99824576392112,12.519634434171223,1331.7432058929433,7.715900273527842,0.37916135020118447
Tumkur,49.11188556421714,17.25630603725659,24.844406130916997,52.58477362106654,21.278624229113483,11.358687847027635,945.373102007055,7.80588086760313,0.4474051675576006
Udupi,44.72,17.132,23.384,66.612,26.118000000000002,15.128,1513.14,7.93,0.21652000000000002
Uttarakannada,46.55498031267021,20.604606791338025,26.4541634514224,61.36551829826982,24.67234165193847,13.317383925670914,1545.5141344073274,7.6015617131933455,0.32112785618569945
Yadgir,52.3,18.75,25.586,54.54,22.081999999999997,12.526,786.78,7.782,0.39232
Alappuzha,53.38775510204081,17.620408163265306,26.332653061224487,43.97142857142857,17.808163265306124,9.416326530612245,779.6326530612245,7.753061224489795,0.6121020408163265
Ernakulam,43.6530612244898,29.377551020408163,30.859183673469385,68.54285714285714,26.920408163265304,14.704081632653061,3023.7551020408164,7.004081632653061,0.21177551020408164
Idukki,47.06122448979592,18.087755102040816,24.446938775510205,56.28367346938776,21.402040816326533,11.979591836734693,1486.4285714285713,7.722448979591836,0.419
Kannur,49.142857142857146,17.522448979591836,24.528571428571432,49.3469387755102,20.228571428571428,10.444897959183674,795.1020408163265,7.9346938775510205,0.5104081632653061
Kasaragod,47.97959183673469,18.39183673469388,24.646938775510204,59.70816326530612,24.563265306122446,12.289795918367348,1536.204081632653,7.906122448979591,0.3379387755102041
Kollam,50.57142857142857,19.275510204081634,26.610204081632656,43.44489795918368,17.802040816326528,8.744897959183673,786.6122448979592,7.8591836734693885,0.6128163265306122
Kottayam,46.2,17.42,23.498,45.898,17.34,9.562000000000001,780.7,7.854,0.55242
Kozhikode,51.673469387755105,32.204081632653065,37.1265306122449,64.05714285714286,26.238775510204082,14.473469387755102,2764.081632653061,7.0,0.2485918367346939
Malappuram,53.28,17.512,25.921999999999997,65.304,26.304000000000002,14.405999999999999,1473.62,7.8260000000000005,0.25726
Palakkad,51.04,18.264,25.06,67.988,26.924,14.632,1479.12,7.702000000000001,0.22052
Pathanamthitta,48.76,17.3,24.096,53.446000000000005,22.18,10.847999999999999,779.8,7.78,0.46362000000000003
Thiruvananthapuram,50.92,18.21,25.066,34.176,13.744000000000002,6.822,1584.06,7.742000000000001,0.74146
Thrissur,51.7,19.688,28.528000000000002,51.23,20.535999999999998,11.172,797.04,7.747999999999999,0.46974
Wayanad,49.95918367346939,18.03061224489796,24.877551020408163,71.14489795918367,28.132653061224488,15.208163265306123,1519.0408163265306,7.877551020408164,0.17279591836734695
Lakshadweep,50.68642224737448,21.11254256434476,28.145353529638314,57.936958741812596,23.588284799455995,12.55052559809121,1483.859403881273,7.681695480021949,0.3646002370017557
Agarmalwa,48.17967305635292,17.25443359979674,23.701485925807393,55.645845370069765,21.921125038156244,12.033081192544843,1181.390795139093,7.779238626046852,0.38990145465640036
Alirajpur,50.265306122448976,18.355102040816327,24.655102040816324,48.39795918367347,19.220408163265304,10.216326530612246,791.795918367347,7.842857142857143,0.48844897959183675
Anuppur,48.55102040816327,17.922448979591838,25.489795918367346,42.067346938775515,16.818367346938775,8.89795918367347,817.7142857142857,7.755102040816326,0.6159795918367347
Ashoknagar,50.83673469387755,17.771428571428572,24.755102040816325,62.789795918367346,24.497959183673473,12.853061224489794,1497.6122448979593,7.820408163265306,0.2995714285714286
Balaghat,55.38775510204081,19.685714285714287,28.024489795918367,65.5204081632653,25.379591836734694,14.902040816326531,1474.857142857143,7.720408163265306,0.2256734693877551
Barwani,47.97959183673469,16.93673469387755,23.489795918367346,49.10612244897959,19.518367346938774,10.095918367346938,815.5102040816327,7.751020408163265,0.516795918367347
Betul,46.59183673469388,16.134693877551022,23.508163265306123,53.51020408163265,20.59591836734694,10.985714285714284,156.48979591836735,7.779591836734694,0.4385102040816326
Bhind,49.16326530612245,16.134693877551022,22.8,48.344897959183676,19.836734693877553,9.995918367346938,792.0816326530612,7.830612244897959,0.5456122448979591
Bhopal,49.63265306122449,17.76938775510204,24.802040816326528,36.64489795918367,14.236734693877551,7.2326530612244895,861.5918367346939,7.761224489795919,0.7197142857142856
Burhanpur,45.775510204081634,15.612244897959183,21.069387755102042,65.36326530612246,25.44081632653061,14.357142857142858,1491.8775510204082,7.744897959183674,0.25114285714285717
Chhatarpur,49.38775510204081,17.785714285714285,24.628571428571426,64.70816326530611,25.851020408163265,13.748979591836736,1506.1632653061224,7.681632653061224,0.246734693877551
Chhindwara,49.38775510204081,18.59387755102041,24.236734693877548,40.48367346938775,15.99387755102041,8.512244897959183,776.7142857142857,7.777551020408164,0.6385714285714286
Damoh,46.673469387755105,16.526530612244898,24.39183673469388,37.5265306122449,14.340816326530613,6.9734693877551015,801.3673469387755,7.895918367346939,0.7071836734693878
Datia,47.08163265306123,17.714285714285715,24.379591836734694,43.44489795918368,17.159183673469386,8.63469387755102,814.9591836734694,7.8591836734693885,0.6180408163265306
Dewas,45.265306122448976,16.083673469387755,22.39183673469388,45.724489795918366,18.442857142857143,9.157142857142857,830.0408163265306,7.7122448979591836,0.5889795918367347
Dhar,48.46938775510204,17.791836734693877,24.48775510204082,64.34489795918367,25.026530612244898,14.279591836734696,1528.2857142857142,7.795918367346939,0.23995918367346936
Dindori,50.0,17.928571428571427,25.797959183673466,69.88571428571429,28.571428571428573,14.746938775510204,1470.1224489795918,7.791836734693878,0.19122448979591836
Eastnimar,46.6781195336214,17.047804317573476,23.11342814116592,52.909678885358204,21.011889203346268,11.058462854622283,998.759444125273,7.786395132841147,0.4592390963143622
Guna,46.87755102040816,16.353061224489796,23.359183673469385,53.21224489795919,21.348979591836734,11.475510204081631,788.8163265306123,7.828571428571429,0.42830612244897964
Gwalior,44.44897959183673,15.416326530612244,22.13469387755102,48.6530612244898,18.655102040816328,10.19591836734694,445.16326530612247,7.783673469387755,0.5218775510204081
Harda,48.244897959183675,17.910204081632653,25.236734693877548,53.057142857142864,21.075510204081635,10.946938775510203,824.265306122449,7.777551020408164,0.4583877551020409
Hoshangabad,51.816326530612244,18.49591836734694,25.151020408163266,54.51428571428571,21.84285714285714,11.157142857142858,807.530612244898,7.822448979591837,0.4317142857142857
Indore,48.142857142857146,18.661224489795917,23.751020408163264,40.33265306122449,16.071428571428573,8.110204081632652,830.6530612244898,7.865306122448979,0.6550612244897959
Jabalpur,47.53061224489796,18.010204081632654,24.279591836734696,72.75714285714285,28.014285714285716,16.073469387755104,1212.4285714285713,7.871428571428571,0.12922448979591836
Jhabua,48.42857142857143,16.32857142857143,23.297959183673466,36.81836734693877,14.683673469387756,7.593877551020409,793.795918367347,7.830612244897959,0.6921632653061224
Katni,48.51020408163265,18.65714285714286,24.9265306122449,52.42040816326531,20.759183673469387,11.148979591836733,787.6734693877551,7.812244897959184,0.4739795918367347
Mandla,50.42,17.817999999999998,25.535999999999998,65.476,26.541999999999998,14.505999999999998,1530.02,7.734,0.24708
Mandsaur,49.4,17.686,24.2,69.202,26.662,15.092,1492.38,7.816,0.1816
Morena,50.66,19.276,26.534000000000002,53.792,21.408,11.2,813.9,7.7620000000000005,0.45938
Narsimhapur,49.86008748220396,18.571162691092603,25.468213436862683,51.40283131525914,20.476392571453,10.968771059786848,882.0866181873779,7.807739863566988,0.47596622342599415
Neemuch,49.48,18.776,26.182,47.302,19.694000000000003,9.97,819.06,7.746,0.53932
Panna,49.96,18.038,25.322,34.098,12.835999999999999,6.292000000000001,793.52,7.824,0.7697200000000001
Raisen,48.38,18.084,24.516,39.138000000000005,15.974,7.55,808.88,7.8,0.70006
Rajgarh,46.92,16.394000000000002,23.002,41.553999999999995,16.098,8.31,792.38,7.816,0.62514
Ratlam,47.8,16.706,23.061999999999998,67.21600000000001,26.738000000000003,14.54,1491.58,7.827999999999999,0.21777999999999997
Rewa,50.98,18.362000000000002,25.54,55.718,23.308000000000003,12.238,788.5,7.73,0.36622
Sagar,51.183673469387756,19.542857142857144,27.13061224489796,50.95918367346939,21.914285714285715,10.712244897959183,799.8979591836735,7.7877551020408164,0.4791020408163265
Satna,48.6530612244898,18.918367346938776,24.414285714285715,55.92448979591837,22.491836734693877,11.748979591836736,784.8571428571429,7.812244897959184,0.4174489795918367
Sehore,45.755102040816325,17.781632653061223,23.261224489795918,52.093877551020405,21.23469387755102,10.718367346938777,796.734693877551,7.906122448979591,0.47153061224489795
Seoni,52.83673469387755,18.708163265306123,27.29591836734694,52.12653061224489,20.138775510204084,11.551020408163266,791.530612244898,7.79795918367347,0.4601224489795918
Shahdol,44.816326530612244,16.520408163265305,21.29387755102041,62.44081632653061,24.63877551020408,13.057142857142857,1515.0,7.748979591836735,0.32248979591836735
Shajapur,47.97959183673469,17.634693877551022,23.824489795918367,59.89387755102041,23.779591836734696,13.16734693877551,1495.530612244898,7.753061224489795,0.31416326530612243
Sheopur,47.44897959183673,17.961224489795917,24.29591836734694,48.68979591836735,19.29795918367347,10.042857142857143,798.8367346938776,7.944897959183674,0.5184897959183674
Shivpuri,52.755102040816325,18.159183673469386,26.587755102040816,58.24897959183673,23.614285714285714,12.269387755102041,1519.6326530612246,7.8061224489795915,0.370469387755102
Sidhi,53.142857142857146,17.773469387755103,25.518367346938778,62.704081632653065,24.942857142857143,13.56530612244898,1532.4897959183672,7.7,0.2796530612244898
Singrauli,52.51020408163265,18.14081632653061,27.33469387755102,35.804081632653066,14.312244897959182,6.112244897959184,786.0,7.877551020408164,0.7445306122448979
Tikamgarh,46.56,15.592,22.564,63.708,26.166,13.806,1480.32,7.808,0.2874
Ujjain,48.86,17.746,24.281999999999996,46.72,18.85,10.47,802.38,7.704,0.5145000000000001
Umaria,46.24,15.696,22.511999999999997,63.434,25.604,13.804,1519.36,7.876,0.32854
Vidisha,49.53061224489796,19.206122448979592,25.816326530612244,46.442857142857136,19.375510204081632,9.63469387755102,810.3877551020408,7.818367346938776,0.5743877551020408
Westnimar,47.76889336895182,17.190667541803567,23.353702437058594,52.355338534806,20.687132768907524,11.101124495008644,1092.8440592607121,7.784525576350606,0.45875077436713685
Ahmadnagar,49.20774983720935,28.319034493851813,33.09699104035403,56.42948178125562,22.634841073348,11.822002002614687,3688.6955217151035,7.1774069735910455,0.4137326989908896
Akola,52.265306122448976,16.82857142857143,25.114285714285714,59.642857142857146,24.646938775510204,13.540816326530612,1476.5714285714287,7.816326530612245,0.30289795918367346
Amravati,50.244897959183675,18.189795918367345,24.881632653061224,39.46326530612245,15.83061224489796,7.804081632653061,787.7142857142857,7.687755102040816,0.681204081632653
Aurangabad,53.7979797979798,30.82626262626263,37.144444444444446,68.91313131313132,27.16262626262626,15.080808080808081,2621.787878787879,7.0323232323232325,0.19984848484848486
Bhandara,51.06122448979592,19.49591836734694,25.114285714285714,67.12653061224489,27.33877551020408,15.038775510204081,1536.4489795918366,7.812244897959184,0.21765306122448982
Bid,48.448106843219364,17.976469074378564,24.95091318088924,49.79007139125619,20.045066130879086,10.373512038278047,972.3767531365271,7.801221665278506,0.5189771700487498
Buldana,48.38095857332266,17.011989579207047,23.934395330938493,53.105628006436,21.390901673065617,11.537068361710926,1089.3007698033828,7.808483276169393,0.4384532618619981
Chandrapur,47.285714285714285,17.020408163265305,22.773469387755103,48.179591836734694,20.222448979591835,10.273469387755101,797.0612244897959,7.789795918367346,0.5458979591836735
Dhule,48.714285714285715,17.720408163265304,24.522448979591836,66.98775510204082,27.087755102040816,15.161224489795918,1529.408163265306,7.753061224489795,0.20183673469387753
Garhchiroli,47.182596665198375,16.86065427883496,23.28234024839613,45.5864502595462,18.114245557514298,9.35636572396025,799.526345216433,7.808964699638907,0.5781209848456117
Gondiya,50.491472313588105,20.01325659876538,26.2412214578034,60.5484089217941,24.19787074444437,13.191402813231809,1534.7810814698169,7.7275521760229005,0.32750491523079955
Hingoli,44.55102040816327,15.618367346938774,20.73469387755102,40.11224489795919,15.808163265306122,7.571428571428571,792.1632653061224,7.873469387755102,0.6666122448979592
Jalgaon,48.755102040816325,17.016326530612243,24.27755102040816,41.01020408163265,16.848979591836734,8.299999999999999,781.8775510204082,7.7673469387755105,0.6581836734693877
Jalna,44.326530612244895,17.6265306122449,24.355102040816327,43.37755102040816,17.283673469387754,8.851020408163265,796.3877551020408,7.887755102040816,0.6196938775510203
Kolhapur,47.61224489795919,17.15714285714286,23.967346938775513,45.9265306122449,18.39183673469388,8.738775510204082,795.4081632653061,7.875510204081632,0.6063469387755102
Latur,52.04,18.908,26.246,36.396,15.618,7.188,798.76,7.718,0.73958
Mumbaicity,48.8926056138341,22.56690804684952,28.375153751408803,49.81875681344589,19.456317062610626,10.331132511345723,2948.9353268055625,7.479017662626441,0.5077699510474336
Mumbaisuburban,48.93158495409645,22.957852286928656,28.719227019580952,48.79145753525081,19.044962678625772,10.062567130249176,3103.6495081668963,7.45816650213866,0.5240666206715073
Nagpur,49.9,30.264,36.296,39.784,15.592,7.476,2386.86,7.01,0.6875199999999999
Nanded,48.16,17.445999999999998,24.328000000000003,49.29,19.952,10.672,784.6,7.822,0.49174
Nandurbar,41.58,16.484,21.055999999999997,65.964,27.91,14.662,1526.64,7.856,0.24642
Nashik,45.86,29.078000000000003,30.834,46.69,18.78,9.71,2086.78,7.09,0.5699799999999999
Osmanabad,51.48,18.567999999999998,25.62,57.478,22.68,12.4,1498.2,7.792000000000001,0.39314
Palghar,47.42,17.344,23.39,42.382,15.414000000000001,8.488,814.52,7.846,0.6355000000000001
Parbhani,46.74,17.195999999999998,24.694000000000003,55.742,22.406,11.864,813.08,7.7620000000000005,0.43138000000000004
Pune,49.86,30.622000000000003,34.982,68.494,27.921999999999997,14.38,5919.36,7.037999999999999,0.24309999999999998
Raigarh,48.36,17.112000000000002,23.618000000000002,55.263999999999996,21.3,11.89,808.92,7.7860000000000005,0.4164
Ratnagiri,45.82,16.227999999999998,22.125999999999998,57.968,24.298000000000002,12.384,1555.44,7.806,0.36817999999999995
Sangli,48.183673469387756,17.453061224489797,24.914285714285715,50.04081632653061,20.159183673469386,10.216326530612246,809.9183673469388,7.853061224489796,0.5026938775510205
Satara,48.714285714285715,17.43673469387755,24.2,42.82448979591837,17.451020408163266,7.736734693877551,794.6530612244898,7.726530612244899,0.666734693877551
Sindhudurg,52.755102040816325,17.238775510204082,26.263265306122452,36.05918367346939,14.263265306122449,6.802040816326531,787.9591836734694,7.889795918367348,0.7299795918367347
Solapur,47.3469387755102,17.50204081632653,23.59591836734694,53.402040816326526,21.410204081632653,10.83061224489796,793.9591836734694,7.846938775510204,0.4511020408163265
Thane,50.44,30.55,35.5,45.211999999999996,18.132,8.906,6078.36,7.022,0.58038
Wardha,46.93877551020408,17.479591836734695,24.761224489795918,54.76326530612245,23.146938775510204,11.377551020408163,785.2244897959183,7.916326530612245,0.41914285714285715
Washim,49.755102040816325,17.920408163265307,24.414285714285715,53.593877551020405,21.548979591836737,11.863265306122448,786.204081632653,7.812244897959184,0.413
Yavatmal,48.795918367346935,17.724489795918366,23.587755102040816,43.7469387755102,16.951020408163266,9.29795918367347,801.6530612244898,7.7673469387755105,0.6060204081632653
Bishnupur,49.63265306122449,16.618367346938776,24.332653061224487,35.22857142857143,14.159183673469387,6.459183673469388,807.1428571428571,7.79795918367347,0.7476530612244897
Chandel,48.59183673469388,18.00408163265306,24.53061224489796,55.91836734693877,21.953061224489797,11.608163265306121,793.3265306122449,7.822448979591837,0.4416734693877551
Churachandpur,50.38775510204081,16.812244897959182,23.76530612244898,49.09591836734693,19.3,9.620408163265306,798.1020408163265,7.818367346938776,0.5381224489795918
Imphaleast,47.93437313821744,16.829389193478868,23.560139992398796,45.098492371525694,18.182950272138545,8.936118743176664,904.2484761774061,7.8245269234687855,0.5892900843797543
Imphalwest,47.98907194037871,17.105925993370565,23.943211293500667,46.66829230040874,18.92434805556323,9.390093020902759,1005.8531236315463,7.8312083460425335,0.5610187349300052
Senapati,48.91836734693877,17.261224489795918,24.824489795918367,67.99795918367347,28.63469387755102,14.575510204081633,1497.6326530612246,7.840816326530612,0.22595918367346937
Tamenglong,41.18,15.55,19.785999999999998,44.714,17.86,8.82,799.14,7.888,0.5930399999999999
Thoubal,52.02,18.34,26.191999999999997,39.384,15.554,7.774,792.74,7.772,0.674
Ukhrul,46.46,17.952,24.24,58.908,23.991999999999997,12.515999999999998,1501.62,7.91,0.35558
Eastgarohills,49.14797325149701,17.88583303002008,24.2178744108294,65.11881115052637,26.03157785582247,14.359753606639586,1495.5646043087904,7.7845528863414675,0.23818804644135824
Eastkhasihills,46.61613497142678,17.16777777433252,23.147964763735413,49.3609308920111,19.900620802180498,9.966470979730213,937.4566644486329,7.850015239040172,0.5202898863821982
Jaintiahills,47.84669739436618,17.3590833418675,23.641262173377726,47.26944759536544,19.21150633390072,9.500509841173722,908.6324454522735,7.820499661093368,0.5512792912825756
Northgarohills,50.23562030420127,18.032202171270924,24.53121417918747,64.8815774719293,26.01724222656186,14.356164942408842,1418.3903186084567,7.755903754331514,0.23725132650628017
Ribhoi,46.614717815684116,17.14780157523575,23.156555897050886,55.29441542201847,22.26602164723621,11.677428361087335,1167.3344678532721,7.854544445873635,0.41616733562879565
Southgarohills,48.8243012867144,17.85494677897675,24.203700592236796,64.48855117762206,25.768213414974387,14.206018933840003,1496.9256181182188,7.790691603331149,0.24975084149978546
Southwestgarohills,49.59095086728983,17.72959189047547,24.62776805449692,60.64888148291765,24.098275437154665,13.198892499979399,1378.6075212670492,7.773408058329105,0.3106603023817409
Southwestkhasihills,48.105090072499024,17.599489726810813,23.747312176210574,61.03002867556031,24.59696857626958,13.215956734420011,1375.1629439067513,7.817097955111575,0.3134007835935001
Westgarohills,49.65546823656257,17.768420778677335,24.61003332551901,61.250263677041346,24.345147804340034,13.354792368823125,1389.1336991425133,7.7715571574926114,0.30023432595565963
Westkhasihills,48.297060956047716,17.559937709088345,23.7607127344668,62.779250750094164,25.349360741008027,13.769488222063709,1384.4810617046226,7.810436632182357,0.28244491473418293
Aizawl,48.57142857142857,16.975510204081633,23.80816326530612,47.27755102040816,19.1734693877551,10.1,799.3061224489796,7.718367346938775,0.5084285714285715
Champhai,47.36734693877551,18.64081632653061,24.820408163265306,44.463265306122445,17.424489795918365,9.018367346938774,807.3469387755102,7.736734693877551,0.5883469387755101
Kolasib,49.69387755102041,17.383673469387755,23.659183673469386,42.31020408163265,16.793877551020408,7.904081632653061,804.6122448979592,7.7877551020408164,0.6306530612244898
Lawangtlai,48.65961946357841,17.505388548496903,24.076096109602787,50.3089532777713,19.7320475469824,10.48410006295195,864.4274666918548,7.826605320505145,0.4883837363614014
Lunglei,46.76,16.79,23.16,39.844,15.542,8.13,794.22,7.93,0.67688
Mamit,49.4,18.484,26.044,70.128,28.248,15.165999999999999,1539.6,7.694,0.1642
Saiha,49.714285714285715,17.495918367346942,24.0,53.15918367346939,20.624489795918368,11.057142857142857,787.1428571428571,7.844897959183673,0.4382244897959183
Serchhip,48.009373618511724,17.683780097050075,24.28974281895516,48.77495633010753,19.311863935265265,10.179944986611108,916.1154047327409,7.79064094329506,0.5135058946252073
Dimapur,47.52267653652009,17.211192804575415,23.569489177003508,56.015846188221815,23.057579693789116,11.939964547294402,1205.7232895733941,7.860768976491052,0.40502466637282875
Kiphire,49.11099916893542,17.759637989038424,24.727065386607094,54.38150115963925,22.262905685005,11.53735350056366,1225.9609075537267,7.844042461197262,0.42863291148992216
Kohima,47.60747512448541,17.27987191663282,23.735895813724763,53.05376857543329,21.817350764753552,11.078897465815492,1131.5569257282746,7.855559313851891,0.45747900687912313
Longleng,49.587763851950704,17.902377164595546,25.00086752889143,54.157595287755576,21.882848025060184,11.238999713111683,1231.7348851617087,7.814433973500534,0.4336058507150864
Mokokchung,49.07069021956964,17.603118177743045,24.494185042833443,50.24333053935056,20.37968728763631,10.584577775123888,1038.6096343820675,7.810939774625777,0.49227887145210614
Mon,49.759402819629145,17.865369359719843,25.12576460460299,55.91101968639828,22.624101938646586,11.74714931646954,1290.8837029833699,7.813324466356673,0.40167394331567546
Peren,46.7313285455542,16.767544928658452,23.303528847979486,52.63386232619855,21.492650604737218,10.78984439884689,1116.944645152598,7.854230109373004,0.4678305356115899
Phek,47.444715576546145,17.352338327225933,23.782514939094614,53.94757427996187,22.15837178824683,11.27653546034805,1177.181611858243,7.860706649750278,0.44294055964106155
Tuensang,49.8280957908778,17.67629476539223,24.69122829243203,54.48938816693989,22.113296159528954,11.572663646733325,1219.9304228880296,7.819053600514475,0.42325717595003604
Wokha,49.126563872261144,17.42670720392571,24.37460391046073,50.41216380316302,20.721198504110596,10.622318473544865,1001.758310065461,7.815157725467444,0.49506285674403505
Zunheboto,48.87354640807784,17.556312449781142,24.404967961542035,54.462975257081986,22.424641382328613,11.441736444903203,1180.9637085722763,7.846690201791204,0.4322015362395107
West,49.497994021410925,23.80893805408782,30.012046347890415,58.383944580929935,23.034368732450226,12.56246644641071,2526.68682705333,7.457003253332892,0.35944563882185426
Anugul,47.50200982639287,17.258523515959922,23.81165204317602,56.021919931043634,22.738670558581887,11.95411610646764,1049.3800906594831,7.812017523195223,0.4099024155811407
Balangir,49.01777236613962,18.018155272703083,24.899043096994088,51.58523155943195,20.38176983300192,10.592909121657534,848.5725030325375,7.80683446539824,0.4890347528139579
Baleshwar,47.53437747042948,16.996684963302773,23.748340684537663,55.518605202208974,22.204688879777496,12.043578374876018,1215.7970366584798,7.819479106162096,0.4069697657467738
Bargarh,48.50564828583998,17.65748733506282,24.54400443177379,47.74516070247163,18.983961238393263,9.551453980145828,729.6100602903265,7.782862042616898,0.5525054934788026
Bauda,49.26992403972605,17.993067385042423,24.901979697728713,48.2717702998508,19.07451003422988,9.813937416611275,799.1349496169631,7.781694741817035,0.5447855165234755
Bhadrak,47.52853499589098,17.064789933403535,23.781529526475314,50.70071220609116,20.247804723665656,10.794761375659087,1074.951232672875,7.803473368751242,0.4863025645368505
Cuttack,47.53010016301953,17.168211842189,23.562126586989542,53.2030001184893,20.906917406319863,11.229479159470657,1066.2185982929773,7.792183363148026,0.4562674576707524
Debagarh,46.73858718875126,16.996286731953504,23.167571364344322,59.85421179698239,24.01030906476574,13.053274120094152,1170.0128095522668,7.820137537100521,0.343861618993144
Dhenkanal,46.752300179643875,16.978856923456053,23.138144688183946,60.15580663007625,24.148612284379695,13.111247304018066,1192.9502209518043,7.818636431233645,0.3392608316561424
Gajapati,49.55561984310982,17.745621310316327,24.621503394893686,49.07944060160998,19.47208255307542,10.199279371107203,980.2448108836849,7.812120965660013,0.5221901909378969
Ganjam,49.792716605586406,17.931128975749505,24.87285635229602,47.41547403639651,18.90908445795079,9.638599112055681,914.7067694886522,7.813360374106053,0.5517394444373963
Jagatsinghapur,47.588500624142284,16.937981180866338,23.52979695327653,47.0595428415371,18.783399836684435,9.724313123277586,939.4504173395917,7.812410971963752,0.5496313813667838
Jajapur,47.21231377498541,17.042389550398898,23.403860871611037,51.706569718344085,20.379230428805187,10.97576944996806,1076.8354038425239,7.790672641724641,0.4701922890335719
Jharsuguda,48.08080427574043,17.468851652237877,24.12028453099134,57.55236521007871,23.12983841078282,12.454031848397074,1025.6388089492655,7.832895361805025,0.37894277245527724
Kalahandi,49.546251397273146,17.94587414309894,24.662147713252004,55.463633153834806,21.731190013627767,12.001740535478174,1052.4924429081343,7.810679946703182,0.41454007107758534
Kandhamal,49.73299502049595,18.013953517735697,24.897433258054097,46.95521369413605,18.65272542905247,9.505774337140858,807.4410028608324,7.798139107851925,0.5634036858919609
Kendrapara,47.49839241718025,17.015821781857344,23.50519599965195,50.92506379568179,20.08782011243244,10.635536883383137,1078.2766585638362,7.790875426183023,0.4895096428684792
Kendujhar,47.14441744048463,17.020629142216062,23.37280112147399,51.92078792575996,20.476665069371254,11.02503112371395,1080.021575833716,7.791278522116125,0.46705301823034373
Khordha,48.816081496818796,17.686976559885707,24.515701983623927,46.21555000629075,18.21265733766903,9.491703635531163,799.203600590848,7.807889509264882,0.5679644218649605
Koraput,49.1162004829375,17.56092503519319,24.57495056808618,55.412639708665296,21.956318849442592,12.024527302783369,1099.2477912093757,7.8054013715858765,0.40963948636157577
Malkangiri,48.57377078209609,17.818718154791817,25.020051945931517,53.80453050865459,21.48043296762318,11.599454350468802,1070.8223355332752,7.764628612833363,0.4456073477339219
Mayurbhanj,47.5582139421278,17.054362838142787,23.776143970086707,50.7909329971944,20.299347772607153,10.808920073172962,1085.435808425561,7.802870748421493,0.4849048971478365
Nabarangapur,49.514793933217916,17.915938522744156,24.928523318345498,55.93539006196477,21.870515603097395,12.092892977190646,1073.1717856238047,7.771756207510633,0.4110801272727207
Nayagarh,48.85836803821037,17.705404129237248,24.544735781122313,46.284756305615325,18.239492006289144,9.50242913385439,799.3329214782137,7.806854768638375,0.5669584048053187
Nuapada,49.15296130284692,18.099655423957056,24.862689697705353,51.30719843593121,20.301000350770718,10.51650173735666,866.467542526054,7.805715452205007,0.4968253012328174
Puri,47.77837773232761,17.12319057764938,23.645766414811266,48.68596876171062,19.340154786008473,10.154329700696195,919.6965999520137,7.815374018268976,0.5265597911781573
Rayagada,49.44704698121194,17.777626378867556,24.567679555620966,52.1622316704292,20.689355497851505,11.03755034443899,1017.215909118007,7.814733665893158,0.4696534396626486
Sambalpur,47.923990077400795,17.563812673518417,24.07038068427927,57.11814584901808,22.786794304637304,12.32215767317143,1034.6923953595015,7.813215380086842,0.38960823385502014
Subarnapur,47.89700883715646,17.786774842459163,24.425669591649758,50.00881664798966,19.73044311885753,10.186703152327517,723.0329886762094,7.794401156688176,0.516229389923974
Sundargarh,46.58980776642432,17.022070759410404,23.198994242854926,59.19455235636786,23.722892220691097,12.923214965101144,1134.4855025203533,7.823668962689386,0.35405289865277545
Karaikal,49.36432028590528,17.95852556007177,24.85293369316352,59.1092297832855,22.95794243750747,12.850371313257563,1220.289638938076,7.783660367980599,0.3616292405657685
Mahe,50.40064830700087,20.00191257946352,26.86302524006426,54.72117448878153,22.21919961556103,11.559267971378365,1281.299005541852,7.780608305001432,0.421978277659943
Puducherry,47.93522624535732,17.392341709665118,24.14785942503442,53.24166644320795,20.867140280738795,11.477234964495233,991.6029649968339,7.8260370718602355,0.4493356633746371
Yanam,47.595751925554886,17.36818542241735,23.951234688511295,52.59267549147988,21.13728357870074,11.31245049375203,991.7807985281844,7.8430130308917425,0.4595451183499489
Amritsar,48.09017288996635,17.30592555225121,24.29025808229265,50.67855196559669,20.317172524641823,10.989249131528442,859.980625128751,7.8268328946565076,0.4751361611284635
Barnala,47.726494683574465,16.59900775937978,23.40597635683238,44.21242766749606,17.70503277190197,8.799294101898385,784.8708467545887,7.815497299508491,0.6037544142129774
Bathinda,47.34456913072882,16.42358418284533,23.0708877676275,44.30139947732654,17.759505938178823,8.737298976862752,786.8320353377384,7.819407136400498,0.604406049348109
Faridkot,46.8237394438491,16.554596783980063,23.12705951247075,43.272755180862596,17.448223607660427,8.695286839017983,787.8960931275408,7.851705262597428,0.6136877522186469
Fatehgarhsahib,49.072873176267755,17.23183907306219,24.031366485150475,56.24922369325258,22.96218750196237,11.909084450636467,1038.6499206086307,7.827908751498813,0.4176499981320601
Fazilka,47.18375913693706,16.416925970567725,22.966484853046122,43.918570870114735,17.574386676810036,8.601173955286214,786.3935170057781,7.820417515808017,0.6117454993031531
Firozpur,47.65362232036206,16.85261835206865,23.821223563046953,46.99325824413484,18.921713255073982,9.806721953909939,707.8954297086244,7.832358861612029,0.5468083780928894
Gurdaspur,48.08157824780494,17.29040593798363,24.28027011410569,50.79812434892694,20.370650636443635,11.022246116742355,880.69475586347,7.8272254928132625,0.47315210271320896
Hoshiarpur,47.94566108070992,17.557077558343742,24.69368433795121,48.13332468451385,19.243106267638968,10.262779940292289,849.0961233061686,7.836025416356327,0.5242050428396369
Jalandhar,47.82114050904035,17.29135636241091,24.347119885724315,52.40711219575537,20.9853634575227,11.3786419443063,933.8271649182492,7.8483265330698835,0.4512431106787939
Kapurthala,47.83100669920828,17.2798977906537,24.341394874766447,52.418063474706805,20.987366177193767,11.38999690087693,944.383099093642,7.847179871661494,0.45079952271197105
Ludhiana,48.43079282876202,17.346636020132618,24.456908772659144,51.417493751564166,20.887481071764157,11.054412987086293,837.7017976966607,7.83798533341239,0.4753083757232078
Mansa,48.040642140678756,16.54286447779367,23.658773393925152,45.783355965754716,18.451735244027088,9.25170529948954,788.6514583207114,7.814302670153245,0.5756343642335321
Moga,47.35730831735502,16.770565889335476,23.462218953317727,45.310489403044386,18.218238360220973,9.444096198674606,695.264971193407,7.8424559849922835,0.5753597456021581
Muktsar,47.19224945202036,16.4053860331281,22.95737939223319,43.97650743277184,17.604841107497556,8.620758454722829,786.4885051232992,7.820451545046214,0.6107268082925228
Pathankot,48.268799869809975,17.2370701354428,24.21881919444939,51.94187170900466,20.8543812407008,11.309477470343861,925.5924144742631,7.8206595301220245,0.4536931947073552
Patiala,49.17246057213863,17.24121168015836,23.538685832331275,46.76140401587439,19.13365309416811,9.551711657882223,957.5837673721685,7.814878350562821,0.5781217026288127
Rupnagar,48.53283957892273,17.302532866097184,24.39113708933744,53.673323543449236,21.742816055537226,11.609206556238343,848.9227565194875,7.83566300511703,0.43808461257276404
Sahibzadaajitsinghnagar,49.290109543489955,17.26008179280403,24.098211206340274,52.20842859356872,21.592149188738624,10.972636249432853,1100.3409360535502,7.818593218333385,0.48403863093375576
Sangrur,49.05346750745184,17.119269088321396,24.131653039200824,48.54337808245004,19.540899949286793,9.968846114645359,914.8782327505028,7.810330872855164,0.5405213212915086
Shahidbhagatsinghnagar,48.24829730376226,17.37088069471075,24.4504335048756,51.12130348454867,20.694998350776864,10.989015249538824,813.7817792218577,7.841475662490237,0.47849098652228855
Tarntaran,47.21064456662918,16.97866990393996,23.64778640131625,48.29627068463719,19.256821819372522,10.227301433940648,840.7752373383058,7.8354923058611865,0.5220739853856827
Ajmer,49.325739535831836,18.288212186628016,25.400125907337557,54.58480997422174,21.95478434283923,11.665990825775586,1069.7158100526028,7.789778461493745,0.4181010921804518
Alwar,50.03323978678818,22.576213887598342,29.18459225648907,56.90704558360307,22.94820665508425,12.388965775681964,2135.00630801443,7.496924047624659,0.37727367514427207
Banswara,48.09765947989485,17.59351196017272,23.847397235518187,47.376064892919814,19.042796193223023,9.716848666885458,937.2739283991348,7.819170034362039,0.5480563075853594
Baran,48.65206728181452,17.250722569692808,24.28667046412742,52.818197495443805,20.979982842007345,11.0282350771267,1030.670005221636,7.84709852672835,0.44796644589944923
Barmer,47.049772145756144,16.967461155155068,23.0291976195304,62.30793728473813,25.212630149201836,13.391540506477028,1269.3957745497949,7.842109992739408,0.30920286964060983
Bharatpur,49.98873553379781,22.91421337930496,29.26264522459604,55.10110352156205,22.048862689907143,11.857785041697829,2044.6945897290327,7.488805556497948,0.4158491353006487
Bhilwara,48.833484107196774,17.883293432694845,24.5795605798054,56.19932672128617,22.373345600714973,12.033307001341573,1069.5024442431254,7.813146922676603,0.3934168745216908
Bikaner,46.40612867643849,16.881738650141035,23.31389677739178,54.33324104173641,22.332722218408755,11.341566155779665,1066.524029378907,7.810260073445711,0.4307939678134425
Bundi,48.19090394978386,17.61678693394944,24.41300613596727,52.22585319759547,20.774446919965037,11.038664320485635,942.2891808231033,7.829851625711572,0.45572312832226314
Chittaurgarh,49.01040163029903,18.140674290250804,24.99180184306916,53.531652238824826,21.519916929571774,11.42804578102635,1047.0692003591196,7.768772924854216,0.4371670579802837
Churu,46.34328275560046,16.966097428718747,23.369925069192742,55.1857485069827,22.712679582674028,11.568151361841904,1093.6846756658922,7.808170269616046,0.4160139009649861
Dausa,49.13351585999786,18.112895008215595,25.22627834945658,53.11469876449707,21.522619415053843,11.323897383447424,933.2579062538091,7.797942816286831,0.4491011469831399
Dhaulpur,48.53217333801722,17.797823231115398,24.694478623959256,50.28393195570931,19.94525975499943,10.412543014168667,743.0277698100789,7.809032067548395,0.5083181229737818
Dungarpur,47.98898499612244,17.800221959713316,23.929223432783058,45.534514925791285,18.175651264384612,9.277228766287195,793.567997451674,7.81448852999441,0.5825159614817389
Ganganagar,46.3300186982352,16.563959480247156,22.844350239850314,49.11792785549735,19.89630121596209,9.800440354245005,908.0252837233244,7.808872341120661,0.5273392349549809
Hanumangarh,46.15541491488685,16.411628530317753,22.564362653547015,48.12999276922765,19.470317146234656,9.522262528683843,889.4894146363137,7.814527705207873,0.5446927541185301
Jaipur,49.02273209008559,20.472635006114707,26.842245094660168,58.38459367450337,23.57897567705817,12.665896649697723,1739.1932270465445,7.657758441754136,0.3518839787828873
Jaisalmer,47.1134644957535,16.96342095557883,23.069785549407896,61.86406008145758,24.986497383601083,13.299116513031032,1251.7617839005593,7.842701245346629,0.3160194740418671
Jalor,46.999798700654196,16.986496361131614,22.999092394476165,62.635258068910154,25.419924557379325,13.451764399781805,1273.621516237414,7.8400206984593845,0.3040806009852068
Jhalawar,48.10061291185939,17.299878885945446,24.0223328374843,54.1324649551135,21.398575453034997,11.55342554078891,1077.3567573897512,7.795749677361736,0.41984104676418327
Jhunjhunun,47.290191962538124,17.810131725169814,24.485303490480213,57.48965248905569,23.53788547036599,12.270456961467,1173.5333830794323,7.778417996663691,0.3757617440410244
Jodhpur,47.43360825375004,17.452571956055063,23.62531546608181,57.72791101167052,23.322136385047177,12.286510168316852,1098.5704701581633,7.820667412049385,0.3835624625780948
Karauli,48.76729003915427,17.623753616294547,24.62804489947618,51.402775959069395,20.452943191927993,10.70044031399999,848.2292347299934,7.832608966963243,0.4849709956990716
Kota,48.07988909467819,17.50713558841205,24.288903530284692,52.22170601279175,20.741376946598727,11.03818342288003,938.6925772892837,7.831707815150957,0.45516426996041565
Nagaur,47.62178185281287,18.05661026273047,24.678956875716366,54.37677672422146,22.360719817111832,11.527602626165299,1110.032028650594,7.758822201733324,0.4229046444645057
Pali,48.01260977038813,17.674862539016605,23.98888296905982,58.267364544847915,23.494122951039728,12.41517787833643,1071.1073983733552,7.806545538590864,0.37012565315257545
Pratapgarh,48.79968149839747,17.500389935612215,24.244795540020956,55.9053126280569,22.275617622069642,12.061727932671849,1141.4251672296455,7.789299032634885,0.3922018786920668
Rajsamand,48.146247748757766,17.730131195020583,24.112859610029364,57.66668886901293,23.208829509033034,12.287672197644351,1054.748414094285,7.804252620013784,0.3791034205211574
Sawaimadhopur,48.35763491896762,17.61956889419628,24.61659507316387,51.79619535495348,20.567945366569568,10.83753189671068,861.9442491564758,7.847442542163988,0.4717692036542438
Sikar,48.72180634829256,20.02463826409641,26.568691153035655,60.022425136643896,24.311018225856913,13.043414872192242,1704.8630505487893,7.659164359746321,0.33043749212456
Sirohi,47.150769127110884,17.00881652112499,23.06556755971919,61.58934993077612,24.91649002228911,13.227746110471093,1224.485246341162,7.838635651763681,0.31975769319644776
Tonk,49.65977643316339,18.34606859001632,25.447018851709057,54.48654604979701,21.764536163809236,11.489291995617624,1047.8005876871846,7.8250531181770455,0.42860419501770075
Udaipur,48.0696583200748,17.665876264206222,24.141599169377265,51.25871495366328,20.566702931412657,10.777134347143367,915.3477205840076,7.805094396214229,0.48585849611370985
Eastsikkim,49.215654605709105,17.96900727185811,25.149892008264157,49.4525777070887,19.97067853049091,9.960682381927743,1053.7260974775113,7.762607607290091,0.5137761330361629
Northsikkim,49.49497538687155,17.384471486452487,24.599278277017035,46.792097489550365,18.720010676755,9.4471051153416,933.7542418705732,7.762063110824521,0.5539654762795693
Southsikkim,49.17298002532837,17.6108327353215,24.867832428725823,47.428664857236804,19.21863573640548,9.456291499446424,935.3058391048116,7.753498451538634,0.5518329048347196
Westsikkim,48.62110531536888,17.77639381682276,24.65369064163277,51.45084977268129,20.874884799554636,10.51357021505887,1047.36761535204,7.760332635876241,0.48928254007937066
Ariyalur,49.38881412596338,17.944790806813113,24.86861984504209,58.93613842692805,22.90004108458002,12.806231526534553,1211.4489266386515,7.78342153568283,0.36467875080088874
Chennai,48.0540068673686,17.493736067431886,23.99915062822038,53.18623506394424,20.777638524169127,11.360180175019263,1011.4077995567342,7.8181142480147825,0.45516378999691104
Coimbatore,49.85873253045375,20.061002339492255,26.646837815452344,62.80368900957095,24.832051807633736,13.575610300553572,1582.3534766957487,7.628730333367367,0.30046122336847747
Cuddalore,48.411449141846376,17.670850028074707,24.557375252170637,56.15267627414411,21.871496123243503,12.245689757913196,1090.0739769873348,7.812327131493571,0.40305680102857877
Dharmapuri,49.05042502500142,17.579894132994493,24.751429733623326,56.163127347730224,22.08871100596175,12.216321299675888,1018.15247129852,7.808178238265236,0.40285947902675806
Dindigul,47.334856680365895,19.93786124341776,25.50876037966425,58.3782162102006,22.866866093749554,12.346657222786154,1514.8630509283314,7.620490718024635,0.37521284408407196
Erode,50.426560842081834,17.705402289499876,25.254398774159117,61.22293606547073,24.50921240319085,13.293692932457816,1221.331554358539,7.801292747686101,0.3200134792328835
Kancheepuram,48.40223789228591,17.454542945383142,23.97517586421848,53.510919480893676,20.858308645136407,11.513474994562317,1021.9158898223832,7.834276998060469,0.4471977502908804
Kanniyakumari,50.2451467489641,18.12788632486386,25.213249272825767,41.87527738070649,16.90917930031418,8.528134058241696,1089.47821843771,7.787832893627072,0.6306509895313531
Karur,47.992861848612975,20.416357902048354,26.366435961880367,58.332423822566696,22.749560994628574,12.484899833788074,1518.9897608485096,7.611753288657053,0.37028673333774287
Krishnagiri,48.96540606668771,17.460818372767704,24.858520657020772,55.40687040926037,21.7909704791315,12.066904938852966,989.2872634693755,7.815015395958353,0.4159319591780119
Madurai,47.28179370552875,19.917043334343294,25.65739006326853,53.59240237140084,21.106795262745564,11.191700007105956,1347.131464559044,7.661205637497715,0.4518550428390001
Nagappattinam,49.36271282021072,17.958846799215163,24.855648979702806,59.09501287173032,22.9537506555278,12.844111790394834,1221.5684579103809,7.7828460821253085,0.3619743386314789
Namakkal,48.699532872696864,17.563284213614182,24.742434656418908,55.403212618237426,21.790748037337224,11.893601401193886,1082.7249184021846,7.7736112244089,0.4212030774085145
Perambalur,49.42053054930316,17.9343074710906,24.890176070141816,58.77707292765223,22.850377386118794,12.764135171296632,1204.3943998415307,7.782477919901766,0.36751582394766025
Pudukkottai,47.35706280462553,19.929312319738333,25.500132339916455,58.21442477825953,22.84793086690178,12.297130653072056,1493.5239986858094,7.622070627319058,0.3775020181682448
Ramanathapuram,48.713299230111915,18.06038011956092,24.750126206283312,46.909643640995625,18.605274618212825,9.64838754442113,1091.9736859139794,7.789183068193555,0.5544138549545827
Salem,49.11845656920673,17.623939989099153,24.75852982032484,56.91328382920477,22.416910287971266,12.386209855804793,1047.079807315215,7.803067787335482,0.38983038051218416
Sivaganga,48.603338301507314,18.043442976552534,24.712467377396226,47.34197702708941,18.74047254128818,9.752345350571492,1092.587134516251,7.788478940670578,0.5479022908387623
Thanjavur,47.97312856115153,17.567343808397304,24.132127675250373,54.864716351336014,21.39387355998387,11.511054088984261,1079.0981619168008,7.775962129180474,0.43628706968586706
Thenilgiris,51.532721670172634,20.680550027491684,27.82693219770593,65.12342460270011,26.07534248134553,14.218193709043595,1622.2734644730592,7.655806594149794,0.25679428911730495
Theni,47.55148512639172,19.46407284134516,25.43285406561653,54.111977366709155,21.169863521689365,11.409201236306727,1368.6607523390699,7.6522302516707486,0.44557190151305237
Thiruvallur,48.062927349775094,17.539906212456955,23.98642859213064,53.839385784166254,21.010138115955822,11.537167861246175,1035.9890404118673,7.820561754825794,0.4433763650893372
Thiruvarur,48.64242263883174,17.83235636229604,24.318030880137055,59.47796204255785,23.22440414807226,12.740405565317504,1217.805163230224,7.779255794039432,0.360082092530952
Thoothukkudi,48.96865127752665,18.10179508928352,24.839553822077164,45.97345747784212,18.31489431632556,9.423440015736752,1096.123170283411,7.789831984538573,0.5686325835591282
Tiruchirappalli,49.14444431641827,20.516756208174883,27.009661869277952,59.13586817860198,23.30177834425815,12.762904831834717,1520.7331886154523,7.599428563992351,0.3594454871915233
Tirunelveli,49.25810704576358,18.15619020049841,24.945107489479405,44.821478378583635,17.93343875778269,9.152832920824832,1110.190798779208,7.789869325037713,0.5860243281870923
Tiruppur,49.43808484094232,20.336512631303066,26.76730084858584,62.08890214112206,24.49219131390509,13.414916565426005,1623.5131188931116,7.612527026938668,0.31254437223525006
Tiruvannamalai,48.069067556687855,17.455911526315493,24.18161417439719,54.22598957733352,21.18597947232823,11.729963400950789,1013.0309888416182,7.828325097067757,0.4338574067416577
Vellore,48.162165941350615,17.553791895614673,24.166110353340606,55.59143321840549,21.64114769697505,12.079031178617864,1055.2680533114572,7.8318879185114305,0.41131319079892775
Viluppuram,48.022801573141095,17.400644937483868,24.20314331807224,53.42089124155121,20.930584090155552,11.52925613016277,987.4000821977264,7.8260850524548005,0.44670444739393295
Virudunagar,48.6464107564567,18.044572861792417,24.72687377764138,47.41374311691444,18.80140519755281,9.760802018886057,1086.727174355989,7.788387890986106,0.5471475084984214
Adilabad,47.914178376386985,17.515181794781775,23.957284789099777,46.525409140752615,18.972253622282004,9.810916635083911,790.6231431549088,7.812177951453335,0.5570135887684352
Hyderabad,50.036906697801506,17.74354267761434,24.740390523034325,52.14002906859364,21.263081664384234,11.219453194484077,971.0922443927017,7.785678700629695,0.4588894761153499
Karimnagar,48.62563715279015,17.72568902821302,24.30240292089818,47.55598476720833,19.241246150940388,10.08551349723543,903.0301270381418,7.790892688043064,0.5381686146624626
Khammam,47.250529355645824,17.52003473525812,24.445626268930674,45.21258426070766,18.344471695535045,9.445713629881896,796.0524715041125,7.795576190550235,0.591239049432821
Mahbubnagar,49.90191033257454,17.572919466022572,24.463632597603237,51.94224984684212,20.609144217750334,11.094788302404359,897.9773958609732,7.787533693939703,0.45539088357480717
Medak,50.21743587306017,18.156333239433824,25.349627810591873,53.45438385859643,21.845520596927553,11.554887136934054,994.4963335953702,7.7732539715056,0.4388941224720568
Nalgonda,47.718062641921215,17.079373773887202,23.694199903154285,52.20404846091774,21.037530687828905,11.076279982648922,899.9722976774261,7.818711245156882,0.46943276360414987
Nizamabad,48.98829651670363,17.643073485089186,24.284052539619793,48.40054519813616,19.611211183536955,10.178348064021622,940.6443385347886,7.793583010473641,0.5230910791919481
Rangareddy,50.80038888497163,17.99982402023345,25.11736267080798,51.605977698441215,20.812317562551094,11.055452537760484,972.2649699121887,7.775515213802118,0.46201434297836363
Warangal,47.33679114025809,17.47431299654779,24.44757926622651,44.95469153786777,18.233061552670705,9.377770469926812,794.4544303799629,7.79621354972691,0.5939256291437024
Dhalai,48.49317228101232,17.724835091581784,24.337937031796336,52.32092380502607,21.30977201894274,10.724027388803654,1014.1814025968526,7.75558771240172,0.45884653050829416
Gomati,48.17922273747666,17.48798857008672,24.02325748523584,50.870382720386445,20.456173185340862,10.489952534137943,996.9932217317225,7.791959930919518,0.4816178113609541
Khowai,48.36490337779492,17.679271890841907,24.194896301552344,51.00595255824885,20.813836894418234,10.38443373271718,975.1096064265342,7.762481016768499,0.48141095540932033
Northtripura,48.40663566545389,17.684379918047657,24.196998336606036,50.79131327064172,20.720938475729785,10.313727088149768,972.2113424317005,7.76313508038581,0.48568742546345933
Sipahijala,48.130518475725474,17.46889981755634,23.956154936842772,50.39608083596667,20.27516781258016,10.363496530562697,982.0877981009106,7.794607010369314,0.48961210615771
Southtripura,48.735552041154996,17.467305594443392,24.22830542836805,51.42464524577771,20.45071276933871,10.701697201822354,984.2899142942806,7.7935924749550844,0.4701396621544571
Unokoti,48.2316093123631,17.654879240980712,24.06855070549476,49.91802246486845,20.410129736021283,10.08611826320102,944.1276788987002,7.770271949376724,0.5010223665583913
Westtripura,48.35702436519458,17.668953188969066,24.177608779234497,50.81192959181995,20.738312384344354,10.339234422436514,969.0523591247995,7.762805112951965,0.48446837693169453
Agra,48.079064006332715,17.172275150430934,24.027624535987204,50.34627849032113,20.166021658711422,10.519644595733645,734.1517993914007,7.807203212199748,0.507108555087097
Aligarh,49.19722312675414,23.10228638790999,29.332352091124463,55.83272325786703,22.393767977764735,12.05941290740265,2205.595766482094,7.471343406788813,0.4035288970194087
Allahabad,50.359299829503684,17.986499342857154,25.166203869360796,54.44867589782682,22.135527804817063,11.45896531081998,1033.9480648913272,7.780791000911093,0.41619880177495305
Ambedkarnagar,45.429768609710116,16.593365039411296,22.436187390840374,44.88641945114803,18.00374427675487,9.308622256703392,940.0229352949555,7.867543175643383,0.5785441210123341
Amethi,48.9434565244514,17.747530021508368,24.313687506513084,49.60934265010395,20.061342598126622,10.477753212170803,922.2998123598868,7.802772891652502,0.49579526768063864
Amroha,48.284853640939474,22.407354231569688,28.730988422197704,59.29107349981268,23.674044271010274,12.870447087106541,2297.9324777424195,7.508323811139347,0.34383770850315604
Auraiya,48.45089542992268,17.113143892504855,24.027088028730383,47.94046512319098,19.13514305193753,9.956023087146507,747.879845301249,7.80710408928068,0.5409013664815122
Azamgarh,46.24343735281534,16.73300421354525,22.77654874226749,49.26382992935833,19.60471763605087,10.37416338270867,952.7276954569943,7.8469738117738075,0.5059597452382827
Baghpat,47.45548943697135,16.96544589527623,23.981223358550707,52.2037896355972,20.819482210560075,10.94582463738821,1004.8371473674912,7.821188384289862,0.4735545059595951
Bahraich,46.57556233865475,16.859630365509194,23.137901206480247,42.28609689492332,17.098930243298206,8.569959096768347,815.8101381245591,7.85663804929957,0.6259369224236883
Ballia,48.262867468203424,17.4399718174268,23.7508952941381,44.49717219045797,17.84124258709905,9.323609776218321,799.4544543905353,7.822752209161904,0.5879890278981579
Balrampur,43.51020408163265,16.314285714285713,21.632653061224488,32.957142857142856,13.185714285714287,6.236734693877551,831.0,7.953061224489796,0.782795918367347
Banda,49.81563381100114,18.137324591457386,25.00357968668632,51.10993833875943,20.479813951717965,10.759543413939776,924.0634826190546,7.766750007670422,0.4728741859218544
Barabanki,47.67783013002098,17.30231996912889,23.572029428868614,45.20132488275829,18.33678532220074,9.370790645892708,806.3568299996224,7.841451413270527,0.5747573593182309
Bareilly,49.25594457352627,22.285216828148197,28.51725409495702,58.56182021556774,23.59404339767773,12.679272050188557,2268.2251854201513,7.501568319243728,0.3573767877391249
Basti,45.14449500729943,16.56189423548852,22.33340012907028,42.85431007182277,17.184865164702266,8.779764635917868,916.171899538455,7.880258443966761,0.6135876443777293
Bijnor,48.04800586366074,19.378567556004988,26.07618631144781,50.264689017853954,20.137352469307856,10.507856025956356,1495.087388149051,7.675631160847046,0.5067487643095627
Budaun,49.52942597804021,22.694016354058537,28.874128739133322,56.255898618118955,22.648819403495875,12.101161080193481,2116.6072258413255,7.505041900615183,0.4010841153947584
Bulandshahr,48.84320239071345,23.099425192801032,29.33668824608066,59.3973385492188,23.847918974052362,12.881630566053962,2381.707679789829,7.471097942855996,0.3445807869544057
Chandauli,47.064143896481156,18.32445639293121,24.55270694552684,56.76246025599044,22.4824347042526,12.10395307187644,1312.9235353046968,7.743589441384596,0.3889702126795844
Chitrakoot,50.42604518799507,18.27162327222256,25.156612052127088,52.035136604307624,20.97992995172388,11.033174222762183,903.9007593348408,7.76831492803036,0.4561762358108285
Deoria,47.76224413851785,17.38458975480937,23.754528292965286,44.7967174397897,17.965663261998024,9.235745032728094,804.7650223804956,7.815664339201026,0.5890591251288742
Etah,48.01936596794096,19.4479990418494,25.941916765967974,52.757984893911804,21.305357696819048,11.162916543531614,1297.6670328747139,7.655610277385504,0.4644955870079908
Etawah,48.41943669824441,17.014764105980987,23.885496135029005,48.17929050103609,19.266767942156108,9.986773320076644,745.9470469988067,7.809532946268164,0.5394812529651347
Faizabad,45.81904534032193,16.862190116449877,22.841499703576112,44.74628849712645,18.172556940694438,9.16532640841298,925.3740356057026,7.860336119385289,0.5810863127813792
Farrukhabad,48.402399206384935,17.178630290804538,24.099552707258034,48.229304872544404,19.21620349539503,10.014349675989969,741.295361497961,7.80458950150186,0.5368167627676176
Fatehpur,49.86623378372595,18.13678720144523,25.02661068144631,51.16814353961788,20.539118340775786,10.797120451224016,914.5009911961793,7.765807150070305,0.4705811112621224
Firozabad,47.94427874143803,16.985791261098562,23.800622546155328,50.03197859455913,20.089916636961934,10.457273780160747,735.4647709065507,7.812874196118726,0.511854282454863
Gautambuddhanagar,49.13796436951197,24.45869860338776,30.487479222920232,56.63474069865987,22.72477403346948,12.22719570580271,2501.7155943407406,7.39448218213498,0.3898028171512708
Ghaziabad,48.493943252900095,22.728953544052416,29.038941245140407,59.796521626306095,23.8346147820651,12.983917961376163,2392.1238937468315,7.489653443658066,0.33449456032126806
Ghazipur,47.22885390842696,16.974145651534513,23.073694225139903,48.67804872085777,19.426242995957505,10.292783318326258,959.1717015210913,7.858979256470062,0.5133988248929536
Gonda,45.85143442295566,16.894417520099655,22.885069603051956,39.78429536486237,16.076468698655884,7.99794108214542,818.6198816279909,7.876857107749296,0.6632757843212184
Gorakhpur,46.623298682619094,17.035793880838156,23.09229814930079,43.362339070916434,17.296947467127712,8.981157854982126,809.0884950682972,7.834443473720696,0.6091870848557618
Hamirpur,50.142857142857146,17.751020408163264,25.151020408163266,46.851020408163265,18.710204081632654,10.051020408163266,806.0816326530612,7.775510204081633,0.5352040816326531
Hapur,48.38584020295121,22.780688742343827,29.047460013627582,59.39866564205705,23.732549919914,12.89802305637546,2370.690303467683,7.486810966917112,0.3418041784863617
Hardoi,47.16666697624953,16.706209566304388,23.297701735045425,44.293986172902784,17.6538301655672,9.093423025701886,748.7064751099323,7.838166859717224,0.5966553178629169
Hathras,49.40698517583547,22.494502041951385,28.704483312497622,56.24710290933132,22.676354596030706,12.103579144825284,2056.9478373099773,7.516428506477797,0.4016300522396332
Jalaun,47.96983751929989,16.74638012980076,23.664684561220586,49.00437691560275,19.64023034781413,10.26386905475294,844.9016976375015,7.811723433383099,0.5199157474745608
Jaunpur,48.18673233084022,17.189666846297843,23.97570647287536,50.771401141698405,20.344788177353678,10.658232902908853,960.4853951435838,7.835204491370769,0.4754983794541039
Jhansi,47.32676983007086,16.60414875745167,23.47085982283634,50.70097220831794,20.33985278114626,10.62144939352762,928.2613984539972,7.817674529409268,0.4948271404656941
Kannauj,48.44778124114128,17.168669655208895,24.098645611909898,48.045099036650036,19.152936293401567,9.983828866574022,745.1419519861613,7.804993674006938,0.5388575825515578
Kanpurdehat,48.46221633979524,17.05692892849889,23.988483283349364,49.286130129582574,19.65723636614817,10.314644071336085,849.327023643898,7.790975110165221,0.5107680686383719
Kanpurnagar,48.83139018478148,17.13966894723746,24.13360027859443,51.676615176635046,20.809722309383798,10.901052634225383,1006.9129102973315,7.7899998688636245,0.4718437735039892
Kasganj,49.5114033124861,22.354745033037496,28.578896423954454,55.929765584871994,22.532653896471643,12.010813885194205,2032.3133018522738,7.523866092310523,0.4073770930445732
Kaushambi,50.97621500131473,18.244148470302157,25.51102624674345,52.60725947324289,21.35429105530158,11.107814619746694,920.8263539901735,7.77100137331403,0.44490393139293294
Kushinagar,47.08703652823863,17.07707608301451,23.54771683507569,44.35570761079861,17.85608607507244,9.120225332603905,803.7422051673674,7.809262848881696,0.5964206582134384
Lakhimpurkheri,47.01878167888885,16.76702022002532,23.190164682861667,43.97764656874847,17.7951056695015,9.062375033127319,807.4241200953098,7.861787896539923,0.6027980532365913
Lalitpur,49.68983681316388,17.48945748455333,24.769140504738154,60.58232478157322,24.606095004966573,12.803485979603344,1373.7257834830664,7.7889092084339335,0.33048935618989317
Lucknow,47.99405654261745,17.20285145278493,23.806535590291798,44.646396690578385,18.076818355427992,9.24485341011431,808.1533260044706,7.834667132882794,0.5828342013312523
Maharajganj,46.379968301195255,16.995954287502652,23.01231133225066,42.62215002605461,17.00276161428833,8.761794114228291,811.257996697041,7.841741451030144,0.6227861367868814
Mahoba,48.927858895491234,17.413926693742635,24.496136717855435,52.10369831678019,20.810864760694425,10.950398982386597,1096.0966459391354,7.774791130105596,0.46182704442445566
Mainpuri,48.39213927290043,17.129541466385245,24.028525651503614,48.33474878151562,19.27853902957039,10.02638087028694,740.9892300256655,7.805971546569538,0.5363328052007652
Mathura,49.58954324984589,23.01544642641152,29.263520886030225,55.62538255589518,22.356344193468374,12.018762366812599,2114.932553706817,7.477610120099888,0.40657269554704056
Mau,47.13297433351805,17.044545433228695,23.267964365708128,47.12738982916604,18.983617749204065,9.84651228277767,928.254485496662,7.841258617751161,0.5423092044561978
Meerut,48.981165455968956,22.10410010371417,28.482490136929002,56.24097433304887,22.382674440404653,12.012398702036881,2218.5853679725715,7.521481954328392,0.39836323593592343
Mirzapur,49.66250437034953,17.505438870669952,24.82300163641542,52.524491226552065,21.109556768145143,10.849123543207293,1086.6770627228714,7.810584709425721,0.45261344737178344
Moradabad,48.272946261991315,22.336890986096137,28.670606706948586,59.27040570421252,23.66172755455075,12.866707810765488,2284.3036143853246,7.512609079757917,0.3442042271812914
Muzaffarnagar,47.75762981586916,16.7408402717738,23.66492027937239,49.85905971974822,19.99690690698603,10.305703169299429,941.8110699614342,7.827742653905462,0.521022708073467
Pilibhit,48.1934707364392,22.005050092517088,27.82908262226642,51.93654727322805,20.915761923557188,11.058976285302334,2085.729925659127,7.551842284648561,0.4687521979886612
Pratapgarh,49.86626028380279,17.95125087210853,24.936041366453075,49.45267274825385,20.051722519661,10.233281880947963,933.0263664808549,7.806138736342054,0.501425631774143
Raebareli,48.675836399485895,17.8308365600356,24.351426472674284,50.683527988985055,20.495553359243043,10.708550403864251,917.2988988229549,7.790800168979083,0.47761836185822476
Rampur,48.286003200186435,22.356710255575646,28.685575243081356,59.271919985466425,23.66469869183598,12.869298741328395,2287.622843548307,7.511627261664302,0.3441522391870597
Saharanpur,48.70093619295689,17.324568136435598,23.82821356485516,43.91103336199711,17.7066544758549,8.855995452270973,948.351859613909,7.8266343250440915,0.6246232903530907
Sambhal,48.35462450936648,22.66893351630811,28.933362163726496,59.2425993943297,23.695816801843407,12.871546103304752,2337.002675843223,7.493446154261631,0.3446396292702596
Santkabirnagar,46.31970866580123,16.96191254488401,22.933228265379967,42.26710227347218,16.856168805601786,8.705894808148658,811.0836114138572,7.847016497708519,0.6271949167262231
Santravidasnagar,49.58904401351373,17.510521811780155,24.74550949998792,53.22132634289685,21.41668732118657,11.065127538640159,1084.1335632494577,7.805736123580914,0.4394221991490538
Shahjahanpur,47.66440540330628,19.385398459304767,25.630617809320857,48.47385511388401,19.738066606527088,10.198289879815016,1382.4199323898392,7.684132208794848,0.527708809299484
Shamli,47.702727367867624,16.738994650824957,23.64043287272622,49.47921154201989,19.85821824491373,10.216846579452122,925.182525495317,7.827190805744664,0.5274576811817139
Shravasti,45.68751071198373,16.851531138546953,22.798790585522504,39.272620246350044,15.854460493269254,7.866232698023097,819.5842721249079,7.882265500055333,0.6723248767131561
Siddharthnagar,45.557435140231334,16.791475284076174,22.586765741607007,39.72662271429612,15.852738848190967,8.027787496102361,816.6033458414566,7.875512134891094,0.6700081110954706
Sitapur,47.591602492440195,17.0968191580499,23.581262821590148,43.6791265179438,17.67363857625768,8.981345679473737,809.8437345023262,7.846121639341018,0.6005512958066249
Sonbhadra,48.2003677929607,17.28450772274488,24.628723072686004,44.37637890788907,17.535484191597263,8.783789729579066,943.9946329717914,7.838838325482226,0.5998263110175067
Sultanpur,46.130415064679575,16.82817278062087,22.966612682876548,48.26578881792471,19.475618271168972,10.134591257478066,945.7127757518135,7.840136922098694,0.5185071152576874
Unnao,48.16289918133432,17.187682648500545,23.86936760077605,47.06567726116186,18.872286101834284,9.74227102980088,923.2392667174327,7.815819676369441,0.5471458215772189
Varanasi,47.75493911461623,17.056001738783394,23.728891810965635,51.31726574799129,20.51269580998986,10.7665390442208,1000.9498806909738,7.841631334872153,0.4686714239111928
Almora,48.729624194732786,18.01637038178688,25.117881752687254,40.35753664571645,15.838196706893243,8.170579439920933,811.631732289799,7.813308465951725,0.6645736400145557
Bageshwar,48.846277959997614,18.26403239226208,25.27152069455836,36.596082442807564,14.460579362922536,7.188394665394078,802.4975915053219,7.817339054190596,0.7346687015310625
Chamoli,49.132994868395556,18.42067661683404,25.58995180590831,39.58031695681174,15.556342301050561,7.898448709760862,804.4735653913384,7.802728835352066,0.6788802952476701
Chamoli,49.17435064486602,18.449900074248497,25.63367521957088,39.44792327792336,15.502928196293112,7.855666098395422,803.9853618598472,7.803448792144529,0.6819913201341274
Champawat,48.01167806604319,20.176009918676417,26.615995535182794,44.476274317880666,17.939039162596927,9.24335372223011,1397.7664377935337,7.661912675495945,0.597906757526563
Dehradun,48.774067248502426,17.469700817120547,24.328455717542415,44.64316445933462,17.89783274373573,9.275273875747086,948.4891384350555,7.813076235233562,0.5946352381749456
Garhwal,49.202641867791925,17.75360572183036,24.37762320677002,40.270473873312845,16.175743377109747,8.064413584617366,955.7830709798054,7.816885586679894,0.6781632442329342
Hardwar,48.704602776241735,17.350744926679294,23.800362718449882,43.69821172053995,17.656260006655327,8.808144293878362,951.6464255697824,7.822212260847467,0.626814932274257
Nainital,47.34762281022139,19.95261856757237,26.60515554069426,48.116158448261295,19.23992029213048,10.075539923880653,1411.162339214586,7.682034505317647,0.5428861107898976
Pithoragarh,49.09906083441396,18.395711909962678,25.553909039187996,39.7110098568153,15.608192157996253,7.939171634537715,804.9224304203159,7.802114268273755,0.675924135056223
Pithoragarh,49.16033064979717,18.439491546603,25.61876812078946,39.50402877101144,15.525117169083538,7.873028131024218,804.1754282335527,7.803192604045501,0.6807313943346319
Rudraprayag,49.13120395039154,18.418426074133126,25.587892481055952,39.60809334034782,15.566671209416096,7.905915548945138,804.542947789835,7.802673860070337,0.678342415570862
Tehrigarhwal,48.71684930384776,18.01254442878363,25.10657875061114,40.447597016723755,15.875288306752601,8.197056126951189,811.706977916888,7.812146377730745,0.6623683925252855
Udhamsinghnagar,47.168181227618255,19.586772102582135,26.269130153910375,54.18699007084619,21.761041407981086,11.570521097425763,1580.3614996083122,7.665580346702097,0.4368951149323566
Uttarkashi,49.162779653049036,18.42274494675669,25.618245793513,39.90967706746001,15.672316245430151,7.975805725654262,805.0514267330379,7.802788840776956,0.673353130561219
Uttarkashi,49.35148372896478,18.590944021543113,25.823622663613776,38.52559486413415,15.144957416186369,7.581939155523451,801.1168208379432,7.806916018163138,0.7018139502678451
Alipurduar,50.41278358720508,17.806806765109975,25.32959601111168,55.67716776923101,22.193815891692548,11.959633508576875,1192.141985311664,7.749820259710578,0.3918815468911491
Bankura,47.919351264477186,17.746889650565556,24.24923602035223,56.92035341290954,22.736897709112775,12.224493910150699,1190.4408398708867,7.858119042043044,0.39442645120911873
Barddhaman,47.408734550251644,17.478256819437124,23.745720848323785,53.95784110063323,21.62705434904319,11.470540500624804,1034.7896087999313,7.849504054542457,0.43885489447493425
Birbhum,47.5441605321758,17.58812115939557,23.89563562315101,52.40172130258117,21.026850067712807,11.151893685536491,999.6591989650842,7.832012937559975,0.4621626575401283
Dakshindinajpur,49.00789676636235,18.09986944452564,25.043230788459688,50.92923786723112,20.552106888994278,10.588051644602466,1094.6665767907657,7.763389050870453,0.4898144038587776
Darjiling,48.63295386230181,17.85593114950067,24.696781369022997,50.73852705968636,20.642219567577097,10.358999443521316,1042.180567073656,7.758526274993414,0.5003739146691416
Haora,47.44914928829877,17.466123702011338,23.742826853523074,54.54103576281757,21.872590394180303,11.634388985121673,1058.4883392971635,7.849490080184347,0.4287307449940451
Hugli,47.43236461718235,17.462745907720524,23.736536561072292,54.34675863796275,21.79516910593787,11.583606887085182,1050.5186352610365,7.849343502557205,0.43191702847364966
Jalpaiguri,49.165497315207915,18.01102456384877,25.128359561478863,49.29719149164547,19.938242236265367,9.955957067284066,1054.7917719038637,7.760785820579065,0.5156813492444023
Kochbihar,50.27738508726177,17.8828985335634,25.243958249091605,56.93692149780469,22.680450633492008,12.293821759951278,1230.733063879459,7.750399742762441,0.37036271057818454
Kolkata,47.429635238196155,17.452043175132513,23.725494259496667,54.425674410530384,21.835216112147066,11.6088157297693,1053.992598865397,7.849326820190162,0.43038619690477714
Maldah,49.76206092368085,18.112102827656525,25.305680901421056,52.73238423949789,20.935790355992,11.166886298780957,1160.6519267549263,7.762765042748824,0.4562077482793223
Murshidabad,48.85782284195312,17.759322142603278,24.520849759326474,48.075076116540394,19.019507146977165,10.13724665793851,919.0941192404446,7.798880323398392,0.5283700084821009
Nadia,48.86912112435584,17.862424763644917,24.607898196786287,48.2299644350394,19.026928481580107,10.12482108242232,921.2211597504911,7.801028687040972,0.5284677944481513
North24Parganas,47.41406552388503,17.437485199786988,23.708363232950145,54.366727601565685,21.82129271235045,11.59852535314858,1051.784241792919,7.849177697593891,0.43108776200948035
Pashchimmedinipur,47.7205899387681,17.562117190799405,24.138013303316512,56.388823445602036,22.53501234255673,12.089937196193848,1214.4514655393182,7.844153577712367,0.40278770908412254
Purbamedinipur,47.832477060023,17.689723673421184,24.182907920152424,56.86367678885079,22.778139132690153,12.223102837281877,1198.1324023667974,7.860433058116385,0.39484765537358807
Puruliya,48.98553802850599,17.829170354002052,24.80593006018993,53.70749599943575,21.15697822051289,11.620933944766124,1150.2699804039455,7.824313186213064,0.43722226722018376
South24Parganas,47.438754395104006,17.45268989485103,23.7273803819664,54.560465615438495,21.89057103404079,11.644162799573271,1059.6329501468647,7.8494594397006265,0.42816378530291344
Uttardinajpur,49.086913918797165,18.201315565814898,25.169827284615025,50.5858160625516,20.507734116653598,10.261691699051028,1106.8864974051762,7.762478981290402,0.5037541420988914
